registration,association_name,address,type,registration_status,enforcement_status,reg_date
CR23002002,"4250 BISCAYNE BOULEVARD CONDOMINIUM ASSOCIATION, INC.",4250 BISCAYNE BOULEVARD MIAMI FLORIDA 33137,Condominium,Issued,No,01-31-2027
CR23002004,"IMPERIAL AT BRICKELL CONDOMINIUM ASSOCIATION, INC.",1627 BRICKELL AVENUE MIAMI FL 33129-1223,Condominium,Issued,No,01-31-2027
CR23002006,"GALLERY ART CONDOMINIUM ASSOCIATION, INC.",333 NE 24 ST MIAMI FL 33137,Condominium,Issued,No,01-31-2027
CR23002007,"ONE THOUSAND VENETIAN WAY CONDOMINIUM, INC",1000 VENETIAN WAY MIAMI BEACH FL 33139,Condominium,Issued,No,01-31-2027
CR23002008,"L'EXCELLENCE CONDOMINIUM ASSOCIATION, INC.",5757 COLLINS AVENUE MIAMI BEACH FL 33140,Condominium,Issued,No,01-31-2027
CR23002009,"THE TOWER RESIDENCES CONDOMINIUM ASSOCIATION OF COCONUT GROVE, INC.",3400 SW 27TH AVE MIAMI FL 33133,Condominium,Issued,No,01-31-2027
CR23002011,"THE EXECUTIVE RESIDENCES CONDOMINIUM ASSOCIATION OF COCONUT GROVE, INC.",3350 SW 27 AVE MIAMI FL 33133,Condominium,Issued,No,01-31-2027
CR23002012,"KILLIAN PLACE HOMEOWNERS ASSOCIATION, INC.",9716 SW 110 STREET MIAMI FL 33176,Homeowner,Issued,No,01-31-2027
CR23002013,LAMIL TOWNHOUSE ASSOCIATION INC.,10601 SW 71 LANE MIAMI FL 33173,Homeowner,Issued,No,01-31-2027
CR23002016,"WATERWAYS MARINA CONDOMINIUM ASSOCIATION, INC.",3601 NE 207 ST AVENTURA FLORIDA 33180,Condominium,Issued,No,01-31-2027
CR23002019,"CORAL GATE WEST CONDOMINIUM ASSOCIATION, INC.",6970 - 7010 NW 186 STREET MIAMI FL 33015,Condominium,Issued,No,01-31-2027
CR23002020,"PARAISO BAY CONDOMINIUM ASSOCIATION, INC",650 NE 32ND ST MIAMI FL 33137,Condominium,Issued,No,01-31-2027
CR23002021,"COSTA BRAVA CONDOMINIUM OF BELLE ISLE, INC.",11 ISLAND AVENUE MIAMI BEACH FLORIDA 33139,Condominium,Issued,No,01-31-2027
CR23002022,"ICONBAY CONDOMINIUM ASSOCIATION, INC.",460 NE 28TH STREET 2ND FLOOR MIAMI FL 33137,Condominium,Issued,No,01-31-2027
CR23002024,"MYSTIC POINTE CONDOMINIUM NO. TWO ASSOCIATION, INC.",19195 MYSTIC POINTE DRIVE AVENTURA FL 33180-4502,Condominium,Issued,No,01-31-2027
CR23002025,"CRYSTAL HOUSE, INC.",5055 COLLINS AVE MIAMI BEACH FL 33140,Condominium,Issued,No,01-31-2027
CR23002026,"PARKVIEW POINT CONDOMINIUM ASSOCIATION, INC.",7441 WAYNE AVENUE MIAMI BEACH FL 33141,Condominium,Expired,Yes,01-31-2026
CR23002027,"VENETIAN PALMS CONDOMINIUM ASSOCIATION, INC",7941 SW 104TH ST MIAMI FL 33156,Condominium,Issued,No,01-31-2027
CR23002028,8701 COLLINS AVENUE CONDOMINIUM ASSOCIATION INC.,8701 COLLINS AVENUE MIAMI BEACH FL 33154,Condominium,Issued,No,01-31-2027
CR23002029,"50 BISCAYNE CONDOMINIUM ASSOCIATION, INC.",50 BISCAYNE BLVD. #301 MIRAMAR FLORIDA 33025,Condominium,Issued,No,01-31-2027
CR23002030,"MONACO YACHT CLUB & RESIDENCES CONDOMINIUM ASSOCIATION, INC.",6800 INDIAN CREEK DR MIAMI FL 33141,Condominium,Issued,No,01-31-2027
CR23002048,REACH CONDOMINIUM ASSOCIATION INC.,68 SE 6TH ST. MIAMI FLORIDA 33131,Condominium,Issued,No,01-31-2027
CR23002051,"SILVER PALMS BY LENNAR COMMUNITY ASSOCIATION, INC.",23770 SW 115 AVE HOMESTEAD FL - FLORIDA 33032-4508,Homeowner,Issued,No,01-31-2027
CR23002054,1800 CLUB CONDOMINIUM ASSOCIATION INC.,1800 N BAYSHORE DRIVE MIAMI FL 33132,Condominium,Issued,No,01-31-2027
CR23002056,"MONAD TERRACE CONDOMINIUM ASSOCIATION, INC.",1300 MONAD TERRACE MIAMI BEACH FLORIDA 33139,Condominium,Issued,No,01-31-2027
CR23002057,"THE CUTLER CAY HOMEOWNERS ASSOCIATION, INC.",7755 SW 192 STREET MIAMI FL 33157,Homeowner,Issued,No,01-31-2027
CR23002058,"GROVENOR HOUSE CONDOMINIUM ASSOCIATION, INC.",2627 SOUTH BAYSHORE DRIVE MIAMI FL 33133,Condominium,Issued,No,01-31-2027
CR23002059,"MARINA TOWER OF TURNBERRY ISLE CONDOMINIUM ASSOCIATION, INC.",19500 TURNBERRY WAY AVENTURA FL 33180,Condominium,Issued,No,01-31-2027
CR23002060,"PLAZA DEL PRADO CONDOMINIUM ASSOCIATION, INC",18071 BISCAYNE BLVD AVENTURA FL 33160,Condominium,Issued,No,01-31-2027
CR23002061,"AQUASOL CONDOMINIUM ASSOCIATION, INC.",6770 INDIAN CREEK DRIVE MIAMI BEACH FL 33141,Condominium,Issued,No,01-31-2027
CR23002064,THE HAMPTONS WEST CONDOMINIUM ASSOCIATION,20281 E COUNTRY CLUB DR AVENTURA FL 33180,Condominium,Abandoned,No,01-31-2024
CR23002067,"EXECUTIVE CONDOMINIUM ASSOCIATION, INC.",4925 COLLINS AVE MIAMI BEACH FL 33140,Condominium,Issued,No,01-31-2027
CR23002068,"CEDAR POINTE BY LENNAR HOMEOWNERS ASSOCIATION, INC.",28805 SW 163 CT MIAMI FLORIDA 33033,Homeowner,Issued,No,01-31-2027
CR23002069,"801 SMA MASTER ASSOCIATION, INC.",801 SOUTH MIAMI AVE. MIAMI FLORIDA 33131,Master Association,Issued,No,01-31-2027
CR23002070,"VALENCIA SOUTH MIAMI CONDOMINIUM ASSOCIATION, INC.",6001 SW 70 STREET PLANTATION FLORIDA 33143,Condominium,Expired,No,01-31-2026
CR23002071,"LA TOUR CONDOMINIUM ASSOCIATION, INC.",4201 COLLINS AVE MIAMI BEACH FL 33140,Condominium,Issued,No,01-31-2027
CR23002072,"BILTMORE II CONDOMINIUM ASSOCIATION, INC.",600 BILTMORE WAY CORAL GABLES FL 33134,Condominium,Issued,No,01-31-2027
CR23002073,"801 SMA RESIDENCES CONDOMINIUM ASSOCIATION, INC.",801 SOUTH MIAMI AVE MIAMI FL 33130,Condominium,Issued,No,01-31-2027
CR23002074,"CENTRIS HOMEOWNERS ASSOCIATION, INC.",8251 SW 120 ST MIAMI FLORIDA 33126,Homeowner,Issued,No,01-31-2027
CR23002075,"THE CRICKET CLUB CONDOMINIUM, INC.",1800 NE 114TH ST MIAMI FLORIDA (FL) 33181,Condominium,Issued,No,01-31-2027
CR23002076,"HARMONY PARC HOMEOWNERS ASSOCIATION, INC.",14800 SW 264TH ST MIAMI FLORIDA 33126,Homeowner,Issued,No,01-31-2027
CR23002077,719 APARTMENT ASSOCIATION INC.,719 EUCLID AVENUE MIAMI BEACH FL 33139,Condominium,Issued,No,01-31-2027
CR23002078,"MEDITERRANEAN VILLAGE CONDOMINIUM NO. ONE ASSOCIATION, INC.",3700 ISLAND BLVD AVENTURA FL 33160,Condominium,Issued,No,01-31-2027
CR23002084,"THE CARIBBEAN CONDOMINIUM ASSOCIATION, INC.",3737 COLLINS AVE MIAMI BEACH FL 33140,Condominium,Issued,No,01-31-2027
CR23002087,"THE STERLING CONDOMINIUM ASSOCIATION, INC.",6767 COLLINS AVENUE MIAMI BEACH FL 33141,Condominium,Issued,No,01-31-2027
CR23002092,"PELORO CONDOMINIUM ASSOCIATION, INC.",6620 INDIAN CREEK DRIVE MIAMI BEACH FL 33141,Condominium,Issued,No,01-31-2027
CR23002095,GARDENS BY THE HAMMOCKS HOMEOWNERS ASSOCIATION INC,15080 SW 116TH TERRACE MIAMI FL 33196,Homeowner,Issued,No,01-31-2027
CR23002096,"1800 CLUB MASTER ASSOCIATION, INC.",1800 N BAYSHORE DRIVE MIAMI FL 33132,Master Association,Issued,No,01-31-2027
CR23002110,"1600 SOUTH BAYSHORE LANE, INC.",1600 S BAYSHORE LN MIAMI FL 33133,Condominium,Issued,No,01-31-2027
CR23002113,"2901 COLLINS CONDOMINIUM ASSOCIATION, INC.",2901 COLLINS AVENUE MIAMI FL 33140,Condominium,Issued,No,01-31-2027
CR23002114,"KEYSTONE VILLAS CONDOMINIUM ASSOCIATION, INC.",3590 CORAL WAY MIAMI FL 33145,Condominium,Issued,No,01-31-2027
CR23002115,"THE CARRIAGE CLUB NORTH CONDOMINIUM ASSOCIATION, INC.",5005 COLLINS AVENUE MIAMI BEACH FLORIDA 33140,Condominium,Expired,Yes,01-31-2026
CR23002118,"5600 CONDOMINIUM ASSOCIATION, INC.",5600 COLLINS AVENUE MIAMI BEACH FL 33140,Condominium,Issued,No,01-31-2027
CR23002119,"KINGS CREEK WEST CONDOMINIUM ASSOCIATION, INC.",7965 SW 86 ST MIAMI FL 33143,Condominium,Issued,No,01-31-2027
CR23002137,"SKYLINE ON BRICKELL CONDOMINIUM ASSOCIATION, INC.",2101 BRICKELL AVE MIAMI FL 33129,Condominium,Issued,No,01-31-2027
CR23002138,"OCEAN HOUSE CONDO ASSOC, INC","125 OCEAN DRIVE, MIAMI BEACH FLORIDA 33139-7226",Condominium,Issued,No,01-31-2027
CR23002140,"THE PLAZA 901 BRICKELL CONDO ASSOCIATION, INC",951 BRICKELL AVE SUITE 101 MIAMI FL 33131,Condominium,Issued,No,01-31-2027
CR23002146,"3401 MIDTOWN CONDOMINIUM ASSOCIATION, INC.",121 NE 34TH STREET MIAMI FL 33127,Condominium,Issued,No,01-31-2027
CR23002147,"LEE PARK CONDOMINIUM ASSOCIATION, INC.",6110 SW 68TH ST SOUTH MIAMI FL 33143,Condominium,Issued,No,01-31-2027
CR23002157,"THREE TEQUESTA POINT CONDO ASSOC., INC.","848 BRICKELL KEY DR, #503 MIAMI FL 33131",Condominium,Issued,No,01-31-2027
CR23002158,CENTRO DOWNTOWN CONDOMINIUM ASSOCIATION INC.,151 SE 1ST ST MIAMI FL 33131,Condominium,Issued,No,01-31-2027
CR23002159,"227 NE 2ND STREET CONDOMINIUM ASSOCIATION, INC",227 NE 2ND STREET MIAMI FLORIDA 33132,Condominium,Issued,No,01-31-2027
CR23002165,"NINE ISLAND AVENUE CONDOMINIUM ASSOCIATION, INC.",9 ISLAND AVENUE MIAMI BEACH FL 33139,Condominium,Issued,No,01-31-2027
CR23002166,"THE O.D.A. HOMES CONDOMINIUM ASSOCIATION, INC.",6601 SW 137 CT MIAMI FL 33183,Condominium,Issued,No,01-31-2027
CR23002167,"PRIVE CONDOMINIUM ASSOCIATION, INC.",5000 ISLAND ESTATES DR AVENTURA FL 33160,Condominium,Issued,No,01-31-2027
CR23002168,"PRIVE AT ISLAND ESTATES MAINTENANCE ASSOCIATION, INC.",5000 ISLAND ESTATES DR AVENTURA FL 33160,Homeowner,Issued,No,01-31-2027
CR23002169,"THE PARC CONDOMINIUM ASSOCIATION, INC.",19400 TURNBERRY WAY AVENTURA FL. 33180,Condominium,Issued,No,01-31-2027
CR23002171,"MYSTIC POINTE CONDOMINIUM NO. ONE ASSOCIATION, INC.",3600 MYSTIC POINTE DRIVE AVENTURA FLORIDA 33180,Condominium,Issued,No,01-31-2027
CR23002172,"ALTOS DEL MAR ASSOCIATION, INC.",78 ST ATLANTIC WAY MIAMI FL 33141,Homeowner,Issued,No,01-31-2027
CR23002173,"BELLE PLAZA CONDOMINIUM ASSOCIATION, INC.",20 ISLAND AVE MIAMI BEACH FLORIDA 33139,Condominium,Issued,No,01-31-2027
CR23002174,"JAMES CENTRAL TOWERS CONDO ASSN, INC",245 18TH STREET MIAMI FL 33139,Condominium,Issued,No,01-31-2027
CR23002175,"PUERTA DE PALMAS CONDOMINIUM ASSOCIATION, INC.",888 S DOUGLAS ROAD CORAL GABLES FL 33134,Condominium,Issued,No,01-31-2027
CR23002176,"WATERVIEW CONDOMINIUM ASSOCIATION, INC. OF AVENTURA",20505 E COUNTRY CLUB DRIVE AVENTURA FL 33180,Condominium,Issued,No,01-31-2027
CR23002177,GABLES COURT CONDOMINIUM ASSOCIATION INC.,5200 BLUE LAGOON DRIVE SUITE 1000 MIAMI FL 33126,Condominium,Issued,No,01-31-2027
CR23002178,BEACHCOMBER OF NOBE CONDO ASSOC INC,2800 BISCAYNE BLVD. SUITE #310 MIAMI FL 33137,Condominium,Issued,No,01-31-2027
CR23002179,"POINT EAST ONE CONDOMINIUM CORPORATION, INC.",2895 POINT EAST DR AVENTURA FL 33160,Condominium,Expired,Yes,01-31-2026
CR23002180,"GROVE ENCLAVE CONDOMINIUM ASSOCIATION, INC.",3024 MCDONALD STREET MIAMI FL 33126,Condominium,Issued,No,01-31-2027
CR23002181,"MARINABLUE CONDOMINIUM ASSOCIATION, INC.",888 BISCAYNE BLVD MIAMI FL 33132,Condominium,Issued,No,01-31-2027
CR23002182,"KENDALL BREEZE WEST HOMEOWNERS' ASSOCIATION, INC",11780 SW 138 AVE MIAMI FL 33186,Homeowner,Issued,No,01-31-2027
CR23002183,"BISCAYNE COVE CONDOMINIUM ASSOCIATION, INC.",665 NE 83 AVENTURA FLORIDA 33160,Condominium,Issued,No,01-31-2027
CR23002184,"THE BILTMORE REGENT CONDOMINIUM ASSOCIATION, INC.",2800 BISCAYNE BLVD SUITE 310 MIAMI FL 33137,Condominium,Issued,No,01-31-2027
CR23002186,"AVENTURA PARKSQUARE RESIDENCES CONDOMINIUM ASSOCIATION, INC.",2960 NE 207 STREET AVENTURA FL 33180,Condominium,Issued,No,01-31-2027
CR23002187,"THE COCONUT GROVE BAYSHORE CONDOMINIUM ASSOCIATION, INC.",2800 BISCAYNE BLVD STE 310 MIAMI FL 33137,Condominium,Issued,No,01-31-2027
CR23002188,WINSTON PARK ASSOCIATION INC,8100 SW 132 AVE MIAMI FL 33183,Homeowner,Issued,No,01-31-2027
CR23002189,"ST. TROPEZ OCEAN CONDOMINIUM ASSOCIATION, INC.",7330 OCEAN TERRACE MIAMI BEACH FLORIDA 33141,Condominium,Issued,No,01-31-2027
CR23002190,"DOMICILE LOFTS CONDOMINIUM ASSOCIATION, INC.",2129 WASHINGTON AVE MIAMI FL 33137,Condominium,Issued,No,01-31-2027
CR23002192,"3 ISLAND CONDOMINIUM ASSOCIATION, INC.",3 ISLAND AVENUE MIAMI BEACH FL 33139,Condominium,Issued,No,01-31-2027
CR23002193,"DADELAND COVE SECTION ONE HOMEOWNERS' ASSOCIATION, INC.",10105 SW 77 CT MIAMI FL 33156,Homeowner,Issued,No,01-31-2027
CR23002194,"CORSICA AT ISLANDS AT DORAL NEIGHBORHOOD ASSOCIATION, INC.",11179 NW 80TH LN DORAL FL 33178,Homeowner,Issued,No,01-31-2027
CR23002195,"FERNWOODS LAKEVIEW CONDOMINIUM ASSOCIATION #1, INC.",1500 NW 89 COURT #202 DORAL FL 33172,Condominium,Issued,No,01-31-2027
CR23002196,"SOLARIS AT BRICKELL BAY CONDOMINIUM ASSOCIATION, INC",186 SE 12 TER MIAMI FLORIDA 33131,Condominium,Closed,Yes,01-31-2025
CR23002197,"EL PINAR CONDO ASSOCIATION, INC.",1039 SW 5TH ST MIAMI FL 33130,Condominium,Issued,No,01-31-2027
CR23002198,"VILLAGE AT THE FALLS CONDOMINIUM ASSOCIATION, INC.",13100 SW 92 AVE MIAMI FL 33176,Condominium,Issued,No,01-31-2027
CR23002199,"TOWERS OF PORTO VITA - SOUTH TOWER CONDOMINIUM ASSOCIATION, INC.",19955 NORTHEAST 38TH COURT AVENTURA FLORIDA 33180,Condominium,Issued,No,01-31-2027
CR23002200,BARCELONA I CONDO ASSN INC,2800 BISCAYNE BLVD. SUITE #310 MIAMI FL 33137,Condominium,Issued,No,01-31-2027
CR23002201,"FUTURA SANSOVINO CONDOMINIUM ASSOCIATION, INC.",5201 ORDUNA DRIVE MIAMI FL 33146,Condominium,Issued,No,01-31-2027
CR23002203,MARINER VILLAGE GARDEN CONDO ASSOCIATION,3544 MAGELLAN CIRCLE AVENTURA FL 33180,Condominium,Issued,No,01-31-2027
CR23002204,"MET 1 CONDOMINIUM ASSOCIATION, INC.",300 SOUTH BISCAYNE BLVD MIAMI FL 33131,Condominium,Issued,No,01-31-2027
CR23002205,GABLES PARK TOWER CONDO ASSOC INC.,2800 BISCAYNE BLVD STE 310 MIAMI FL 33137,Condominium,Issued,No,01-31-2027
CR23002207,"PARAISO BAY MASTER ASSOCIATION, INC.",650 NE 32ND STREET MIAMI FL 33137,Master Association,Issued,No,01-31-2027
CR23002208,HIDDEN LAKE AT KENDALL HOMEOWNERS ASSOCIATION INC.,8201 SW 96TH CT MIAMI FL 33173,Homeowner,Issued,No,01-31-2027
CR23002209,"GOLDEN HOUSE CONDOMINIUM, INC.",1340 LINCOLN RD MIAMI FL 33139,Condominium,Issued,No,01-31-2027
CR23002210,"4000 ISLAND BOULEVARD CONDOMINIUM ASSOCIATION, INC.",4000 ISLAND BLVD AVENTURA FL 33160-2593,Condominium,Issued,No,01-31-2027
CR23002211,"THE CARRIAGE HOUSE CONDOMINIUM ASSOCIATION, INC.",5401 COLLINS AVE MIAMI BEACH FL 33140,Condominium,Issued,No,01-31-2027
CR23002212,"GROVE TOWNHOUSES CONDOMINIUM ASSOCIATION, INC.",3025 MARY STREET MIAMI FL 33133,Condominium,Issued,No,01-31-2027
CR23002214,"TERRAZAS RIVERPARK VILLAGE CONDOMINIUM ASSOCIATION, INC.",1861 NW SOUTH RIVER DRIVE MIAMI FL 33125,Condominium,Issued,No,01-31-2027
CR23002215,"LAKE AVILA ESTATES HOMEOWNERS' ASSOCIATION, INC.",6933 SW 166 CT CORAL GABLES FL 33193,Homeowner,Issued,No,01-31-2027
CR23002217,"ISLAND BREAKERS - A CONDOMINIUM, INC.",150 OCEAN LANE DRIVE MIAMI FL 33137,Condominium,Issued,No,01-31-2027
CR23002218,"THE PENINSULA II CONDOMINIUM ASSOCIATION, INC.",3301 NE 183RD ST AVENTURA FL 33160,Condominium,Issued,No,01-31-2027
CR23002219,"ICONBRICKELL CONDOMINIUM NO. TWO ASSOCIATION, INC.",495 BRICKELL AVE MIAMI FLORIDA 33131,Condominium,Issued,No,01-31-2027
CR23002220,"PENINSULA HOMEOWNERS' ASSOCIATION, INC.",3301 NE 183RD STREET AVENTURA FL 33160,Master Association,Issued,No,01-31-2027
CR23002221,"LA SALLE CONDOMINIUM ASSN., INC.",8531 HARDING AVE MIAMI BEACH FL 33141,Condominium,Issued,No,01-31-2027
CR23002222,"ISLE OF NORMANDY CONDOMINIUM, INC.",1145 NORMANDY DRIVE MIAMI FL 33137,Condominium,Issued,No,01-31-2027
CR23002223,"MARBELLA OF MIAMI CONDOMINIUM ASSOCIATION, INC.",1650 CORAL WAY MIAMI FL 33137,Condominium,Issued,No,01-31-2027
CR23002224,"MERIDIAN MANOR CONDOMINIUM, INC.",2800 BISCAYNE BLVD MIAMI FL 33137,Condominium,Issued,No,01-31-2027
CR23002225,"321 OCEAN CONDOMINIUM ASSOCIATION, INC.",321 OCEAN DRIVE MIAMI BEACH FL 33139,Condominium,Issued,No,01-31-2027
CR23002226,"PARC PLAZA SOUTH BEACH CONDOMINIUM ASSOCIATION, INC.",1775 WASHINGTON AVE MIAMI FL 33137,Condominium,Issued,No,01-31-2027
CR23002228,"PARK VIEW AT BRICKELL CONDOMINIUM ASSOCIATION, INC.",115 SW 11 ST MIAMI FL 33130,Condominium,Issued,No,01-31-2027
CR23002230,"THE TOWNHOMES AT SUNSET HARBOUR CONDOMINIUM ASSOCIATION, INC.",1415 SUNSEST HARBOUR DR. MIAMI BEACH FL 33139,Condominium,Issued,No,01-31-2027
CR23002231,"PELICAN REEF WEST CONDO ASSN., INC.",2800 BISCAYNE BLVD. SUITE #310 MIAMI FL 33137,Condominium,Issued,No,01-31-2027
CR23002232,"VILLAS MARGARITA CONDOMINIUM ASSOCIATION, INC.",3162 JACKSON AVE MIAMI FL 33137,Condominium,Issued,No,01-31-2027
CR23002233,"ONYX ON THE BAY CONDOMINIUM ASSOCIATION, INC.",665 N.E. 25 STREET SUITE # 100 MIAMI FL 33137,Condominium,Issued,No,01-31-2027
CR23002234,"PRECIOUS HOMES AT TWIN LAKES PROPERTY OWNER'S ASSOCIATION, INC.",13360 SW 143 ST MIAMI FL 33186,Homeowner,Issued,No,01-31-2027
CR23002235,"AVALON PLACE HOMEOWNERS ASSOCIATION, INC",4101-4198 NE 20 ST MIAMI FLORIDA 33033,Homeowner,Issued,No,01-31-2027
CR23002236,"BRICKELL VIEW WEST CONDOMINIUM ASSOCIATION, INC.",1723 SW 2ND AVE SUITE 100 MIAMI FL 33129,Condominium,Issued,No,01-31-2027
CR23002237,"BRISTOL TOWER CONDOMINIUM ASSOCIATION, INC.",2127 BRICKELL AVE MIAMI FLORIDA 33129,Condominium,Issued,No,01-31-2027
CR23002239,"THE CHARTER CLUB, INC.",600 NE 36 ST MIAMI FL 33137,Condominium,Issued,No,01-31-2027
CR23002240,"THE HARBOUR SOUTH CONDOMINIUM ASSOCIATION, INC.",16385 BISCAYNE BLVD NORTH MIAMI BEACH FL 33160,Condominium,Issued,No,01-31-2027
CR23002241,"THE HARBOUR NORTH CONDOMINIUM ASSOCIATION, INC.",16385 BISCAYNE BLVD #120 NORTH MIAMI BEACH FL 33160,Condominium,Issued,No,01-31-2027
CR23002242,"THE PRESERVE TOWN HOMES CONDOMINIUM ASSOCIATION, INC",730 NE 90 ST MIAMI FL 33138,Condominium,Issued,No,01-31-2027
CR23002243,"MEDITERRANEAN VILLAGE CONDOMINIUM NO.TWO ASSOCIATION, INC.",3700 ISLAND BLVD AVENTURA FL 33160,Condominium,Issued,No,01-31-2027
CR23002244,"THE HARBOUR HOMEOWNERS' ASSOCIATION, INC.",16385 BISCAYNE BOULEVARD NORTH MIAMI BEACH FLORIDA 33160,Master Association,Issued,No,01-31-2027
CR23002245,"MOONGLOW CONDOMINIUM ASSOCIATION, INC.",7416-7424 BYRON AVENUE MIAMI BEACH FL 33141,Condominium,Issued,No,01-31-2027
CR23002246,"KEYSTONE HARBOR CLUB CONDOMINIUM ASSOCIATION, INC.",13155 IXORA CT OFFICE NORTH MIAMI FL 33181,Condominium,Issued,No,01-31-2027
CR23002247,"BONITA VILLAS CONDOMINIUM ASSOCIATION, INC.",14001 SW 122 AVE MIAMI FL 33186,Condominium,Issued,No,01-31-2027
CR23002248,"RIVERSIDE VILLAS AT BISCAYNE NATIONAL PARK PROPERTYOWNER'S ASSOCIATION, INC.",27266 SW 138 CT MIAMI FL 33032,Homeowner,Issued,No,01-31-2027
CR23002249,"THE CARLYLE DECO HOTEL CONDOMINIUM ASSOCIATION, INC.",1250 OCEAN DRIVE MIAMI FL 33139,Condominium,Issued,No,01-31-2027
CR23002250,"VENTURE AT AVENTURA WEST CONDOMINIUM ASSOCIATION, INC.",2775 NE 187 STREET AVENTURA FL 33180,Condominium,Issued,No,01-31-2027
CR23002251,"THE NEW LAND GARDENS CONDOMINIUM ASSOCIATION, INC.",16750 NE 10TH AV. NORTH MIAMI BEACH FL 33162,Condominium,Issued,No,01-31-2027
CR23002253,"BRICKELL FLATIRON CONDOMINIUM ASSOCIATION, INC.",1000 BRICKELL PLZ MIAMI FLORIDA 33131,Condominium,Issued,No,01-31-2027
CR23002255,"CARBONELL CONDOMINIUM ASSOCIATION, INC.",901 BRICKELL KEY BLVD MIAMI FL 33131,Condominium,Issued,No,01-31-2027
CR23002256,"THE RESIDENCES AT THE BATH CLUB CONDOMINIUM ASSOCIATION, INC.",5959 COLLINS AVE MIAMI BEACH FL 33140,Condominium,Issued,No,01-31-2027
CR23002257,"BRICKELL MAR CONDOMINIUM ASSOCIATION, INC.",2201 BRICKELL AVE MIAMI FL 33129,Condominium,Issued,No,01-31-2027
CR23002258,"ONE THOUSAND MUSEUM CONDOMINIUM ASSOCIATION, INC.",1000 BISCAYNE BLVD MIAMI FLORIDA 33132,Condominium,Issued,No,01-31-2027
CR23002260,"ICON CONDOMINIUM ASSOCIATION, INC.",450 ALTON ROAD MIAMI BEACH FL 33139,Condominium,Issued,No,01-31-2027
CR23002261,"GABLES ON THE GREEN CONDOMINIUM EAST ASSOCIATION, INC.",626 CORAL WAY MIAMI FL 33137,Condominium,Issued,No,01-31-2027
CR23002262,"THE HIGHLANDS AT KENDALE LAKES CONDOMINIUM ASSOCIATION, INC.",7425 SW 153 PLACE MIAMI FL 33193,Condominium,Issued,No,01-31-2027
CR23002263,"DA VINCI ON DOUGLAS CONDOMINIUM ASSOCIATION, INC.",2665 SW 37TH AVE MIAMI FL 33133,Condominium,Issued,No,01-31-2027
CR23002264,"COMMODORE PLAZA CONDOMINIUM ASSOCIATION, INC.",2780 NE 183RD STREET AVENTURA FL 33160,Condominium,Issued,No,01-31-2027
CR23002265,"KENDALL SQUARE HOMEOWNERS ASSOCIATION, INC.",9501 SW 171 AVE MIAMI FL 33196,Homeowner,Issued,No,01-31-2027
CR23002266,"SUNSET HARBOUR SOUTH CONDOMINIUM ASSOCIATION, INC.",1800 SUNSET HARBOUR DR MIAMI BEACH FL 33139,Condominium,Issued,No,01-31-2027
CR23002267,"L'ATELIER CONDOMINIUM ASSOCIATION, INC.",6901 COLLINS AVE MIAMI BEACH FL 33141,Condominium,Issued,No,01-31-2027
CR23002268,"SILVER PALM PLANTATION HOMEOWNERS ASSOCIATION, INC.",7971 SW 110 TERR MIAMI FL 33156,Homeowner,Issued,No,01-31-2027
CR23002270,"HAVANA LOFTS CONDOMINIUM ASSOCIATION, INC.",36 NW 6TH AVE MIAMI FL 33126,Condominium,Issued,No,01-31-2027
CR23002271,"MED GROVE CONDOMINIUM ASSOCIATION, INC",3280 MATILDA STREET MIAMI FL 33133,Condominium,Issued,No,01-31-2027
CR23002272,"MARK YACHT CLUB ON BRICKELL BAY, INC.",1155 BRICKELL BAY DRIVE MIAMI FL 33131,Condominium,Issued,No,01-31-2027
CR23002274,"COCOPLUM HOMEOWNERS ASSOCIATION, INC.",155 ISLA DORADA BLVD MIAMI FL 33143,Homeowner,Issued,No,01-31-2027
CR23002276,"OAK CREEK AT KENDALL HOMEOWNERS ASSOCIATION, INC.",16924 SW 215 TERRACE MIAMI FL 33187,Homeowner,Issued,No,01-31-2027
CR23002277,"APOGEE CONDOMINIUM ASSOCIATION, INC.",800 SOUTH POINTE DRIVE MIAMI BEACH FLORIDA 33139,Condominium,Issued,No,01-31-2027
CR23002278,"ISLAND TERRACE CONDO ASSOCIATION, INC.",5 ISLAND AVE MIAMI BEACH FL 33139,Condominium,Issued,No,01-31-2027
CR23002279,"BRIARLAKE HOMEOWNERS ASSOCIATION, INC.",13120 SW 90 PLACE MIAMI FL 33176,Homeowner,Issued,No,01-31-2027
CR23002280,"LANDMARK AT DORAL CONDOMINIUM NO.6 ASSOCIATION, INC.",6425 NW 103 PL MIAMI FL 33178,Condominium,Issued,No,01-31-2027
CR23002281,"VIZCAYNE SOUTH CONDOMINIUM ASSOCIATION, INC.",253 NE 2ND STREET MIAMI FLORIDA 33132,Condominium,Issued,No,01-31-2027
CR23002282,"KING DAVID TOWERS, INC.",3411 INDIAN CREEK DRIVE MIAMI BEACH FLORIDA 33140,Condominium,Issued,No,01-31-2027
CR23002283,RISE CONDOMINIUM ASSOCIATION INC.,88 SW 7TH ST. MIAMI FLORIDA 33130,Condominium,Issued,No,01-31-2027
CR23002284,"PENINSULA CONDOMINIUM ASSOCIATION, INC.",3201 NE 183 ST AVENTURA FL 33160,Condominium,Issued,No,01-31-2027
CR23002285,"CRISTINA CONDOMINIUM ASSOCIATION, INC.",4445 WEST 16 AVE SUITE 312 HIALEAH FL 33012,Condominium,Issued,No,01-31-2027
CR23002286,"THE COSMOPOLITAN RESIDENCES ON SOUTH BEACH CONDOMINIUM ASSOCIATION, INC.",110 WASHINGTON AVE. MIAMI BEACH FL 33139,Condominium,Issued,No,01-31-2027
CR23002287,"TEN MUSEUM PARK RESIDENTIAL CONDOMINIUM ASSOCIATION, INC.",1040 BISCAYNE BLVD MIAMI FL 33132,Condominium,Issued,No,01-31-2027
CR23002288,"UPTOWN MARINA LOFTS CONDOMINIUM ASSOCIATION, INC.",3029 NE 188 STREET AVENTURA FL 33181,Condominium,Issued,No,01-31-2027
CR23002289,"FOUR MIDTOWN MIAMI CONDOMINIUM ASSOCIATION, INC.",3301 NE 1ST AVE MIAMI FL 33137,Condominium,Issued,No,01-31-2027
CR23002290,"BISCAYNE VILLAGE HOMEOWNERS ASSOCIATION, INC.",18901 SW 106TH AVE #210 MIAMI FLORIDA 33157,Homeowner,Issued,No,01-31-2027
CR23002291,"PINE GROVE CONDOMINIUM ASSOCIATION, INC.",11251 SW 88TH STREET MIAMI FL 33176,Condominium,Issued,No,01-31-2027
CR23002292,"LE PARC AT BRICKELL CONDOMINIUM ASSOCIATION, INC.",1600 SW 1 AVE MIAMI FLORIDA 33129,Condominium,Issued,No,01-31-2027
CR23002293,"BROADWATER BEACH ARMS I, INC.","6490 COLLINS AVENUE, APT 12 MIAMI BEACH FLORIDA 33141",Cooperative,Issued,No,01-31-2027
CR23002294,SOUTH POINTE TOWERS I CONDO ASSOC INC,"400 SOUTH POINTE DRIVE, SUITE 300, MIAMI BEACH, FL 33139 MIAMI BEACH FL 33139",Condominium,Issued,No,01-31-2027
CR23002295,"BILTMORE PARC CONDOMINIUM ASSOCIATION, INC.",718 VALENCIA AVE CORAL GABLES FL 33134,Condominium,Issued,No,01-31-2027
CR23002296,"ARTECITY PARK MASTER ASSOCIATION, INC.",435 21 STREET MIAMI BEACH FL 33139,Condominium,Closed,Yes,01-31-2025
CR23002297,"ARTECITY GOVERNOR CONDOMINIUM ASSOCIATION, INC.",435 21ST ST MIAMI BEACH FL 33139,Condominium,Issued,No,01-31-2027
CR23002298,"ARTEPARK NORTH CONDOMINIUM ASSOCIATION, INC.",2155 WASHINGTON CT MIAMI BEACH FL 33139,Condominium,Issued,No,01-31-2027
CR23002300,"SOUTH BAY CLUB CONDOMINIUM ASSOCIATION, INC.",800 WEST AVE MIAMI BEACH FL 33139,Condominium,Issued,No,01-31-2027
CR23002302,"BISCAYNE BEACH MIAMI CONDOMINIUM ASSOCIATION, INC.",2900 NE 7TH AVE MIAMI FL 33137,Condominium,Issued,No,01-31-2027
CR23002303,"THE TOWERS OF QUAYSIDE NO. 4 CONDOMINIUM ASSOCIATION, INC.",4000 TOWERSIDE TERRACE MIAMI FL 33138,Condominium,Issued,No,01-31-2027
CR23002304,"SUTTON HOUSE CONDOMINIUM ASSOCIATION, INC.",11855 NE 19 DR HOLLYWOOD FL 33020,Condominium,Issued,No,01-31-2027
CR23002305,4701 NORTH MERIDIAN CONDOMINIUM ASSOCIATION,4701 N MERIDIAN AVENUE MIAMI BEACH FLORIDA 33140,Condominium,Issued,No,01-31-2027
CR23002306,FLORIDIAN ISLES II @ WATERSTONE II ASSOC INC,1355 WATERSTONE WAY HOMESTEAD FL 33033,Homeowner,Issued,No,01-31-2027
CR23002307,"MOSAIC ON MIAMI BEACH CONDOMINIUM ASSOCIATION, INC.",3801 COLLINS AVE MIAMI BEACH FLORIDA 33140,Condominium,Issued,No,01-31-2027
CR23002308,"VIZCAYNE NORTH CONDOMINIUM ASSOCIATION, INC.",253 NE 2ND. STREET MIAMI FLORIDA 33132,Condominium,Issued,No,01-31-2027
CR23002309,"ICONBRICKELL CONDOMINIUM NO. THREE ASSOCIATION, INC",485 BRICKELL AVENUE MIAMI FLORIDA 33131,Condominium,Issued,No,01-31-2027
CR23002310,"AVENTURA ISLES MASTER HOMEOWNERS' ASSOCIATION, INC.",605 NE 193 STREET MIAMI FLORIDA 33179,Master Association,Issued,No,01-31-2027
CR23002311,"COCONUT CAY HOMEOWNERS' ASSOCIATION, INC.",207TH BLOCK OF 12TH AVENUE MIAMI GARDENS FL 33169,Homeowner,Issued,No,01-31-2027
CR23002312,"MYBRICKELL CONDOMINIUM ASSOCIATION, INC.",31 SE 6TH STREET MIAMI FL 33131,Condominium,Issued,No,01-31-2027
CR23002313,"VILLA DORADA CONDOMINIUM ASSOCIATION, INC.","20250 W, COUNTRY CLUB DRIVE AVENTURA FL 33180",Condominium,Issued,No,01-31-2027
CR23002314,"BRIAR VILLAGE HOMEOWNER'S ASSOCIATION, INC.","9000 SW 152ND STREET, SUITE 102 MIAMI FL 33157",Homeowner,Issued,No,01-31-2027
CR23002315,"AKOYA CONDOMINIUM ASSOCIATION, INC.",6365 COLLINS AVE MIAMI BEACH FLORIDA 33141,Condominium,Expired,Yes,01-31-2026
CR23002316,"TOWERS OF PORTO VITA - NORTH TOWER CONDOMINIUM ASSOCIATION, INC.",20155 NE 38TH COURT AVENTURA FL 33180,Condominium,Issued,No,01-31-2027
CR23002317,"PALM BAY CONDOMINIUM, INC.",770 NE 69TH ST MIAMI FL 33138,Condominium,Issued,No,01-31-2027
CR23002318,"GREEN DIAMOND CONDOMINIUM ASSOCIATION, INC.",4775 COLLINS AVENUE MIAMI BEACH FL 33140,Condominium,Issued,No,01-31-2027
CR23002319,"THE FLORIDIAN OF MIAMI BEACH CONDOMINIUM ASSOCIATION, INC.",650 WEST AVE MIAMI BEACH FLORIDA 33139,Condominium,Expired,Yes,01-31-2026
CR23002320,"BLUE CONDOMINIUM ASSOCIATION, INC.",601 NE 36TH STREET MIAMI FLORIDA 33137,Condominium,Expired,Yes,01-31-2026
CR23002321,"TREASURE OF KENDALL CONDOMINIUM ASSOCIATION, INC.","13671 SW 62 ST, UNIT 104 HIALEAH FL 33183",Condominium,Issued,No,01-31-2027
CR23002322,"VILLA VENETO CONDOMINIUM ASSOCIATION, INC.",719 MERIDAN AVENUE MIAMI BEACH FL 33139,Condominium,Issued,No,01-31-2027
CR23002323,"PEPPERWOOD HOMEOWNERS ASSOCIATION, INC.",9000 SW 152ND STREET MIAMI FL 33157,Homeowner,Issued,No,01-31-2027
CR23002324,"POINT LAKE CONDOMINIUM ASSOCIATION, INC.",15350 SW 76TH TERR MIAMI FL 33193,Condominium,Issued,No,01-31-2027
CR23002325,"SWAN LAKE OWNERS ASSOCATION, INC",8870 SW 67 CT MIAMI FL 33156,Homeowner,Issued,No,01-31-2027
CR23002326,"THE TOWERS OF KENDALE LAKES CONDOMINIUM ASSOCIATION, INC.",13953 SW 66 ST MIAMI FL 33183,Condominium,Issued,No,01-31-2027
CR23002328,"SOUTH TOWER AT THE POINT CONDO ASSOCIATION, INC.",21055 YACHT CLUB DRIVE AVENTURA FLORIDA 33180,Condominium,Issued,No,01-31-2027
CR23002330,"MARINA PALMS RESIDENCES SOUTH CONDOMINIUM ASSOCIATION, INC.",17111 BISCAYNE BLVD SUITE # 2 NORTH MIAMI BEACH FL 33160,Condominium,Issued,No,01-31-2027
CR23002331,MIRADOR 1200 CONDOMINIUM ASSOCIATION INC.,1200 WEST AVENUE C/O MGR'S OFFICE MIAMI BEACH FLORIDA 33139,Condominium,Issued,No,01-31-2027
CR23002332,"THE BENTLEY BAY CONDOMINIUM ASSOCIATION, INC.",540 WEST AVENUE MIAMI BEACH FL 33139,Condominium,Issued,No,01-31-2027
CR23002333,"CORAL GARDENS CONDOMINIUM ASSOCIATION, INC.",3411 SW 9 TERRACE MIAMI FL 33135,Condominium,Issued,No,01-31-2027
CR23002335,"ONE TEQUESTA POINT CONDOMINIUM ASSOCIATION, INC.",888 BRICKELL KEY DR MIAMI FL 33131,Condominium,Expired,Yes,01-31-2026
CR23002336,"KING'S CREST CONDOMINIUM ASSOCIATION, INC.",6831 W 14 CT MIAMI FL 33144,Condominium,Issued,No,01-31-2027
CR23002337,"WOODSIDE IN KENDALL CONDOMINIUM ASSOCIATION, INC",9601 SW 77 AVE MIAMI FLORIDA 33156,Condominium,Issued,No,01-31-2027
CR23002339,"MARBELLA BAY HOA, INC.",1355 WATERSTONE WAY HOMESTEAD FL 33033,Homeowner,Issued,No,01-31-2027
CR23002340,"PEBBLEBROOK II HOA, INC.",1355 WATERSTONE WAY HOMESTEAD FL 33033,Homeowner,Issued,No,01-31-2027
CR23002341,"TEN ARAGON CONDOMINIUM ASSOCIATION, INC.",10 ARAGON AVENUE CORAL GABLES FL 33134,Condominium,Issued,No,01-31-2027
CR23002342,"PORTOFINO OAKS PROPERTY OWNERS ASSOCIATION, INC.",1355 WATERSTONE WAY HOMESTEAD FL 33033,Homeowner,Issued,No,01-31-2027
CR23002343,"OCTAGON TOWERS CONDOMINIUM ASSOCIATION, INC.",1881 WASHINGTON AVE MIAMI BEACH FL 33139,Condominium,Issued,No,01-31-2027
CR23002344,"LAKERIDGE TOWNHOMES HOMEOWNERS ASSOCIATION, INC.",9000 SW 152 ST MIAMI FL 33157,Homeowner,Issued,No,01-31-2027
CR23002346,"PORTOFINO PALMS PROPERTY OWNERS ASSOCIATION, INC.",1355 WATERSTONE WAY HOMESTEAD FL 33033,Homeowner,Issued,No,01-31-2027
CR23002347,"PORTOFINO POINTE PROPERTY OWNERS ASSOCIATION, INC.",1355 WATERSTONE WAY HOMESTEAD FL 33033,Homeowner,Issued,No,01-31-2027
CR23002348,ANASTASIA ROYAL CONDO ASSN INC,2050 CORAL WAY #305 MIAMI FL 33145,Condominium,Issued,No,01-31-2027
CR23002349,"NORDICA CONDOMINIUM ASSOCIATION, INC.",2525 SW 3RD AVE MIAMI FL 33129,Condominium,Issued,No,01-31-2027
CR23002350,"LAKEBELLE CONDOMINIUM NO. TWO,INC.",2740 W 5TH AVE HIALEAH FL 33010,Condominium,Issued,No,01-31-2027
CR23002351,"STRATFORD HOUSE CONDOMINIUM, INC.",2841 NE 163RD ST. NORTH MIAMI BEACH FL 33160,Condominium,Issued,No,01-31-2027
CR23002353,"TURNBERRY ISLE SOUTH CONDOMINIUM ASSOCIATION, INC.",19667 TURNBERRY WAY AVENTURA FLORIDA 33180,Condominium,Issued,No,01-31-2027
CR23002357,"STONEBROOK II HOA, INC.",1355 WATERSTONE WAY HOMESTEAD FL 33033,Homeowner,Issued,No,01-31-2027
CR23002358,"THE ALEXANDER CONDOMINUIM ASSOCIATION, INC.",5225 COLLINS AVE MIAMI BEACH FL 33140,Condominium,Issued,No,01-31-2027
CR23002359,"RAMBLAS AT VIA VENTURA NEIGHBORHOOD ASSOCIATION, INC.",20890 SAN SIMEON WAY MIAMI FLORIDA 33179,Homeowner,Issued,No,01-31-2027
CR23002360,"DADELAND GROVE CONDOMINIUM ASSOCIATION, INC.",9000 SW 152 STREET MIAMI FL 33157,Condominium,Issued,No,01-31-2027
CR23002361,"VILLA REGINA ASSOCIATION, INC.",1581 BRICKELL AVENUE MIAMI FL 33129,Condominium,Issued,No,01-31-2027
CR23002363,"ECHO CONDOMINIUM ASSOCIATION, INC.",3300 NE 188 ST AVENTURA FLORIDA 33180,Condominium,Issued,No,01-31-2027
CR23002364,"BALI AT SOUTH BEACH CONDOMINIUM ASSOCIATION, INC",1520 - 1526 MICHIGAN AVE MIAMI BEACH FL 33139,Condominium,Issued,No,01-31-2027
CR23002365,"COLLINS VIEW ASSOCIATION, INC.",1418 COLLINS AVE HIALEAH FL 33010-1307,Condominium,Issued,No,01-31-2027
CR23002366,"CARIBBEAN HOUSE CONDOMINIUM, INC",3665 NE 167 ST NORTH MIAMI BEACH FL 33160,Condominium,Issued,No,01-31-2027
CR23002367,"SAGA BAY GARDENS CONDOMINIUM ASSOCIATION, INC.",8200 SW 210 ST MIAMI FL 33189,Condominium,Issued,No,01-31-2027
CR23002368,"CYPRESS CLUB OF KENDALE ASSOCIATION, INC.",14250 SW 62 ST MIAMI FLORIDA 33177,Condominium,Issued,No,01-31-2027
CR23002370,"THE ELYSEE CONDOMINIUM ASSOCIATION, INC.",788 NE 23RD STREET MIAMI FL 33137,Condominium,Issued,No,01-31-2027
CR23002371,LINCOLN PLAZA CONDO ASSN,1400 LINCOLN RD SUITE 503 MIAMI BEACH FL 33139,Condominium,Abandoned,No,
CR23002372,"1300 PONCE CONDOMINIUM ASSOCIATION, INC.",1300 PONCE DE LEON BLVD CORAL GABLES FLORIDA 33134,Condominium,Issued,No,01-31-2027
CR23002373,"BYRON WATERVIEW CONDO ASSN., INC.",2740 W. 5TH AVE. HIALEAH FL 33010,Condominium,Expired,Yes,01-31-2026
CR23002376,"WATERSTONE II MASTER ASSOCIATION, INC.",1355 WATERSTONE WAY HOMESTEAD FL 33033,Master Association,Issued,No,01-31-2027
CR23002379,"ARTEPARK SOUTH CONDOMINIUM ASSOCIATION, INC.",2100 PARK AVE MIAMI BEACH FL 33139,Condominium,Issued,No,01-31-2027
CR23002380,"FRENCH VILLAGE IN THE GROVE CONDOMINIUM ASSOCIATION, INC.",14275 SW 142 AVE MIAMI FL 33186,Condominium,Issued,No,01-31-2027
CR23002381,"CALUSA POINT ASSOCIATION, INC.",12964 SW 133 CT MIAMI FLORIDA 33177,Homeowner,Issued,No,01-31-2027
CR23002382,"VILLAS DEL CAMPO COMMUNITY ASSOCIATION, INC.",24551 SW 109 PLACE MIAMI FL 33032,Master Association,Issued,No,01-31-2027
CR23002383,"PLACE ROYALE HOMEOWNERS ASSOCIATION, INC .",14575 SW 142 AVE MIAMI FLORIDA 33186,Homeowner,Issued,No,01-31-2027
CR23002384,"5 OLIVE DRIVE CONDOMINIUM ASSOCIATION, INC.",5 OLIVE DRIVE HIALEAH FL 33010,Condominium,Issued,No,01-31-2027
CR23002385,"HARBOUR CLUB VILLAS CONDOMINIUM CORPORATION, INC.",1530 NE 105 STREET MIAMI SHORES FL 33138,Condominium,Issued,No,01-31-2027
CR23002386,"MERIDIAN HOUSE CONDOMINIUM ASSOCIATION, INC.",1540 MERIDIAN AVE MIAMI BEACH FL 33139,Condominium,Issued,No,01-31-2027
CR23002388,"THE RESERVE AT DORAL EAST COMMUNITY ASSOCIATION, INC",7550 NW 107 PLACE DORAL FL 33178,Homeowner,Issued,No,01-31-2027
CR23002389,"MIDBLOCK MIAMI CONDOMINIUM ASSOCIATION, INC.",3250 NE 1ST AVE MIAMI FL 33137,Condominium,Issued,No,01-31-2027
CR23002390,WATERSTONE ESTATES,1355 WATERSTONE WAY HOMESTEAD FL 33033,Homeowner,Issued,No,01-31-2027
CR23002391,KEYSTONE TOWERS CONDO ASSN INC,2000 NE 135 ST NORTH MIAMI FL 33181,Condominium,Issued,No,01-31-2027
CR23002392,"TWO TEQUESTA POINT CONDOMINIUM ASSOCIATION, INC.",808 BRICKELL KEY DR MIAMI FL 33131,Condominium,Issued,No,01-31-2027
CR23002393,"FONTAINBLEAU LAKES GREENSPACE MAINTENANCE ASSOCIATION, INC.",5100 NW 114 AVE DORAL FL 33172,Master Association,Issued,No,01-31-2027
CR23002394,"LOUVER HOUSE CONDOMINIUM ASSOCIATION, INC.",311 MERIDIAN AVENUE BOCA RATON FL 33431,Condominium,Issued,No,01-31-2027
CR23002396,"SABAL CHASE HOMEOWNERS' ASSOCIATION, INC.",10999 SW 113 PL MIAMI FL 33176,Master Association,Issued,No,01-31-2027
CR23002397,"MIMO ON THE BEACH VII CONDOMINIUM ASSOCIATION, INC.",6930 BYRON AVE MIAMI BEACH FL 33141,Condominium,Issued,No,01-31-2027
CR23002398,"THE ATRIUM AT AVENTURA CONDOMINIUM ASSOCIATION, INC.",3131 NE 188TH STREET AVENTURA FLORIDA 33180,Condominium,Issued,No,01-31-2027
CR23002401,"MIMO ON THE BEACH VIII CONDOMINIUM ASSOCIATION, INC.",6944 BYRON AVENUE MIAMI BEACH FL 33141,Condominium,Issued,No,01-31-2027
CR23002402,"BELLAMARE AT WILLIAMS ISLAND CONDOMINIUM ASSOCIATION, INC.",6000 ISLAND BLVD AVENTURA FL 33160,Condominium,Issued,No,01-31-2027
CR23002403,"RIVIERA HOMES CONDOMINIUM ASSOCIATION, INC.",5901 NW 151 ST MIAMI FLORIDA 33014,Condominium,Issued,No,01-31-2027
CR23002405,THE IVY CONDOMINIUM ASSOCIATION INC.,90 SW THIRD STREET MIAMI FL 33130,Condominium,Issued,No,01-31-2027
CR23002407,"PINEWOOD GROVE HOMEOWNERS ASSOCIATION, INC.",9000 SW 152 ST MIAMI FLORIDA 33157,Homeowner,Issued,No,01-31-2027
CR23002408,"PALM BAY YACHT CLUB CONDOMINIUM ASSOCIATION, INC",780 NE 69 STREET MIAMI FLORIDA 33138,Condominium,Issued,No,01-31-2027
CR23002409,"JEFFERSONIAN CONDOMINIUM, INC.",1698 JEFFERSON AVE MIAMI FL 33139,Condominium,Issued,No,01-31-2027
CR23002410,"SABAL CHASE CONDOMINIUM ASSOCIATION (II), INC.",10999 SW 113 PL MIAMI FL 33176,Condominium,Issued,No,01-31-2027
CR23002411,"5252 PASEO CONDOMINIUM ASSOCIATION, INC.",5252 PASEO BOULEVARD DORAL FLORIDA 33166,Condominium,Issued,No,01-31-2027
CR23002412,"SABAL CHASE CONDOMINIUM ASSOCIATION (I), INC.",10999 SW 113 PL MIAMI FL 33176,Condominium,Issued,No,01-31-2027
CR23002413,"AVENTURA MARINA TWO CONDOMINIUM ASSOCIATION, INC.",3330 NE 190 STREET AVENTURA FL 33180,Condominium,Issued,No,01-31-2027
CR23002414,"KINGS CREEK SOUTH CONDOMINIUM, INC.",7735 SW 86TH ST MIAMI FL 33143,Condominium,Issued,No,01-31-2027
CR23002416,"515 VALENCIA CONDOMINIUM ASSOCIATION, INC.",515 VALENCIA AVE CORAL GABLES FL 33134,Condominium,Issued,No,01-31-2027
CR23002417,"ALAMEDA TOWER 3 CONDOMINIUM ASSOCIATION, INC.",5901 NW 151 STREET MIAMI LAKES FLORIDA 33014,Condominium,Issued,No,01-31-2027
CR23002419,"HEATHER WALK CONDOMINIUM, INC.",9017 SW 138 STREET MIAMI FL 33176,Condominium,Issued,No,01-31-2027
CR23002420,"ONE OCEAN CONDOMINIUM ASSOCIATION, INC.",1 COLLINS AVE MIAMI BEACH FL 33139,Condominium,Issued,No,01-31-2027
CR23002421,"THOUSAND PINES HOMEOWNERS ASSOCIATION, INC.",13005 SW 107 CT MIAMI FLORIDA 33157,Homeowner,Issued,No,01-31-2027
CR23002422,"WESTLAND PARK CONDOMINIUM ASSOCIATION, INC. #9",1690 W 60 ST HIALEAH FL 33012,Condominium,Issued,No,01-31-2027
CR23002423,"SEASIDE TERRACE CONDOMINIUM, INC.",9241 COLLINS AVE HIALEAH FL 33010-1307,Condominium,Issued,No,01-31-2027
CR23002424,"SEACOAST 5700 CONDOMINIUM ASSOCIATION, INC.",5700 COLLINS AVENUE MIAMI BEACH FL 33140,Condominium,Issued,No,01-31-2027
CR23002425,"DOLPHIN VIEW CONDOMINIUM ASSOCIATION, INC.",7905 NORTWEST 8 ST MIAMI LAKES FLORIDA 33014,Condominium,Issued,No,01-31-2027
CR23002426,"THE LOFTS AT COLLINS CONDOMINIUM ASSOCIATION, INC.",8415 HARDING AVE MIAMI BEACH FL 33141,Condominium,Issued,No,01-31-2027
CR23002427,"WINDS OF NOBE CONDOMINIUM ASSOCIATION, INC.",8300 CRESPI BLVD MIAMI BEACH FL 33141,Condominium,Issued,No,01-31-2027
CR23002428,"5350 PARK CONDOMINIUM ASSOCIATION, INC.",5350 NW 84 AVE DORAL FL 33166,Condominium,Issued,No,01-31-2027
CR23002429,"FOREVER ELEGANT CONDOMINIUM, INC.",12500 NE 5TH AVE MIAMI FL 33161,Condominium,Issued,No,01-31-2027
CR23002430,"THE COURTS AT SOUTH BEACH CONDOMINIUM ASSOCIATION, INC.",101 ALTON ROAD MIAMI BEACH FL 33139,Condominium,Issued,No,01-31-2027
CR23002433,"BLUE DIAMOND GREEN DIAMOND MASTER ASSOCIATION, INC.",4777 COLLINS AVE MIAMI BEACH FL 33140,Master Association,Issued,No,01-31-2027
CR23002434,"AVENTURA MARINA ONE CONDOMINIUM ASSOCIATION, INC.",3340 NE 190TH ST AVENTURA FL 33180,Condominium,Issued,No,01-31-2027
CR23002435,"CORAL BAY RACQUET CLUB ASSOCIATION, INC.",7751 NE BAYSHORE CT MIAMI FL 33138,Condominium,Expired,Yes,01-31-2026
CR23002437,"EDGEWATER SOUTH BEACH CONDOMINIUM ASSOCIATION, INC.",1410 OCEAN DRIVE MIAMI BEACH FL 33139,Condominium,Issued,No,01-31-2027
CR23002438,"MYSTIC POINTE TOWER 400 CONDOMINIUM ASSOCIATION, INC.",3500 MYSTIC PT DR AVENTURA FL 33180,Condominium,Issued,No,01-31-2027
CR23002439,"CASA BAHIA CONDOMINIUM ASSOCIATION, INC.",7171 BAY DRIVE MIAMI BEACH FL 33141,Condominium,Expired,Yes,01-31-2026
CR23002440,"ATLANTIS ON BRICKELL CONDOMINIUM ASSOCIATION, INC.",2025 BRICKELL AVENUE MIAMI FL 33129,Condominium,Issued,No,01-31-2027
CR23002441,"VILLA RUSTICA I CONDOMINIUM ASSOCIATION, INC.",18802 NW 57 AVE MIAMI FLORIDA 33015,Condominium,Issued,No,01-31-2027
CR23002442,"COLLINS PARK CONDOMINIUM ASSOCIATION, INC.",7824 COLLINS AVE MIAMI BEACH FL 33141,Condominium,Issued,No,01-31-2027
CR23002443,THE PALACE CONDOMINIUM ASSOCIATION INC.,1541 BRICKELL AVE MIAMI FLORIDA 33129,Condominium,Expired,Yes,01-31-2026
CR23002444,"DRIFTWOOD COVE TOWNHOUSES, INC.",16501 N.E. 26TH AVENUE NORTH MIAMI BEACH FL 33160,Condominium,Issued,No,01-31-2027
CR23002446,"PALM SPRINGS TOWNMHOMES CONDOMINIUM ASSOCIATION, INC.",655 WEST 68 STREET HIALEAH FL 33014,Condominium,Issued,No,01-31-2027
CR23002449,"ENCLAVE TOWER CONDOMINIUM ASSOCIATION, INC.",2150 BAY DRIVE MIAMI BEACH FL 33141,Condominium,Issued,No,01-31-2027
CR23002450,"NORTH CARILLON BEACH CONDOMINIUM ASSOCIATION, INC.",6899 COLLINS AVENUE MIAMI BEACH FLORIDA 33141,Condominium,Issued,No,01-31-2027
CR23002451,"GRAN PARAISO CONDOMINIUM ASSOCIATION, INC.",480 NE 31ST STREET MIAMI FL 33137,Condominium,Issued,No,01-31-2027
CR23002452,"BEL-AIRE ON THE OCEAN CONDOMINIUM ASSOCIATION, INC.",6515 COLLINS AVE MIAMI BEACH FL 33141,Condominium,Issued,No,01-31-2027
CR23002453,"THE PAVILION CONDOMINIUM ASSOCIATION OF MIAMI BEACH, INC.",5601 COLLINS AVENUE MIAMI BEACH FLORIDA 33140,Condominium,Issued,No,01-31-2027
CR23002455,"BRICKELL FOREST CONDOMINIUM, INC.","13595 SW 134 AVE,SUITE 108 MIAMI FL 33186",Condominium,Issued,No,01-31-2027
CR23002456,CORAL GATE EAST CONDOMINIUM ASSOCIATION INC.,6952 NW 186TH STREET CLUBHOUSE MIAMI FL 33015,Condominium,Issued,No,01-31-2027
CR23002457,"COUNTRY LAKE PATIO HOMES COMMUNITY ASSOCIATION, INC.",6771 NW 199 TERRACE MIAMI LAKES FLORIDA 33015,Homeowner,Issued,No,01-31-2027
CR23002459,"BLUE DIAMOND CONDOMINIUM ASSOCIATION, INC.","4779 COLLINS AVENUE, MIAMI BEACH FL 33140",Condominium,Issued,No,01-31-2027
CR23002460,"CARMEL LAKES PROPERTY OWNERS ASSOCIATION, INC.",20790 SAN SIMEON WAY MIAMI FL 33179,Master Association,Issued,No,01-31-2027
CR23002462,"EIGHT PALMS CONDO ASSOC, INC.",1000 5TH ST STE 200 MIAMI BEACH FL 33139,Condominium,Issued,No,01-31-2027
CR23002464,"KINGSTON SQUARE CONDOMINIUM, INC.",9300 SW 77TH AVE. MIAMI FL 33156,Condominium,Issued,No,01-31-2027
CR23002465,"ARTECITY PLAZA CONDOMINIUM ASSOCIATION, INC.",2160 PARK AVE MIAMI BEACH FL 33139,Condominium,Issued,No,01-31-2027
CR23002467,"WISPERWOOD VILLAGE CONDOMINIUM ASSOCIATION, INC.",9301 S.W. 92 AVENUE MIAMI FL 33176,Condominium,Issued,No,01-31-2027
CR23002468,"GROVE ISLE ASSOCIATION, INC.",1 GROVE ISLE DR MIAMI FL 33133,Condominium,Issued,No,01-31-2027
CR23002469,"VENETIA CONDOMINIUM ASSOCIATION, INC.",555 NE 15TH ST MIAMI FLORIDA 33132,Condominium,Issued,No,01-31-2027
CR23002471,"MEI CONDOMINIUM ASSOCIATION, INC.",5875 COLLINS AVENUE MIAMI BEACH FL 33140-2223,Condominium,Issued,No,01-31-2027
CR23002472,"VENEZIA LAKES HOMEOWNERS ASSOCIATION,INC",14341 SW 129 COURT MIAMI FL 33186,Homeowner,Issued,No,01-31-2027
CR23002474,PARK VILLAS CONDOMINIUM ASSOCIATION INC.,435 21ST ST MIAMI BEACH FL 33139,Condominium,Issued,No,01-31-2027
CR23002475,"CAMINO COURT CONDOMINIUM ASSOCIATION, INC.",8000 SW 81ST DR MIAMI FL 33143,Condominium,Issued,No,01-31-2027
CR23002476,"401 BLU OF NORTH BEACH CONDOMINIUM ASSOCIATION, INC.",401 69TH ST DORAL FL 33122-1901,Condominium,Issued,No,01-31-2027
CR23002477,"EAST SIDE CONDOMINIUM ASSOCIATION, INC.",55 EAST 4 ST MIAMI LAKES FLORIDA 33014,Condominium,Issued,No,01-31-2027
CR23002478,"ONE MIAMI EAST CONDOMINIUM ASSOCIATION, INC.",335 S. BISCAYNE BLVD. MIAMI FL 33131,Condominium,Issued,No,01-31-2027
CR23002479,"METROPOLIS I AT DADELAND CONDOMINIUM ASSOCIATION, INC.",9055 SW 73 CT MIAMI FLORIDA 33156,Condominium,Issued,No,01-31-2027
CR23002481,"BILTMORE VILLAGE CONDOMINIUM THE PEACOCK BUILDING ASSOCIATION, INC.",671 BILTMORE WAY CORAL GABLES FL 33134,Condominium,Issued,No,01-31-2027
CR23002483,THE PLATINUM CONDOMINIUM ASSOCIATION INC,480 NE 30TH ST MIAMI FL 33137,Condominium,Issued,No,01-31-2027
CR23002484,"OCEANSIDE AT FISHER ISLAND CONDOMINIUM ASSOCIATION NO. FOUR, INC",7700 FISHER ISLAND DRIVE MIAMI FLORIDA 33109,Condominium,Issued,No,01-31-2027
CR23002485,BONTERRA NORTH HOMEOWNERS ASSOCIATION INC.,9501 W. 95TH CT HIALEAH FL 33018,Homeowner,Issued,No,01-31-2027
CR23002487,"ONE MIAMI WEST CONDOMINIUM ASSOCIATION, INC.",325 S. BISCAYNE BLVD MIAMI FL 33131,Condominium,Issued,No,01-31-2027
CR23002489,"PALM CREST VILLAS CONDOMINIUM ASSOCIATION, INC.",9001 S.W. 94 STREET MIAMI FL 33172,Condominium,Issued,No,01-31-2027
CR23002492,"BIMINI AT THE OASIS HOMEOWNERS' ASSOCIATION, INC.",344-350 NE 31ST CT HOMESTEAD FL 33033,Homeowner,Issued,No,01-31-2027
CR23002494,"CORAL ARMS CONDOMINIUM ASSOCIATION,INC.",3522 NE 166 ST NO MIAMI BEACH FL 33160,Condominium,Issued,No,01-31-2027
CR23002496,"CHATEAU GROVE CONDOMINIUM ASSOCIATION, INC.",3265 VIRGINIA ST MIAMI FL 33133,Condominium,Closed,Yes,01-31-2025
CR23002499,"LAKEVIEW TOWNHOMES AT THE CALIFORNIA CLUB CONDOMINIUM ASSOCIATION, INC.",20820 SAN SIMEON WAY MIAMI BEACH FL 33179,Condominium,Issued,No,01-31-2027
CR23002500,"ANTIGUA AT COUNTRY CLUB OF MIAMI CONDOMINIUM ASSOCIATION, INC.",17460 NW 67TH COURT MIAMI FL 33015,Condominium,Issued,No,01-31-2027
CR23002501,"DOWNTOWN DADELAND CONDOMINIUM NO. ONE ASSOCIATION, INC.",9010 SW 72 COURT MIAMI FL 33156,Condominium,Issued,No,01-31-2027
CR23002502,"MEADOWBROOK HOMEOWNERS' ASSOCIATION, INC.",7400 SW 148 CT MIAMI LAKES FLORIDA 33193,Homeowner,Issued,No,01-31-2027
CR23002503,"CENTURY PARK SOUTH CONDOMINIUM ASSOCIATION, INC.",15580 SW 136 ST CORAL GABLES FL 33134,Condominium,Issued,No,01-31-2027
CR23002504,"BAYVIEW PALMS CONDOMINIUM ASSOCIATION, INC.",1805 SANS SOUCI BLVD N. MIAMI FL 33181,Condominium,Issued,No,01-31-2027
CR23002505,"MODERN DORAL COMMUNITY ASSOCIATION, INC.",7505 NW 101 AVE DORAL FL 33178,Homeowner,Revoked,No,01-31-2027
CR23002508,"ONE MIAMI MASTER ASSOCIATION, INC.",335 S. BISCAYNE BLVD. MIAMI FL 33131,Master Association,Issued,No,01-31-2027
CR23002509,JADE RESIDENCES AT BRICKELL BAY CONDOMINIUM ASSOCIATION INC.,1331 BRICKELL BAY DR MIAMI FLORIDA 33131,Condominium,Issued,No,01-31-2027
CR23002510,"WEST VIEW VILLAS CONDOMINIUM ASSOCIATION, INC",2424 WEST 54TH PLACE MIAMI LAKES FLORIDA 33016,Condominium,Issued,No,01-31-2027
CR23002511,"THE BANYANS OF SOUTH MIAMI, INC.",6671 SW 70 TERRACE MIAMI FLORIDA 33157,Condominium,Issued,No,01-31-2027
CR23002512,"FIFTH MOORINGS CONDOMINIUM, INC.",1401 NE MIAMI GARDENS DR. MIAMI FL 33179,Condominium,Expired,Yes,01-31-2026
CR23002513,"VALENCIA TERRACE CONDOMINIUM ASSOCIATION, INC.",6825 WEST FLAGLER ST MIAMI FL 33144,Condominium,Issued,No,01-31-2027
CR23002515,"BROADWATER BEACH ARMS, II",6494 COLLINS AVE MIAMI BEACH FL 33141,Cooperative,Issued,No,01-31-2027
CR23002516,"ONE FIFTY ONE AT BISCAYNE CONDOMINIUM ASSOCIATION, INC.",201 ALHAMBRA CIRCLE CORAL GABLES FL 33134,Condominium,Issued,No,01-31-2027
CR23002517,"FONTAINEBLEAU GARDENS CONDOMINIUM ASSOCIATION, INC.",8125 NW 7TH ST MIAMI FL 33126,Condominium,Issued,No,01-31-2027
CR23002518,"PINE TREE PLACE CONDOMINIUM ASSOCIATION, INC.",4812 PINE TREE DRIVE MIAMI BEACH FL 33140,Condominium,Issued,No,01-31-2027
CR23002519,"GROVELAND CONDOMINIUM ASSOCIATION, INC.",2647 NW 25 AVENUE MIAMI FL 33142,Condominium,Issued,No,01-31-2027
CR23002520,"SANDORAL CONDOMINIUM ASSOCIATION, INC.",8005 LAKE DR MIRAMAR FL 33025,Condominium,Issued,No,01-31-2027
CR23002521,"2000 ISLAND BOULEVARD CONDOMINIUM ASSOCIATION, INC.",2000 ISLAND BLVD AVENTURA FL 33160,Condominium,Issued,No,01-31-2027
CR23002522,"MYSTIC POINTE TOWER 600 CONDOMINIUM ASSOCIATION, INC.",3400 NE 192ND STREET AVENTURA FL 33180,Condominium,Issued,No,01-31-2027
CR23002523,"HAMMOCKS TRAIL CONDOMINIUM ASSOCIATION, INC.",15301 SW 106TH LN MIAMI FL 33196,Condominium,Issued,No,01-31-2027
CR23002524,"VISTA ALEGRE TOWNHOMES CONDOMINIUM ASSOCIATION, INC.",5625 W 26 COURT MIAMI LAKES FLORIDA 33014,Condominium,Issued,No,01-31-2027
CR23002525,"THE COLONNADE AT DADELAND S.E. CONDOMINIUM ASSOCIATION, INC.",8390 SW 72ND AVENUE MIAMI FLORIDA 33143,Condominium,Issued,No,01-31-2027
CR23002526,"POINT EAST TWO CONDOMINIUM CORPORATION, INC.",2895 POINT EAST DR. AVENTURA FL 33160,Condominium,Issued,No,01-31-2027
CR23002527,KENDALL LAKES EAST LAKEVIEW TOWNHOME CONDOMINIUM ASSOCIATION INC.,13424 SW 62 ST MIAMI FL 33183,Condominium,Issued,No,01-31-2027
CR23002528,"5900 COLLINS AVENUE CONDOMINIUM ASSOCIATION, INC.",5900 COLLINS AVE MIAMI BEACH FL 33140,Condominium,Issued,No,01-31-2027
CR23002529,"MARQUIS MIAMI CONDOMINIUM ASSOCIATION, INC",1100 BISCAYNE BLVD MIAMI FL 33132,Condominium,Issued,No,01-31-2027
CR23002530,"POINCIANA SUNSET HOMEOWNERS ASSOCIATION, INC.",13595 SW 134 AVE MIAMI FL 33186,Homeowner,Issued,No,01-31-2027
CR23002531,"AVENTURA LAKES HOMEOWNERS' ASSOCIATION, INC.",3100 NE 210 STREET AVENTURA FL 33180,Homeowner,Issued,No,01-31-2027
CR23002532,"CAPRI AT THE OASIS NEIGHBORHOOD ASSOCIATION, INC.",171 NE 30 RD MIAMI FL 33186,Homeowner,Issued,No,01-31-2027
CR23002534,"BROADWATER BEACH ARMS, III, INC.",6498 COLLINS AVE MIAMI BEACH FLA 33141,Cooperative,Issued,No,01-31-2027
CR23002535,"AMARETTO OWNERS ASSOCIATION, INC.",11801 SW 100 TER MIAMI FLORIDA 33186,Homeowner,Expired,Yes,01-31-2026
CR23002536,"ALAQUA CONDOMINIUM ASSOCIATION, INC.",3001 NE 185TH STREET AVENTURA FL 33180,Condominium,Issued,No,01-31-2027
CR23002537,"CENTURY GARDENS HOMEOWNERS ASSOCIATION, INC.",11840 SW 155 CT MIAMI FLORIDA 33196,Homeowner,Issued,No,01-31-2027
CR23002538,"TERRAZAS DEL SOL CONDOMINIUM ASSOCIATION, INC.",5901 NW 151 STREET SUITE 100 MIAMI LAKES FLORIDA 33014,Condominium,Issued,No,01-31-2027
CR23002539,"THE CRIMSON CONDOMINIUM ASSOCIATION, INC.",601 NE 27TH ST MIAMI FLORIDA 33137,Condominium,Issued,No,01-31-2027
CR23002540,"FIFTH FORUM CONDOMINIUM CORP., INC.",1302 NE 191 STREET NORTH MIAMI BEACH FL 33179,Condominium,Issued,No,01-31-2027
CR23002541,"NEOVITA DORAL TOWNHOMES COMMUNITY ASSOCIATION, INC.",7201 NW 102 PLACE DORAL FLORIDA 33178,Homeowner,Issued,No,01-31-2027
CR23002542,"JEFFERSON PARK, INC., A CONDOMINIUM",1498 JEFFERSON AVE MIAMI BEACH FL 33139,Condominium,Issued,No,01-31-2027
CR23002544,"MAREA CONDOMINIUM ASSOCIATION, INC.",801 SOUTH POINTE DRIVE MIAMI BEACH FLORIDA 33139,Condominium,Issued,No,01-31-2027
CR23002545,"ENCLAVE AT DORAL CONDOMINIUM NO. 1 ASSOCIATION, INC.",4300 NW 107 AVE DORAL FLORIDA 33178,Condominium,Issued,No,01-31-2027
CR23002546,"ROLLING GREEN CONDOMINIUM F, INC.",1301 NE 191 STREET MIAMI LAKES FLORIDA 33014,Condominium,Issued,No,01-31-2027
CR23002547,"ENCLAVE AT DORAL CONDOMINIUM NO 2 ASSOCIATION, INC",4300 NW 107TH AVENUE DORAL FLORIDA 33178,Condominium,Issued,No,01-31-2027
CR23002548,"NEOVITA DORAL SINGLE FAMILY RESIDENCES COMMUNITY ASSOCIATION, INC.",6801 NW 103 AVE DORAL FL 33178,Homeowner,Issued,No,01-31-2027
CR23002550,"SOUTH CARILLON BEACH CONDOMINIUM ASSOCIATION, INC.",6799 COLLINS AVE MIAMI BEACH FLORIDA 33141,Condominium,Issued,No,01-31-2027
CR23002553,"THE PALMS 51 CONDOMINIUM ASSOCIATION, INC.",1821- 1851 NE 168ST NORTH MIAMI BEACH FL 33162,Condominium,Issued,No,01-31-2027
CR23002554,"LAKE VILLAGE CONDOMINIUM ASSOCIATION, INC.",14111 SW 66TH ST MIAMI FL 33183,Condominium,Issued,No,01-31-2027
CR23002555,"CITE CONDOMINIUMS ASSOCIATION, INC.",2000 N BAYSHORE DRIVE MIAMI FLORIDA 33137,Condominium,Issued,No,01-31-2027
CR23002556,"ENCLAVE AT DORAL MASTER ASSOCIATION, INC.",4300 NW 107TH AVE DORAL FLORIDA 33178,Master Association,Issued,No,01-31-2027
CR23002557,"BRICKELL KEY II CONDOMINIUM ASSOCIATION, INC.",540 BRICKELL KEY DRIVE MIAMI FL 33131,Condominium,Issued,No,01-31-2027
CR23002558,CENTRAL CARILLON BEACH CONDOMINIUM ASSOCIATION INC.,6801 COLLINS AVENUE MIAMI BEACH FLORIDA 33141,Condominium,Issued,No,01-31-2027
CR23002559,"THE COLONNADE AT DADELAND S.W. CONDOMINIUM ASSOCIATION, INC.",8395 S W 73RD AVENUE MIAMI FL 33143,Condominium,Issued,No,01-31-2027
CR23002560,"ISLA BELLA I AT MEDITERRANEA PROPERTY OWNER'S ASSOCIATION, INC.",8405 SW 166 PL MIAMI FL 33193,Homeowner,Issued,No,01-31-2027
CR23002561,"CARRIAGE CLUB SOUTH CONDOMINIUM ASSOCIATION, INC.",5001 COLLINS AVENUE MIAMI BEACH FL 33140,Condominium,Issued,No,01-31-2027
CR23002562,"LAKEWOOD TOWNHOMES VILLAS HOMEOWNERS ASSOCIATION, INC.",1434 SW 125 CT MIAMI FL 33184,Homeowner,Issued,No,01-31-2027
CR23002564,"TUSCANY POINTE VILLAS CONDOMINIUM ASSOCIATION, INC.",8430-8440 SW 8TH STREET MIAMI FL 33144,Condominium,Issued,No,01-31-2027
CR23002565,OCEANSIDE AT FISHER ISLAND CONDOMINIUM NO. 3 ASSOCIATION INC,2800 BISCAYNE BLVD MIAMI FLORIDA 33137,Condominium,Issued,No,01-31-2027
CR23002566,"LANDMARK AT DORAL CONDOMINIUM NO. 2 ASSOCIATION, INC.",10255 NW 63 TER DORAL FL 33178,Condominium,Issued,No,01-31-2027
CR23002567,ASHLEY CONDOMINIUM CORPORATION,5640 COLLINS AVE MIAMI BEACH FLORIDA 33140,Condominium,Issued,No,01-31-2027
CR23002568,"MYSTIC POINTE CONDOMINIUM NO. THREE ASSOCIATION, INC.",19101 MYSTIC POINTE DRIVE AVENTURA FLORIDA 33180,Condominium,Issued,No,01-31-2027
CR23002573,"IONIAN PLAZA CONDOMINIUM, INC.",110 SALAMANCA AVE MIAMI FL 33145,Condominium,Issued,No,01-31-2027
CR23002574,"LANDMARK AT DORAL CONDOMINIUM NO. 3 ASSOCIATION, INC.",10220 63RD TERRACE DORAL FL 33178,Condominium,Issued,No,01-31-2027
CR23002575,"LAKES OF THE MEADOW MASTER MAINTENANCE ASSOCIATION, INC.",4450 SW 152ND AVENUE MIAMI FL 33185,Homeowner,Issued,No,01-31-2027
CR23002577,"CENTURY PARK WEST CONDOMINIUM ASSOCIATION, INC.",220 NW 109TH AVENUE MIAMI FL 33172,Condominium,Issued,No,01-31-2027
CR23002578,"BISCAYNE BEACH SHARED FACILITIES ASSOCIATION, INC.",2900 NE 7TH AVE MIAMI FL 33137,Master Association,Issued,No,01-31-2027
CR23002580,"ST. LOUIS CONDOMINIUM ASSOCIATION, INC.",800 CLAUGHTON ISLAND DR. MIAMI FL 33131,Condominium,Issued,No,01-31-2027
CR23002581,"FIFTH HORIZONS CONDOMINIUM, INC.",19001 NE 14 AVE NO. MIAMI BEACH FL 33179,Condominium,Issued,No,01-31-2027
CR23002582,"CENTURY PARK CONDOMINIUM ASSOCIATION, INC.",8950 W FLAGLER ST MIAMI FL 33174,Condominium,Issued,No,01-31-2027
CR23002583,"55 MERRICK CONDOMINIUM ASSOCIATION, INC.",55 MERRICK WAY CORAL GABLES FL 33134,Condominium,Issued,No,01-31-2027
CR23002584,"CLOISTERS ON THE BAY CONDOMINIUM ASSOCIATION, INC.",3471 MAIN HIGHWAY MIAMI FL 33133,Condominium,Issued,No,01-31-2027
CR23002585,"LANDMARK AT DORAL CONDOMINIUM NO. 4 ASSOCIATION, INC.",6416 NW 102ND CT DORAL FL 33178,Condominium,Issued,No,01-31-2027
CR23002587,"OCEANSIDE AT FISHER ISLAND CONDOMINIUM NO. FIVE ASSOCIATION, INC.",7201-7292 FISHER ISLAND DRIVE MIAMI BEACH FLORIDA 33109,Condominium,Issued,No,01-31-2027
CR23002589,"HARBORVIEW AT FISHER ISLAND CONDOMINIUM ASSOCIATION, INC",4400 - 4700 FISHER ISLAND DR MIAMI BEACH FLORIDA 33139,Condominium,Abandoned,No,
CR23002591,"THE EMERALD AT BRICKELL CONDOMINIUM ASSOCIATION, INC.","218 SE 14TH STREET, 200 MIAMI FLORIDA 33131",Condominium,Issued,No,01-31-2027
CR23002592,"ISLANDS AT DORAL MASTER ASSOCIATION, INC.",8250 NW 112TH CT MIAMI FL 33126,Master Association,Issued,No,01-31-2027
CR23002593,"BAY GARDEN MANOR CONDOMINIUM ASSOCIATION, INC.",1250 WEST AVE MIAMI BEACH FLORIDA 33139,Condominium,Issued,No,01-31-2027
CR23002594,"BRICKELL EAST CONDOMINIUM ASSOCIATION, INC.",151 SE 15TH ROAD MIAMI FL 33129,Condominium,Expired,Yes,01-31-2026
CR23002595,"OCEANSIDE PLAZA CONDOMINIUM ASSOCIATION, INC.",5555 COLLINS AVE MIAMI BEACH FL 33140,Condominium,Issued,No,01-31-2027
CR23002596,"VERSAILLES GARDENS I CONDO ASSOC., INC.",9401 SW 4 ST MIAMI FL 33174,Condominium,Issued,No,01-31-2027
CR23002597,"MIRASOL OCEAN TOWERS CONDOMINIUM, INC.",2655 COLLINS AVE MIAMI FL 33140,Condominium,Expired,Yes,01-31-2026
CR23002598,"THE MARSEILLES CONDOMINIUM ASSOCIATION, INC.",1225 - 1233 MARSEILLE DR MIAMI BEACH FL 33141,Condominium,Issued,No,01-31-2027
CR23002599,"THE METROPOLITAN CONDOMINIUM ASSOCIATION, INC.",2475 BRICKELL AVENUE MIAMI FL 33129,Condominium,Issued,No,01-31-2027
CR23002601,"BAYSWATER COURT CONDO ASSOCIATION, INC.",2935 N.E. 163RD STREET NO MIAMI BEACH FL 33160,Condominium,Issued,No,01-31-2027
CR23002602,LEJEUNE PLAZA CONDOMINIUM ASSOCIATION INC,215 SW 42ND AVENUE MIAMI FL 33134,Condominium,Issued,No,01-31-2027
CR23002604,"CORSICA HOMEOWNERS ASSOCIATION, INC.",SW 248TH STREET AND SW 119TH AVENUE MIAMI FL 33032,Homeowner,Issued,No,01-31-2027
CR23002605,"TAHITI BEACH HOMEOWNERS ASSOCIATION, INC.",30 TAHITI BEACH ISLAND RD CORAL GABLES FL 33143,Homeowner,Issued,No,01-31-2027
CR23002606,"CRESTVIEW HOMEOWNERS ASSOCIATION, INC.",3934 SW 8TH STREET SUITE 303 MIAMI FL 33134,Homeowner,Issued,No,01-31-2027
CR23002607,BAYVIEW AT FISHER ISLAND CONDOMINIUM NO. THREE ASSOCIATION INC,5200 FISHER ISLAND DRIVE MIAMI BEACH FL 33109,Condominium,Issued,No,01-31-2027
CR23002608,"COURTS BRICKELL KEY CONDOMINIUM ASSOCIATION, INC.","801 BRICKELL KEY BLVD., SUITE 408 MIAMI FL 33131",Condominium,Issued,No,01-31-2027
CR23002609,"BRICKELL KEY ONE CONDOMINIUM ASSOCIATION, INC.",520 BRICKELL KEY DR MIAMI FL 33131,Condominium,Issued,No,01-31-2027
CR23002611,"STAR LOFTS ON THE BAY CONDOMINIUM ASSOCIATION, INC.",700 NE 25TH STREET MIAMI FL 33137,Condominium,Issued,No,01-31-2027
CR23002612,"IOS ON THE BAY CONDOMINIUM ASSOCIATION, INC.",720 NE 62ND STREET MIAMI FL 33138,Condominium,Issued,No,01-31-2027
CR23002613,"THE ESTATES AT VILLAS DEL CAMPO HOMEOWNER'S ASSOCIATION, INC.",24551 SW 109 PLACE MIAMI FL 33032,Homeowner,Issued,No,01-31-2027
CR23002614,"LANDMARK AT DORAL CONDOMINIUM NO. 1 ASSOCIATION, INC",10260 NW 63RD TER DORAL FL 33178,Condominium,Issued,No,01-31-2027
CR23002615,"ISLA BELLA II AT MEDITERRANEA PROPERTY OWNER'S ASSOCIATION, INC.",8005 SW 166 COURT MIAMI FL 33193,Homeowner,Expired,Yes,01-31-2026
CR23002616,SHOMA HOMES AT KEYS COVE CONDOMINIUM ASSOCIATION INC,1455 SE 27 ST HOMESTEAD FLORIDA 33035,Condominium,Issued,No,01-31-2027
CR23002617,"MIAMI LAKES LAKE SANDRA HOMEOWNERS' ASSOCIATION, INC.",15101 MONTROSE ROAD MIAMI LAKES FLORIDA 33016,Homeowner,Issued,No,01-31-2027
CR23002618,MYSTIC FOREST II HOMEOWNERS ASSOCIATION INC.,8118 SW 118TH PL MIAMI FL 33183,Homeowner,Issued,No,01-31-2027
CR23002620,"LAS BRISAS AT DORAL COMMUNITY ASSOCIATION, INC.",5749 NW 115TH CT DORAL FL 33178,Master Association,Issued,No,01-31-2027
CR23002621,"SUNSET HARBOUR NORTH CONDOMINIUM ASSOCIATION, INC.",1900 PURDY AVE MIAMI BEACH FL 33139,Condominium,Expired,Yes,01-31-2026
CR23002622,"BREEZE OF GALLOWAY CONDOMINIUM ASSOCIATION, INC.",21000 SW 87 AVE MIAMI FLORIDA 33186,Condominium,Expired,Yes,01-31-2026
CR23002623,"LAS BRISAS AT DORAL CONDOMINIUM NO. 1 ASSOCIATION, INC.",5749 NW 115 CT MIAMI FL 33178,Condominium,Issued,No,01-31-2027
CR23002624,"LAS BRISAS AT DORAL CONDOMINIUM NO. 6 ASSOCIATION, INC.",5749 NW 115TH CT DORAL FL 33178,Condominium,Issued,No,01-31-2027
CR23002625,"ROLLING GREEN CONDOMINIUM E, INC.",1351 N.E. 191 ST MIAMI FL 33179,Condominium,Issued,No,01-31-2027
CR23002626,"WATERSIDE CONDOMINIUM ASSOCIATION, INC.",2450 NE 135 STREET NORTH MIAMI FLORIDA 33181,Condominium,Issued,No,01-31-2027
CR23002627,"THE RIVER FRONT MASTER ASSOCIATION, INC.",92 SW 3RD STREET MIAMI FL 33130,Master Association,Issued,No,01-31-2027
CR23002628,"KENDALL GROVE HOMEOWNERS' ASSOCIATION, INC.",89-91 LN SW 108 AVE (INTERSECTION) MIAMI FL 33196,Homeowner,Issued,No,01-31-2027
CR23002629,"ST. MORITZ AT DORAL HOMEOWNERS ASSOCIATION, INC.",11501 NW 89 ST DORAL FL 33178,Homeowner,Issued,No,01-31-2027
CR23002630,"TARA HOMEOWNERS' ASSOCIATION, INC.",7808 SW 88 TER MIAMI FL 33156,Homeowner,Issued,No,01-31-2027
CR23002632,"KENDALL GREENS CONDOMINIUM ASSOCIATION, INC.",8500 SW 150 AVE MIAMI FLORIDA 33186,Condominium,Expired,Yes,01-31-2026
CR23002633,"CENTURY GARDENS VILLAGE HOMEOWNERS ASSOCIATION, INC.",8990 SW 152ND PATH MIAMI FL 33196,Homeowner,Issued,No,01-31-2027
CR23002634,"5100 BAYVIEW AT FISHER ISLAND CONDOMINIUM ASSOCIATION, INC",5100 AT FISHER ISLAND DRIVE MIAMI BEACH FL 33109,Condominium,Issued,No,01-31-2027
CR23002635,"MARTINIQUE AT THE OASIS NEIGHBORHOOD ASSOCIATION, INC.",3201 MEDITERRANEAN BLVD HOMESTEAD FL 33033,Homeowner,Issued,No,01-31-2027
CR23002636,"MEDITERRANEA (MIAMI) CONDOMINIUM ASSOCIATION, INC",117 NW 42 AVE MIAMI FL 33126,Condominium,Issued,No,01-31-2027
CR23002637,HIDDEN OAKS,11900 SW 80TH AVENUE MIAMI FL 33186,Homeowner,Issued,No,01-31-2027
CR23002638,"MIDTOWN DORAL MASTER ASSOCIATION, INC.",7751 NW 107 AVE DORAL FL 33178,Master Association,Issued,No,01-31-2027
CR23002639,"MILAN BY LENNAR HOMEOWNERS ASSOCIATION, INC.",10284 NW 32ND TER DORAL FL 33172,Homeowner,Issued,No,01-31-2027
CR23002640,ATLANTIC II AT THE POINT CONDO ASSN INC,21150 POINT PLACE AVENTURA FL 33180,Condominium,Abandoned,No,
CR23002642,"POINCIANA GARDENS HOMEOWNERS ASSOCIATION, INC.",7261 SW 120TH AVE MIAMI FL 33183,Homeowner,Issued,No,01-31-2027
CR23002643,"SECRET GARDENS AT MIDWAY CONDOMINIUM ASSOCIATION, INC.",9786 NW 10TH ST MIAMI FL 33172,Condominium,Issued,No,01-31-2027
CR23002644,"PELICAN'S COVE HOMEOWNERS ASSOCIATION, INC.",13595 SW 134 AVE MIAMI FL 33186,Homeowner,Issued,No,01-31-2027
CR23002646,"THE SOVEREIGNS CONDOMINIUM, INC.",6851 SW 147TH AVE MIAMI FL 33193,Condominium,Issued,No,01-31-2027
CR23002647,"TROPICAL MANOR CONDOMINIUM ASSOCIATION, INC.",3905 SW 78TH CT MIAMI FL 33155,Condominium,Issued,No,01-31-2027
CR23002648,"FIJI CONDOMINIUM NO. 3 ASSOCIATION, INC.",171 NE 30 RD MIAMI FL 33186,Condominium,Issued,No,01-31-2027
CR23002649,"THE GABLES CONDOMINIUM AND CLUB ASSOCIATION, INC.",10 EDGEWATER DRIVE MIAMI FL 33133,Condominium,Issued,No,01-31-2027
CR23002650,"HILLTOP CONDOMINIUM , INC.",8941 SW 62 TER MIAMI FL 33186,Condominium,Issued,No,01-31-2027
CR23002651,"LES CHALETS II AT INTERNATIONAL PARK HOMEOWNERS MAINTENANCE ASSOCIATION, INC.",18 STREET 123 AVENUE MIAMI FL 33175,Homeowner,Issued,No,01-31-2027
CR23002652,"CORAL WAY TOWER CONDOMINIUM ASSOCIATION, INC.",2950 SW 3RD AVE #2D MIAMI FL 33129-2734,Condominium,Issued,No,01-31-2027
CR23002653,"BAY VIEW EAST CONDOMINIUM ASSOCIATION, INC.",8600 BYRON AVENUE MIAMI BEACH FL 33141,Condominium,Issued,No,01-31-2027
CR23002654,"EDEN ISLES CONDOMINIUMS, INC.",12964 SW 133RD CT MIAMI FL 33186,Condominium,Issued,No,01-31-2027
CR23002656,"MARINA VILLAGE CONDOMINIUM ASSOCIATION, INC.",40304 FISHER ISLAND DR MIAMI FL 33109,Condominium,Issued,No,01-31-2027
CR23002658,"DOWNTOWN DADELAND MASTER ASSOCIATION, INC.","9010 SW 72ND COURT, E150D MIAMI FL 33156",Master Association,Issued,No,01-31-2027
CR23002659,"MARINA VILLAGE AT FISHER ISLAND CONDO NO.2 ASS,INC",40306 FISHER ISLAND DR MIAMI FL 33109,Condominium,Issued,No,01-31-2027
CR23002660,"CUTLER OAKS ESTATES HOMEOWNER'S ASSOCIATION, INC.",660 DESTACADA AVE CORAL GABLES FL 33156,Homeowner,Issued,No,01-31-2027
CR23002661,MARINA VILLAGE CONDOMINIUM NO. THREE ASSOCIATION INC,40306 FISHER ISLAND DRIVE MIAMI FL 33109,Condominium,Closed,No,01-31-2025
CR23002663,"WEST BAY PLAZA CONDOMINIUM ASSOCIATION, INC.",1688 WEST AVE MIAMI BEACH FLORIDA 33139,Condominium,Issued,No,01-31-2027
CR23002664,"BRIARWINDS CONDOMINIUM ASSOCIATION, INC.",9000 SW 152 ST MIAMI FLORIDA 33157,Condominium,Issued,No,01-31-2027
CR23002665,"WESTHAVEN AT 23RD COURT CONDOMINIUM ASSOCIATION, INC.",2721 NW 23 CT MIAMI LAKES FLORIDA 33014,Condominium,Issued,No,01-31-2027
CR23002666,"THE LANDMAK CLUB CONDOMINIUM ASSOCIATION, INC.",20185 EAST COUNTRY AVENTURA FL 33180,Condominium,Issued,No,01-31-2027
CR23002667,EL CONQUISTADOR SOUTH CONDO,14160 SW 86 ST MIAMI FLORIDA 33183,Condominium,Issued,No,01-31-2027
CR23002668,"ISLA MARGARITA AT DORAL HOMEOWNERS ASSOCIATION, INC.",NW 116TH COURT AND 82 STREET CORAL GABLES FL 33134,Homeowner,Issued,No,01-31-2027
CR23002670,"VILLA CASTILLO HOMEOWNER'S ASSOCIATION, INC.",9000 SW 152 ST MIAMI FL 33157,Homeowner,Issued,No,01-31-2027
CR23002671,"KENDALL KINGDOM HOMEOWNER'S ASSOCIATION, INC.",10691 N.KENDALL DRIVE SUITE 206 MISMI FLORIDA 33176,Homeowner,Issued,No,01-31-2027
CR23002672,"BAY HOUSE MIAMI CONDOMINIUM ASSOCIATION, INC.",600 NE 27TH ST MIAMI FLORIDA 33137,Condominium,Issued,No,01-31-2027
CR23002673,"SANTA MARIA ON BRICKELL CONDOMINIUM ASSOCIATION, INC.",1643 BRICKELL AVE MIAMI FL 33129,Condominium,Issued,No,01-31-2027
CR23002675,"BAYVIEW AT FISHER ISLAND CONDOMINIUM NO. TWO ASSOCIATION, INC",5300 FISHER ISLAND DRIVE MIAMI BEACH FLORIDA 33109,Condominium,Abandoned,No,
CR23002676,"EL CONQUISTADOR CONDOMINIUMS ASSOCIATION, INC.","14160 SW 86 ST MIAMI, FL FL 33183",Condominium,Issued,No,01-31-2027
CR23002677,"DIMENSIONS AT DORAL HOMEOWNERS' ASSOCIATION, INC.",4852 NW 114 AVE DORAL FL 33178,Homeowner,Issued,No,01-31-2027
CR23002678,"5300 PASEO CONDOMINIUM ASSOCIATION, INC.",5300 NW 85 AVE DORAL FLORIDA 33166,Condominium,Issued,No,01-31-2027
CR23002679,"THE CLUB AT BRICKELL BAY PLAZA CONDOMINIUM ASSOCIATION, INC.",1200 BRICKELL BAY DR MIAMI FL 33131,Condominium,Issued,No,01-31-2027
CR23002680,"MIRAGE AT OASIS COMMUNITY ASSOCIATION, INC.",282 NE 33 TER MIAMI FL 33033,Homeowner,Issued,No,01-31-2027
CR23002681,"MYSTIC FOREST HOMEOWNERS ASSOC.,INC.",11901 SW 81ST LANE MIAMI FL 33183,Homeowner,Issued,No,01-31-2027
CR23002682,"MARSEILLES DECO CONDOMINIUM ASSOCIATION, INC.",1239-1285 MARSEILLE DRIVE MIAMI BEACH FL 33141,Condominium,Issued,No,01-31-2027
CR23002683,"LAS BRISAS AT DORAL CONDOMINIUM NO. 3 ASSOCIATION, INC.",5749 NW 115TH CT DORAL FL 33178,Condominium,Issued,No,01-31-2027
CR23002684,"LEEWARD AT ISLANDS AT DORAL CONDOMINIUM ASSOCIATION, INC.",8311 NW 107 CT DORAL FL 33178,Condominium,Issued,No,01-31-2027
CR23002687,"PALMETTO FAIRWAY CONDOMINIUM ASSOCIATION, INC.",15888 SW 95TH AVE MIAMI FL 33157,Condominium,Issued,No,01-31-2027
CR23002688,PENINSULA ASSOCIATION INC.,1300/1350 SW 122ND AVE MIAMI FL 33184,Condominium,Issued,No,01-31-2027
CR23002689,"MARBELLA PARK WEST HOMEOWNERS' ASSOCIATION, INC.",8610 NW 197TH TERRACE MIAMI LAKES FLORIDA 33015,Homeowner,Issued,No,01-31-2027
CR23002690,"KENLAND WALK CONDOMINIUM IV, INC.",8827 SW 123RD CT MIAMI FL 33186,Condominium,Expired,Yes,01-31-2026
CR23002692,"LAKEWOOD ESTATES PATIO HOMES CONDOMINIUM ASSOCIATION, INC.",9680 SW 152 AVE MIAMI FLORIDA 33186,Condominium,Issued,No,01-31-2027
CR23002694,"THE TOWNHOMES OF TOWNGATE SOUTH HOMEOWNERS ASSOCIATION, INC.",11234 SW 117TH PLACE MIAMI FL 33186,Homeowner,Issued,No,01-31-2027
CR23002695,"VILLA ZAMORA CONDOMINIUM ASSOCIATION, INC.",3934 SW 8TH STREET. SUITE 303 CORAL GABLES FL 33134,Condominium,Issued,No,01-31-2027
CR23002697,"BRICKELL ON THE RIVER SOUTH TOWER CONDOMINIUM ASSOCIATION, INC.",41 SE 5TH ST MIAMI FL 33131,Condominium,Expired,Yes,01-31-2026
CR23002698,709 CURTISS PARKWAY CONDOMINIUM ASSOCIATION INC.,709 CURTISS PARKWAY MIAMI SPRINGS FL 33166,Condominium,Issued,No,01-31-2027
CR23002699,ALUNA CONDOMINIUM ASSOCIATION INC,320-330 86TH STREET MIAMI BEACH FL 33141,Condominium,Issued,No,01-31-2027
CR23002700,"L'AMBIANCE TOWNHOMES IN KENDALL CONDOMINIUM ASSOCIATION, INC.",12964 SW 133 CT MIAMI FLORIDA 33186,Condominium,Issued,No,01-31-2027
CR23002701,"TROPICAL PARK VILLAS CONDOMINIUM ASSOCIATION, INC.",3801-3817 SW 82ND AVE MIAMI FL 33155,Condominium,Issued,No,01-31-2027
CR23002704,1100 MILLECENTO RESIDENCES CONDO ASSN INC,"1100 SOUTH MIAMI AVENUE, SUITE 101 MIAMI FL 33130",Condominium,Issued,No,01-31-2027
CR23002706,"KENDALL GLENN CONDOMINIUM ASSOCIATION, INC.",7860 SW 86 ST MIAMI FLORIDA 33143,Homeowner,Issued,No,01-31-2027
CR23002707,"THE FAIRCHILD CONDOMINIUM ASSOCIATION, INC.","3581 EAST GLENCOE STREET, , 200 MIAMI FLORIDA 33133",Condominium,Issued,No,01-31-2027
CR23002710,"SHORE DRIVE CONDOMINIUM ASSOCIATION, INC.",75 SOUTH SHORE DR MIAMI BEACH FL 33141,Condominium,Issued,No,01-31-2027
CR23002713,"THE DECOPLAGE CONDOMINIUM ASSOCIATION, INC.",100 LINCOLN RD MIAMI BEACH FL 33139,Condominium,Expired,Yes,01-31-2026
CR23002714,"THE MIAMI SANDPIPER CONDOMINIUM ASSOCIATION, INC",3745 NE 171 STREET NORTH MIAMI BEACH FL 33160,Condominium,Issued,No,01-31-2027
CR23002715,"BONNE VIE MANAGEMENT ASSOCIATION, INC.",1670 LINCOLN COURT MIAMI FL 33129,Condominium,Issued,No,01-31-2027
CR23002716,"ARIA ON THE BAY CONDOMINIUM ASSOCIATION, INC.",488 NE 18 STREET MIAMI FL 33132,Condominium,Issued,No,01-31-2027
CR23002717,ECHO BRICKELL CONDO ASSN INC,"1451 BRICKELL AVENUE, SUITE 500 MIAMI FL 33131",Condominium,Issued,No,01-31-2027
CR23002718,"THE CROSSINGS VILLAGE HOMES CONDOMINIUM ASSOCIATION, INC.",12964 SW 133 COURT MIAMI FLORIDA 33186,Condominium,Issued,No,01-31-2027
CR23002719,"ONE PARAISO CONDOMINIUM ASSOCIATION, INC.",3131 NE 7TH AVE MIAMI FL 33137,Condominium,Issued,No,01-31-2027
CR23002720,"LAS CASCADAS HOMEOWNERS' ASSOCIATION, INC.",5502 NW 113 AVE. DORAL FL 33178,Homeowner,Issued,No,01-31-2027
CR23002722,"UNIVERSITY INN CONDOMINIUM ASSOCIATION, INC.",1280 SOUTH ALHAMBRA CIRCLE CORAL GABLES FLORIDA 33146,Condominium,Issued,No,01-31-2027
CR23002723,"ENCLAVE WATERSIDE VILLAS CONDOMINIUM ASSOCIATION, INC.",2160 - 2170 BAY DRIVE WEST MIAMI BEACH FL 33141,Condominium,Issued,No,01-31-2027
CR23002725,"3315 TOWER CONDOMINIUM ASSOCIATION, INC.",3315 COLLINS AVE MIAMI BEACH FL 33140,Condominium,Issued,No,01-31-2027
CR23002726,"THE SANDERLING APARTMENTS CONDOMINIUM, INC.",3934 SW 8TH ST CORAL GABLES FL 33134,Condominium,Issued,No,01-31-2027
CR23002727,"1060 BRICKELL CONDOMINIUM ASSOCIATION, INC.",1060 BRICKELL AVENUE MIAMI FL 33131,Condominium,Issued,No,01-31-2027
CR23002728,"BRICKELLHOUSE CONDOMINIUM ASSOCIATION, INC.",1300 BRICKELL BAY DRIVE MIAMI FL 33131,Condominium,Issued,No,01-31-2027
CR23002729,BALMORAL ESTATES HOMEOWNERS ASSOCIATION,4397 NW 113 COURT DORAL FL 33178,Homeowner,Issued,No,01-31-2027
CR23002730,"1300 S MIAMI AVENUE CONDOMINIUM ASSOCIATION, INC.",1300 SOUTH MIAMI AVENUE MIAMI FL 33130,Condominium,Issued,No,01-31-2027
CR23002733,"LYNBROOK COURTS CONDOMINIUM ASSOCATION, INC.",12964 SW 133 CT MIAMI FLORIDA 33186,Condominium,Issued,No,01-31-2027
CR23002735,"BYRON BAY ASSOCIATION, INC.",8201 BYRON AVE MIAMI BEACH FL 33141,Condominium,Issued,No,01-31-2027
CR23002736,"PORTSVIEW AT THE WATERWAYS CONDOMINIUM ASSOCIATION, INC.",3610 YACHT CLUB DR AVENTURA FLORIDA 33180,Condominium,Issued,No,01-31-2027
CR23002741,"THE GREENS AT DORAL CONDOMINIUM ASSOCIATION, INC.",4630 NW 97TH PL DORAL FL 33178,Condominium,Issued,No,01-31-2027
CR23002743,WINDWOOD CONDOMINIUM ASSOCIATION INC.,5901 NW 151 ST STREET SUITE 100 MIAMI LAKES FL 33014,Condominium,Issued,No,01-31-2027
CR23002744,"GROVE VILLAS WEST HOMEOWNERS ASSOCIATION, INC.",81 TERR SW 152 CT MIAMI FL 33193,Homeowner,Issued,No,01-31-2027
CR23002745,"MIDTOWN DORAL CONDOMINIUM 1 ASSOCIATION, INC.",7661 NW 107 AVE DORAL FL 33178,Condominium,Issued,No,01-31-2027
CR23002748,"MIDTOWN DORAL CONDOMINIUM 2 ASSOCIATION, INC.",7751 NW 107TH AVE DORAL FL 33178,Condominium,Issued,No,01-31-2027
CR23002749,GARDEN HOMES AT THE MOORS MAINTENANCE ASSOC,17321 NW 66 CT HIALEAH FL 33015,Homeowner,Issued,No,01-31-2027
CR23002750,"AQUA VISTA TOWNHOMES CONDOMINIUM ASSOCIATION, INC.",2046 NE 167 ST NORTH MIAMI BEACH FL 33162,Condominium,Issued,No,01-31-2027
CR23002751,"DOUGLAS GRAND CONDOMINIUM ASSOCIATION, INC.",50 MENORES AVE CORAL GABLES FL 33134,Condominium,Issued,No,01-31-2027
CR23002752,"MIDTOWN DORAL CONDOMINIUM 3 ASSOCIATION, INC.",7825 NW 107 AVE DORAL FL 33178,Condominium,Issued,No,01-31-2027
CR23002753,"MIDTOWN DORAL CONDOMINIUM 4 ASSOCIATION, INC.",7875 NW 107 AVE DORAL FL 33178,Condominium,Issued,No,01-31-2027
CR23002754,"DORAL MEADOWS HOMEOWNERS' ASSOCIATION, INC.",4667 NW 111 COURT DORAL FL 33178,Homeowner,Issued,No,01-31-2027
CR23002755,"MONTEREY AT MALIBU BAY CONDOMINIUM ASSOCIATION, INC.",3785 NW 82ND AVE DORAL FL 33166,Condominium,Issued,No,01-31-2027
CR23002756,"RUSTIC ESTATES, INC.",13876 SW 56TH ST MIAMI FL 33175,Homeowner,Issued,No,01-31-2027
CR23002757,"THE JOCKEY CLUB CONDOMINIUM APARTMENTS, INC.",11111 BISCAYNE BLVD. MIAMI FL 33181,Condominium,Expired,Yes,01-31-2026
CR23002758,"VILLAGE OF CAMPO SANO CONDOMINIUM ASSOCIATION, INC.",1107 CAMPO SANO AVENUE MIAMI FLORIDA 33157,Condominium,Issued,No,01-31-2027
CR23002759,"GABLES HARBOUR CONDOMINIUM APARTMENTS ASSOCIATION, INC.",6901 EDGEWATER DR MIAMI FLORIDA 33157,Condominium,Issued,No,01-31-2027
CR23002760,BIRD ROAD CONDOMINIUM ASSOCIATION INC.,P.O. BOX 960070 MIAMI FL 33296,Condominium,Issued,No,01-31-2027
CR23002762,"BERMUDA VILLAGE (CORAL GABLES) ASSOCIATION, INC.","9000 SW 152 STREET, SUITE 102 MIAMI FLORIDA 33157",Condominium,Issued,No,01-31-2027
CR23002763,"ALEXTE WAREHOUSE CONDOMINIUM ASSOCIATION, INC.","9000 SW 152 STREET, SUITE 102 MIAMI FLORIDA 33157",Condominium,Abandoned,No,
CR23002765,"COLONNADE BAY CONDOMINIUM ASSOCIATION, INC.",8530 BYRON AVENUE MIAMI BEACH FL 33141,Condominium,Issued,No,01-31-2027
CR23002766,"RIVIERA VILLAS CONDOMINIUM ASSOCIATION, INC.",1220 71ST STREET MIAMI FL 33141,Condominium,Issued,No,01-31-2027
CR23002767,"ROYAL PALM ASSOCIATION , INC.",428 SW 5 AVE MIAMI FL 33130,Condominium,Issued,No,01-31-2027
CR23002768,"ROLLING GREEN CONDOMINIUM D, INC.",1401 N.E. 191ST STREET NORTH MIAMI BEACH FL 33179,Condominium,Issued,No,01-31-2027
CR23002771,"GRATIGNY PARK CONDOMINIUM NO. 1, INC",305 W 68TH ST #1 HIALEAH FL 33014,Condominium,Issued,No,01-31-2027
CR23002772,"CONDOMINIUM E ASSOCIATION AT MEDITERRANEA, INC.",347 IVES DAIRY ROD MIAMI FL 33179,Condominium,Expired,Yes,01-31-2026
CR23002774,"FOURTH FORUM CONDOMINIUM CORP., INC.",1304 NE 191ST ST NORTH MIAMI BEACH FL 33179,Condominium,Issued,No,01-31-2027
CR23002775,"VILLAGE HOMES AT COUNTRY WALK NO. 1-9 MAINTENANCE ASSOCIATION, INC.",13720 SW 147 CIR LN MIAMI FLORIDA 33186,Master Association,Issued,No,01-31-2027
CR23002776,"SEVENTH HORIZON CONDOMINIUM, INC.",18901 NE 14 AVE NORTH MIAMI BEACH. FL 33179,Condominium,Issued,No,01-31-2027
CR23002777,"SOUTH SHORE CONDOMINIUM ASSOCIATION, INC.","8950 NE 8TH AVE, SUITE 209 MIAMI FL 33138",Condominium,Issued,No,01-31-2027
CR23002778,"THIRD HORIZONS CONDOMINIUM, INC.",1530 NE 191 STREET NORTH MIAMI BEACH FL 33179,Condominium,Issued,No,01-31-2027
CR23002779,"GROVE VIEW GARDEN HOMES ASSOCIATION, INC.",3475 SW 1 AVE MIAMI FL 33145,Homeowner,Issued,No,01-31-2027
CR23002780,"POINT BAY NORTH CONDOMINIUM, INC.",520 NE 38TH STREET MIAMI FL 33137,Condominium,Issued,No,01-31-2027
CR23002781,"GREYNOLDS PARK CLUB ASSOCIATION, INC.",17890 W DIXIE HWY NORTH MIAMI BEACH FLORIDA 33160,Condominium,Issued,No,01-31-2027
CR23002782,"PARAMOUNT MIAMI WORLDCENTER CONDOMINIUM ASSOCIATION, INC.","851 NE 1ST AVE, SUITE 600 MIAMI FL 33132",Condominium,Issued,No,01-31-2027
CR23002783,"THE OAKS AT SOUTH MIAMI CONDOMINIUM ASSOCIATION, INC.",6310 AND 6330 SW 79TH STREET SOUTH MIAMI FLORIDA 33143,Condominium,Expired,Yes,01-31-2026
CR23002785,"FAIRWAY LAKES VILLAGE HOMEOWNERS, INC",974 NW 106 AVE CIRCLE MIAMI FL 33172,Homeowner,Issued,No,01-31-2027
CR23002786,FIRST FORUM CONDOMINIUM CORP. INC.,18900 NE 14 AVE NORTH MIAMI BEACH FLORIDA 33179,Condominium,Issued,No,01-31-2027
CR23002787,VILLAGE OF DORAL CHASE ASSOCIATION INC,4331 NW 102 AVENUE DORAL FL 33178,Homeowner,Issued,No,01-31-2027
CR23002788,"8300 BYRON AVE. CONDOMINIUM ASSOCIATION, INC.",8300 BYRON AVE MIAMI BEACH FL 33141,Condominium,Expired,Yes,01-31-2026
CR23002789,JOHN CHARLES CONDOMINIUM ASSOCIATION INC,7646 ABBOTT AVE MIAMI BEACH FL 33141,Condominium,Issued,No,01-31-2027
CR23002790,"APARTMENTS ENCHANTE ASSOCIATION, INC.",1960 MARSEILLE DR MIAMI BEACH FL 33141,Condominium,Issued,No,01-31-2027
CR23002792,"MARQUIS VILLAS-I CONDOMINIUM ASSOCIATION, INC.",6751 - 6767 NW 182 STREET MIAMI LAKES FLORIDA 33015,Condominium,Issued,No,01-31-2027
CR23002793,"THE PARK TOWNHOMES CONDOMINIUM NO.II ASSOCIATION, INC.",3402-3488 SW 112 AVE MIAMI FL 33165,Condominium,Issued,No,01-31-2027
CR23002794,"MARIPOSA MANOR ASSOCIATION, INC.",1235 MARIPOSA AVENUE CORAL GABLES FL 33146,Condominium,Issued,No,01-31-2027
CR23002795,VILLAGE OF DORAL SANDS ASSOCIATION INC,10600 NW 52ND TERRACE DORAL FL 33178,Homeowner,Issued,No,01-31-2027
CR23002796,"SECOND HORIZONS CONDOMINIUM, INC.",1500 NE 191ST ST NORTH MIAMI BEACH FLORIDA 33179,Condominium,Issued,No,01-31-2027
CR23002798,"PENN TERRACE TOWERS, INC.",730 PENNSYLVANIA AVE MIAMI BEACH FL 33139,Condominium,Issued,No,01-31-2027
CR23002799,"BELIZE AT THE OASIS NEIGHBORHOOD ASSOCIATION, INC.","381 N. KROME AVENUE, SUITE 205 HOMESTEAD FL 33030",Homeowner,Issued,No,01-31-2027
CR23002800,"THE POINCIANA VILLAGE CONDOMINIUM ASSOCIATION, INC.",201 & 269 NW 7 STREET MIAMI FL 33136,Condominium,Issued,No,01-31-2027
CR23002801,"SKY LAKE GARDENS NO. 2. INC., A CONDOMINIUM",1663 NE MIAMI GARDENS DR NORTH MIAMI BEACH FL 33179,Condominium,Issued,No,01-31-2027
CR23002802,CENTENNIAL HOMEOWNERS ASSOCIATION INC.,381 N KROME AVE HOMESTEAD FL 33030,Homeowner,Issued,No,01-31-2027
CR23002803,EAGLE COVE HOMEOWNERS ASSOCIATION INC,11137 NW 43RD LANE DORAL FL 33178,Homeowner,Issued,No,01-31-2027
CR23002804,"SIXTH FORUM CONDOMINIUM CORP., INC. (A CONDOMINIUM ASSOCIATION)",1300 NE 191ST ST NORTH MIAMI BEACH FL 33179-4034,Condominium,Issued,No,01-31-2027
CR23002805,"THE CITADEL CONDOMINIUM ASSOCIATION, INC.",102 SW 6TH AVENUE MIAMI FL 33136,Condominium,Issued,No,01-31-2027
CR23002806,"CARMEL LAKES CONDOMINIUM NO. 1 ASSOCIATION, INC.",469 NE 207 LN MIAMI FL 33179,Condominium,Issued,No,01-31-2027
CR23002807,"ROLLING GREEN B CONDOMINIUM ASSOCIATION, INC.",1601 NE 191ST ST NORTH MIAMI BEACH FL 33179,Condominium,Issued,No,01-31-2027
CR23002808,"FLORIDIAN BAY ESTATES AT WATERSTONE HOMEOWNERS ASSOCIATION, INC.",4002 WATERSTONE WAY HOMESTEAD FL 33030,Homeowner,Issued,No,01-31-2027
CR23002810,"CARMEL LAKES CONDOMINIUM NO. 5 ASSOCIATION, INC.",444 NE 206 LN MIAMI FL 33179,Condominium,Issued,No,01-31-2027
CR23002811,"GABLES MARQUIS CONDOMINIUM ASSOCIATION, INC.",3232 CORAL WAY MIAMI FL 33145,Condominium,Issued,No,01-31-2027
CR23002812,"ROLLING GREEN CONDOMINIUM G, INC.",1201 NE 191 ST NORTH MIAMI BEACH FL 33179,Condominium,Issued,No,01-31-2027
CR23002813,FLORIDIAN ISLE AT WATERSTONE TOWNHOMES HOMEOWNERS ASSOCIATION INC.,24-26 AVE NE 41-42 PL HOMESTEAD FL 33030,Homeowner,Issued,No,01-31-2027
CR23002815,"MAYFIELD CONDOMINIUM ASSOCIATION, INC.",1395 BRICKELL AVE MIAMI FLORIDA 33131,Condominium,Issued,No,01-31-2027
CR23002816,PEPPERMILL AT KENDALE LAKES WEST CONDO ASSN INC,8000 SW 149TH AVE MIAMI FL 33193-1402,Condominium,Issued,No,01-31-2027
CR23002817,"CARMEL LAKES CONDOMINIUM NO. 6 ASSOCIATION, INC.",468 NE 206 LN MIAMI FL 33179,Condominium,Issued,No,01-31-2027
CR23002818,"ROLLING GREEN CONDOMINIUM A, INC.",1701 NE 191 ST NORTH MIAMI BEACH FL 33179-4215,Condominium,Issued,No,01-31-2027
CR23002820,"SON VIDA CONDOMINIUM ASSOCIATION, INC.",1035 W 77 ST HIALEAH FL 33014,Condominium,Issued,No,01-31-2027
CR23002821,"CARMEL LAKES CONDOMINIUM 7 ASSOCIATION, INC.",20681 NE 4 PL MIAMI FL 33179,Condominium,Issued,No,01-31-2027
CR23002822,"AZUL AT FONTAINEBLEAU CONDOMINIUM ASSOCIATION, INC.",8251 & 8261 NW 8 STREET MIAMI FL 33126,Condominium,Issued,No,01-31-2027
CR23002823,"GOLF RIDGE VILLAS CONDOMINIUM UNIT A, INC.",20490 NW 7TH AVE MIAMI FL 33169,Condominium,Issued,No,01-31-2027
CR23002825,"LAGO MAR TOWNHOMES ASSOCIATION, INC.",10300 SUNSET DR HOMESTEAD FL 33030,Homeowner,Issued,No,01-31-2027
CR23002827,"SOUTH LAKE VILLAGE II CONDOMINIUM ASSOCIATION, INC.",15410 S.W. 74TH COURT MIAMI FL 33193,Condominium,Issued,No,01-31-2027
CR23002829,"OASIS COMMUNITY HOMEOWNERS ASSOCIATION, INC.",SW 152 AVENUE OR SW 147 AVENUE HOMESTEAD FL 33033,Master Association,Issued,No,01-31-2027
CR23002830,"THE INTERNATIONAL CONDOMINIUM, INC.",6780 W 2ND CT HIALEAH FL 33012,Condominium,Issued,No,01-31-2027
CR23002833,PEBBLEBROOK HOMEOWNERS ASSOCIATION INC,25 CT NE 41 TERR HOMESTEAD FL 33030,Homeowner,Issued,No,01-31-2027
CR23002834,"SPANISH TRACE CONDOMINIUM ASSOCIATION, INC.",10766 N KENDALL DRIVE MIAMI FL 33176,Condominium,Issued,No,01-31-2027
CR23002835,"KENDALL ACRES CONDOMINIUM, INC.",10375-A NORTH KENDALL DRIVE MIAMI FL 33176,Condominium,Issued,No,01-31-2027
CR23002836,"THE CORAL CREST CONDOMINIUM ASSOCIATION, INC.",15250 SW 76 ST MIAMI FL 33296,Condominium,Issued,No,01-31-2027
CR23002837,VILLA DORAL MASTER HOMEOWNERS ASSOCIATION INC.,4700 NW 114 AVENUE DORAL FL 33178,Homeowner,Issued,No,01-31-2027
CR23002838,KEYSTONE GARDENS CONDO INC,"2430 NE 135 ST, MIAMI FL 33181",Condominium,Issued,No,01-31-2027
CR23002840,"REGATTA POINTE - MIAMI LAKES CONDOMINIUM ASSOCIATION, INC.",14621 BALGOWAN RD MIAMI LAKES FL 33015,Condominium,Issued,No,01-31-2027
CR23002841,"THE RONEY PALACE CONDOMINIUM ASSOCIATION, INC.",2301 COLLINS AVE. SUITE M-1 MIAMI BEACH FL 33139,Condominium,Issued,No,01-31-2027
CR23002842,"SAN SIMEON HOMES HOMEOWNERS ASSOCIATION, INC.",21300 SAN SIMEON WAY MIAMI FL 33179,Homeowner,Issued,No,01-31-2027
CR23002843,"YOLANDA VILLAS CONDOMINIUM ASSOCIATION, INC.",801 NW 47TH AVE MIAMI FL 33126,Condominium,Issued,No,01-31-2027
CR23002844,DORAL GARDENS HOMEOWNERS ASSOCIATION INC,112 AVE & NW 53 LN DORAL FL 33166,Homeowner,Issued,No,01-31-2027
CR23002845,"KENDALL GATE - A CONDOMINIUM, INC.",10850 SW 88TH ST MIAMI FLORIDA 33176,Condominium,Issued,No,01-31-2027
CR23002846,"PORTOFINO ESTATES PROPERTY OWNERS ASSOCIATION, INC.",2293 NE 37 RD HOMESTEAD FL 33030,Homeowner,Issued,No,01-31-2027
CR23002847,LUDLUM LAKE TOWNHOUSE SECTION TWO ASSOCIATION INC.,7040 NW 169 ST DORAL FL 33012,Condominium,Issued,No,01-31-2027
CR23002848,PORTOFINO LAKES PROPERTY OWNERS ASSOCIATION INC.,1760 NE 37 TH AVE HOMESTEAD FL 33030,Homeowner,Issued,No,01-31-2027
CR23002849,"ISOLA HOMEOWNERS ASSOCIATION, INC.",11350 SW 250TH TER HOMESTEAD FLORIDA 33032,Homeowner,Issued,No,01-31-2027
CR23002850,"PORTOVITA HOMEOWNERS ASSOCIATION, INC.",180 SE 26TH AVE HOMESTEAD FLORIDA 33033,Homeowner,Issued,No,01-31-2027
CR23002851,"SEAGRAPE PROPERTY OWNERS ASSOCIATION, INC.",381 N KROME AVENUE HOMESTEAD FL 33030,Homeowner,Issued,No,01-31-2027
CR23002852,"PORTOFINO TOWERS CONDOMINIUM ASSOCIATION, INC.",300 SOUTH POINTE DR MIAMI BEACH FL 33139,Condominium,Issued,No,01-31-2027
CR23002853,"STONEBROOK HOA, INC.",381 N KROME AVENUE HOMESTEAD FL 33030,Homeowner,Issued,No,01-31-2027
CR23002854,"IVES DAIRY TOWNHOMES HOMEOWNERS ASSOCIATION, INC.",20686 NE 10 PL NORTH MIAMI BEACH FL 33179,Homeowner,Issued,No,01-31-2027
CR23002855,"PORTOFINO/SOUTH POINTE MASTER ASSOCIATION, INC.",300 SOUTH POINTE DR MIAMI BEACH FL 33139,Master Association,Issued,No,01-31-2027
CR23002856,"VENETIA GARDENS SOUTH CONDOMINIUM ASSOCIATION, INC.","C/O 381 N. KROME AVENUE, SUITE 205 HOMESTEAD FL 33030",Condominium,Issued,No,01-31-2027
CR23002857,"HIDDEN COVE OWNERS' ASSOCIATION, INC.",2654-2696 NE 135 STREET NORTH MIAMI FL 33181,Homeowner,Issued,No,01-31-2027
CR23002858,"LAKE PARK CONDOMINIUM I, INC.",900 NE 199 ST NORTH MIAMI BEACH FL 33179,Condominium,Issued,No,01-31-2027
CR23002859,"VENTANAS DEL SOL HOMEOWNERS' ASSOCIATION, INC.","C/O 381 N. KROME AVENUE, SUITE 205 HOMESTEAD FL 33030",Homeowner,Issued,No,01-31-2027
CR23002860,"KENDALL PALMS CONDOMINIUM ASSOCIATION, INC.",8589 SW 109TH AVE MIAMI FL 33173,Condominium,Issued,No,01-31-2027
CR23002861,"ORCHID BAY CONDOMINIUM ASSOCIATION, INC.",3940 NE 168 STREET NORTH MIAMI BEACH FL 33160,Condominium,Issued,No,01-31-2027
CR23002862,"VILLAS AT CARMEL CONDOMINIUM NO. 1 ASSOCIATION, INC.",C/O 381 KROME AVE #205 HOMESTEAD FL 33030,Condominium,Issued,No,01-31-2027
CR23002863,POINCIANA AT MIAMI CONDOMINIUM ASSOCIATION INC.,600 N.W. 32ND PLACE MIAMI FL 33125,Condominium,Issued,No,01-31-2027
CR23002864,WOODCREEK CONDOMINIUM ASSOCIATION INC.,1801 NE 140TH STREET APT 301 NORTH MIAMI FLORIDA 33181,Condominium,Issued,No,01-31-2027
CR23002865,"LENOX VILLAGE A CONDOMINIUM ASSOCIATION, INC.",1040 10TH STREET MIAMI BEACH FL 33139,Condominium,Issued,No,01-31-2027
CR23002866,"HARDING GARDENS CONDOMINIUN ASSOCIATION, INC.",6920 HARDING GARDENS AVE. MIAMI BEACH- F-33141L MIAMI BEACH FL 33141,Condominium,Issued,No,01-31-2027
CR23002867,"VALENCIA ESTATES HOMEOWNERS' ASSOCIATION, INC",40306 FISHER ISLAND DR MIAMI BEACH FL 33139,Homeowner,Issued,No,01-31-2027
CR23002868,"EDGEWATER PLACE, INC.",7740 ABBOTT AVENUE MIAMI BEACH FL 33141,Condominium,Issued,No,01-31-2027
CR23002869,"DORAL GARDENS II CONDOMINIUM ASSOCIATION, INC.",4920 NW 79TH AVE MIAMI FL 33166,Condominium,Issued,No,01-31-2027
CR23002870,WESTBIRD VILLAGE CONDOMINIUM ASSOCIATION INC.,2520 NW 97TH AVE DORAL FL 33172,Condominium,Issued,No,01-31-2027
CR23002871,"EDGEWATER PARK HOMEOWNERS' ASSOCIATION, INC.",13400 SW 115TH PL MIAMI FL 33176,Homeowner,Issued,No,01-31-2027
CR23002872,"SONOMA AT THE VINEYARDS HOMEOWNERS ASSOCIATION, INC.",520 SE 37TH AVENUE HOMESTEAD FL 33033,Homeowner,Issued,No,01-31-2027
CR23002873,"THE TERRACES NORTH AT TURNBERRY CONDOMINIUM ASSOCIATION, INC.",20191 E COUNTRY CLUB DR NORTH MIAMI BEACH FL 33180,Condominium,Issued,No,01-31-2027
CR23002875,"WOODSIDE APARTMENTS ASSOCIATION, INC.",16950 W DIXIE HWY NORTH MIAMI BEACH FL 33160,Condominium,Issued,No,01-31-2027
CR23002876,"BRIDGEPORT VILLAS CONDOMINIUM, INC.",3099 BIRD AVE MIAMI FL 33157,Condominium,Issued,No,01-31-2027
CR23002877,MERIDIAN PLAZA ASSOC CONDO INC,9000 SW 152 ST #102 MIAMI FL 33157,Condominium,Abandoned,No,
CR23002879,"REEF CLUB CONDOMINIUM ASSOCIATION, INC",16558 NE 26TH AVE NORTH MIAMI BEACH FL 33160,Condominium,Expired,Yes,01-31-2026
CR23002881,"CAPTIVA CONDOMINIUM D ASSOCIATION, INC.",10720 NW 66TH ST DORAL FL 33178,Condominium,Expired,Yes,01-31-2026
CR23002882,"CARIBBEAN GARDENS CONDOMINIUM ASSOCIATION, INC.",9000 SW 152 ST MIAMI FL 33157,Condominium,Issued,No,01-31-2027
CR23002883,ROYAL SOUTH BEACH CONDO ASSN INC,PO BOX 415700 MIAMI BEACH FL 33141,Condominium,Abandoned,No,
CR23002885,"THE AMBASSADORS CONDOMINIUM ASSOCIATION, INC.",227 MICHIGAN AVE MIAMI BEACH FL 33139,Condominium,Issued,No,01-31-2027
CR23002886,"GALAPAGOS AT ISLANDS AT DORAL PHASE II NEIGHBORHOOD ASSOCIATION, INC.",11177 NW 84TH STREET MIAMI FL 33178,Homeowner,Issued,No,01-31-2027
CR23002887,"LAS DELICIAS CONDOMINIUM ASSOCIATION, INC.",7601 DICKENS AVE MIAMI BEACH FL 33141,Condominium,Issued,No,01-31-2027
CR23002889,"THE GROVES AT OLD CUTLER HOMEOWNERS ASSOCIATION, INC.",9000 SW 152 ST MIAMI FL 33157,Homeowner,Issued,No,01-31-2027
CR23002890,"THE CLINTON ASSOCIATION, INC.",6545 INDIAN CREEK DR MIAMI BEACH FL 33141,Condominium,Issued,No,01-31-2027
CR23002891,"ESTATES AT MENDOCINO AT MALIBU BAY NEIGHBORHOOD ASSOCIATION, INC.",3785 NW 82ND AVE HOMESTEAD FL 33033,Homeowner,Expired,Yes,01-31-2026
CR23002892,"THE MOORS PATIO HOMES MAINTENANCE ASSOCIATION, INC.",17321 NW 66 CT HIALEAH FL 33015,Homeowner,Issued,No,01-31-2027
CR23002893,"MYSTIC POINTE MARINA CONDOMINIUM ASSOCIATION, INC.",3575 MYSTIC POINTE DR AVENTURA FL 33180,Condominium,Issued,No,01-31-2027
CR23002895,"HAMILTON CONDOMINIUM ASSOCIATION, INC",1521 LENOX AVENUE MIAMI BEACH FL 33139,Condominium,Issued,No,01-31-2027
CR23002896,"SILVERCREST LAKE ESTATES HOMEOWNERS ASSOCIATION, INC.",15720 NW 157 TERR MIAMI LAKES FL 33016,Homeowner,Issued,No,01-31-2027
CR23002897,"KINGS CREEK VILLAGE ASSOCIATION, INC.",8333 SW 81 AVE. MIAMI FL 33143,Homeowner,Issued,No,01-31-2027
CR23002898,"PARC LOFTS CONDOMINIUM ASSOCIATION, INC.",1749 NE MIAMI COURT MIAMI FLORIDA 33132,Condominium,Issued,No,01-31-2027
CR23002899,THE MOORS VILLAGE HOMES MAINTENANCE ASSOC,17321 NW 66 CT HIALEAH FL 33015,Homeowner,Issued,No,01-31-2027
CR23002901,"WIND CONDOMINIUM ASSOCIATION, INC.",350 SOUTH MIAMI AVE MIAMI FLORIDA 33130,Condominium,Issued,No,01-31-2027
CR23002902,"LINCOLN BAY TOWERS ASSOCIATION, INC.",1450 LINCOLN ROAD MIAMI BEACH FL 33139,Condominium,Issued,No,01-31-2027
CR23002903,"NIRVANA CONDOMINIUM NO. ONE ASSOCIATION, INC.",703 NE 63RD STREET MIAMI FL 33138,Condominium,Issued,No,01-31-2027
CR23002904,"ANTILLES AT ISLANDS AT DORAL NEIGHBORHOOD ASSOCIATION, INC.",7950 NW 108 AVENUE DORAL FL 33178,Homeowner,Issued,No,01-31-2027
CR23002905,"THE MOORS TOWNVILLAS MAITENANCE ASSOCIATION, INC.",17321 NW 66 CT HIALEAH FL 33015,Homeowner,Issued,No,01-31-2027
CR23002906,"THE GRAND VENETIAN CONDOMINIUM ASSOCIATION, INC.",10 VENETIAN WAY MIAMI BEACH FL 33139,Condominium,Issued,No,01-31-2027
CR23002907,"CANARIAS AT DOWNTOWN DORAL HOMEOWNERS ASSOCIATION, INC.",4651 NW 82 AVE DORAL FL 33166,Homeowner,Abandoned,No,
CR23002908,DORAL ISLES COMMUNITY ASSOCIATION INC.,6450 NW 110TH AVE DORAL FLORIDA 33178,Master Association,Issued,No,01-31-2027
CR23002909,"THE COURTS AT DORAL ISLES CONDOMINIUM ASSOCIATION, INC.",6312 NW 114 AVENUE MIAMI FL 33178,Condominium,Issued,No,01-31-2027
CR23002910,"PINE TOWER CONDOMINIUM ASSOCIATION, INC.",16508 NE 26TH AVE NORTH MIAMI BEACH FL 33160,Condominium,Expired,Yes,01-31-2026
CR23002911,"ASIA CONDOMINIUM ASSOCIATION, INC.",900 BRICKELL KEY BLVD MIAMI FLORIDA 33131,Condominium,Issued,No,01-31-2027
CR23002912,"VINTAGE ESTATES COMMUNITY ASSOCIATION, INC.",7001 NW 106 AVE DORAL FL 33178,Homeowner,Issued,No,01-31-2027
CR23002913,"POLYNESIAN AT ISLANDS AT DORAL NEIGHORHOOD ASSOCIATION, INC.",11301 NW 75TH LN MIAMI FLORIDA 33178,Homeowner,Issued,No,01-31-2027
CR23002916,"TURNBERRY TOWERS CONDOMINIUM ASSOCIATION, INC.",19355 TURBERRY WAY AVENTURA FL 33180,Condominium,Issued,No,01-31-2027
CR23002917,"ARTESA COMMUNITY ASSOCIATION, INC.",11590 SW 248 LANE HOMESTEAD FLORIDA 33032,Homeowner,Issued,No,01-31-2027
CR23002918,"OLSEN HOTEL CONDOMINIUM ASSOCIATION, INC.",7300 OCEAN TER MIAMI BEACH FL 33141,Condominium,Issued,No,01-31-2027
CR23002919,"NIRVANA CONDOMINIUM NO. THREE ASSOCIATION, INC",750 NE 64TH STREET MIAMI FL 33138,Condominium,Issued,No,01-31-2027
CR23002920,"FOREST COVE ASSOCIATION, INC.",6680 SW 54TH LANE MIAMI LAKES FLORIDA 33014,Homeowner,Issued,No,01-31-2027
CR23002921,"SERENITY POINT HOMEOWNER'S ASSOCIATION, INC.",14442 NW 87 CT MIAMI LAKES FLORIDA 33014,Homeowner,Issued,No,01-31-2027
CR23002922,"VISTA LAGO AT THE HAMMOCKS CONDOMINIUM ASSOCIATION, INC.",10571 SW 156 PLACE MIAMI FL 33196,Condominium,Issued,No,01-31-2027
CR23002923,"PINE VISTA COMMUNITY ASSOCIATION, INC.",28550 SW 133 CT HOMESTEAD FLORIDA 33033,Homeowner,Expired,Yes,01-31-2026
CR23002924,"MANDARIN LAKES COMMUNITY ASSOCIATION, INC.",27347 SW 143 CT HOMESTEAD FLORIDA 33032,Homeowner,Issued,No,01-31-2027
CR23002925,PALAZZO DEL MARE AT FISHER ISLAND CONDO NO ONE ASSN INC,7100 FISHER ISLAND DR MIAMI FL 33109,Condominium,Issued,No,01-31-2027
CR23002926,"CARMEL FOREST HOMEOWNERS ASSOCIATION, INC.",3600 SW 57TH AVENUE MIAMI LAKES FLORIDA 33155,Homeowner,Issued,No,01-31-2027
CR23002927,"PARADISE GARDENS NARANJA HOMEOWNERS ASSOCIATION, INC.",26017 S. DIXIE HIGHWAY HOMESTEAD FLORIDA 33032,Homeowner,Issued,No,01-31-2027
CR23002928,MENDOZA VILLAGE CONDO ASSN INC,115 MENDOZA AVENUE CORAL GABLES FL 33134,Condominium,Issued,No,01-31-2027
CR23002929,"SPINNAKER BAY TOWNHOMES COMMUNITY ASSOCIATION, INC.",21075 NE 34 AVE HOLLYWOOD FL 33180,Condominium,Issued,No,01-31-2027
CR23002930,"300 COLLINS CONDOMINIUM ASSOCIATION, INC.",300 COLLINS AVENUE MIAMI BEACH FL 33139,Condominium,Issued,No,01-31-2027
CR23002931,"SEACOAST 5151 CONDOMINIUM ASSOCIATION, INC.",5151 COLLINS AVE MIAMI BEACH FLORIDA 33140,Condominium,Issued,No,01-31-2027
CR23002932,"BONITA GOLF VIEW TOWNVILLAS PROPERTY OWNERS ASSOCIATION, INC.",7105 NW 173 DR MIAMI LAKES FLORIDA 33014,Master Association,Issued,No,01-31-2027
CR23002933,"WASHINGTON SQUARE CONDOMINIUM, INC.",200 WASHINGTON AVE. MIAMI BEACH FL 33139,Condominium,Issued,No,01-31-2027
CR23002934,"PALAZZO DEL SOL/DELLA LUNA AT FISHER ISLAND CONDOMINIUM ASSOCIATION, INC.",7000 FISHER ISLAND DRIVE MIAMI BEACH FL 33109,Condominium,Issued,No,01-31-2027
CR23002935,"THE MANTELL CONDOMINIUM ASSOCIATION, INC.",255 W 24TH ST MIAMI BEACH FL 33140,Condominium,Issued,No,01-31-2027
CR23002937,"PARADISE ONE NARANJA HOMEOWNERS ASSOCIATION, INC.",1200 NW 4TH ST HOMESTEAD FLORIDA 33032,Homeowner,Expired,Yes,01-31-2026
CR23002939,PRESIDENTIAL ESTATES HOMEOWNERS ASSOCIATION INC.,19438 NE 18 AVENUE NORTH MIAMI BEACH FL 33179,Homeowner,Issued,No,01-31-2027
CR23002940,"GOLDEN GATE CONDOMINIUM ASSOCIATION, INC.",2395 LAKE PANCOAST DRIVE MIAMI BEACH FL 33140,Condominium,Issued,No,01-31-2027
CR23002941,"VENETIAN ISLES MASTER ASSOCIATION, INC.",15355 EGRET LAKE CIRCLE MIAMI FLORIDA 33012,Master Association,Expired,No,01-31-2026
CR23002942,"CALUSA CLUB VILLAGE CONDOMINIUM BLDG. D NORTH ASSOCIATION, INC.",8810 SW 132 PLACE MIAMI FLORIDA 33034,Condominium,Issued,No,01-31-2027
CR23002943,"VENETIAN CONDOMINIUM ASSOCIATION, INC.",2800 TOLEDO ST CORAL GABLES FL 33134,Condominium,Issued,No,01-31-2027
CR23002944,FOURTH HORIZONS CONDOMINIUM INC.,5901 NW 151ST STREET MIAMI LAKES FLORIDA 33014,Condominium,Issued,No,01-31-2027
CR23002945,"SILVERCREST LAKE ESTATES SOUTH HOMEOWNERS' ASSOCIATION, INC.",160 ST NW 81 CT MIAMI LAKES FLORIDA 33016,Homeowner,Issued,No,01-31-2027
CR23002946,"GABLES VIEW CONDOMINIUM ASSOCIATION, INC.",1627 SW 37 AVE MIAMI FL 33145,Condominium,Issued,No,01-31-2027
CR23002947,"COCO IBIZA VILLAS CONDO ASSN, INC",PO BOX 14-1857 CORAL GABLES FL 33114,Condominium,Abandoned,No,
CR23002948,"CASA DEL SUR HOMEOWNERS ASSOCIATION, INC.",680 SE 1 ST HOMESTEAD FL 33030,Homeowner,Issued,No,01-31-2027
CR23002950,"ELAN AT CALUSA CONDOMINIUM I ASSOCIATION, INC.",8972 SW 128 COURT MIAMI FL 33186,Condominium,Issued,No,01-31-2027
CR23002952,"MURANO AT PORTOFINO CONDOMINIUM ASSOCIATION, INC.",1000 SOUTH POINTE DRIVE MIAMI BEACH FL 33139,Condominium,Issued,No,01-31-2027
CR23002953,"FLAMINGO GARDENS HOMEOWNERS ASSOC.,INC.","3934 SW 8TH STREET, SUITE 303 CORAL GABLES FL 33134",Homeowner,Issued,No,01-31-2027
CR23002954,"ATLANTIS AT THE OASIS NEIGHBORHOOD ASSOCIATION, INC.",4 ST NE 23 AVE MIAMI FLORIDA 33033,Homeowner,Issued,No,01-31-2027
CR23002956,"TURNBERRY HOMEOWNERS' ASSOCIATION, INC.",3692 NE 195 LANE HOLLYWOOD FLORIDA 33180,Homeowner,Issued,No,01-31-2027
CR23002957,NORTHPOINTE AT THE CALIFORNIA CLUB,516 NE 211TH TER NORTH MIAMI BEACH FL 33179,Homeowner,Abandoned,No,
CR23002958,"THREE LAKES PROPERTY OWNERS ASSOCIATION, INC.",13321 SW 151 TERRACE MIAMI FLORIDA 33186,Homeowner,Issued,No,01-31-2027
CR23002959,"GRANADA PARK CONDOMINIUM ASSOCIATION, INC.",720 CORAL WAY CORAL GABLES FL 33134,Condominium,Issued,No,01-31-2027
CR23002962,"NIRVANA CONDOMINIUM NO. TWO ASSOCIATION, INC",777 NE 62 ST MIAMI FL 33138,Condominium,Issued,No,01-31-2027
CR23002963,"VIEWPOINT AT VISTA LAGO HOMEOWNERS ASSOCIATION, INC.",204 ST NW 5 AVE MIAMI GARDENS FL 33169,Homeowner,Expired,Yes,01-31-2026
CR23002964,"210 MENDOZA AVENUE CONDOMINIUM ASSOCIATION, INC.",210 MENDOZA AVE CORAL GABLES FL 33134,Condominium,Issued,No,01-31-2027
CR23002967,"RITZ ROYAL PALM II CONDOMINIUM ASSOCIATION, INC.",320 - 330 84TH STREET MIAMI BEACH FL 33141,Condominium,Closed,Yes,02-01-2024
CR23002968,"FONTAINBLEAU LAKES COURTYARDS WEST CONDOMINIUM ASSOCIATION, INC.",10012 NW 7 ST MIAMI FL 33186,Condominium,Issued,No,01-31-2027
CR23002969,"QUATRAINE CONDOMINIUM IV ASSOCIATION, INC.",20055 NE 3RD CT MIAMI FL 33179-2953,Condominium,Issued,No,01-31-2027
CR23002970,"GABLES ON THE GREEN CONDOMINIUM WEST ASSOCIATION, INC.",2800 BISCAYNE BLVD STE 310 MIAMI FL 33122,Condominium,Issued,No,01-31-2027
CR23002973,"CORAL SEA VIEW CONDOMINIUM ASSOCIATION, INC.",1401 SW 22 STREET MIAMI FL 33145,Condominium,Issued,No,01-31-2027
CR23002974,"MONACO HOMEOWNERS ASSOCIATION, INC.",NW 88 ST & 88 TERRACE MIAMI FL 33126,Homeowner,Issued,No,01-31-2027
CR23002975,"ROYAL HARBOUR YACHT CLUB TOWNHOUSE ASSOCIATION, INC.",6111 PARADISE POINT DRIVE MIAMI FL 33157,Homeowner,Issued,No,01-31-2027
CR23002976,"LAGUNA AZUL TOWNHOUSE CONDOMINIUM ASSOCIATION, INC.",5279 W. 28 ST. HIALEAH FL 33016,Condominium,Issued,No,01-31-2027
CR23002977,GROVE WAY CONDOMINIUM ASSOCIATION INC.,2400 SW 27 AVE MIAMI FL 33145,Condominium,Issued,No,01-31-2027
CR23002978,"CORAL BAY CLUB ASSOCIATION, INC.",80 SOUTH SHORE DRIVE MIAMI BEACH FL 33141,Condominium,Issued,No,01-31-2027
CR23002979,"100 HIDDEN BAY CONDOMINIUM ASSOCIATION, INC.",3370 NE 190TH ST AVENTURA FLORIDA 33180,Condominium,Issued,No,01-31-2027
CR23002980,"VILASOL CONDOMINIUM ASSOCIATION, INC.",7744 COLLINS AVE MIAMI BEACH FL 33141,Condominium,Issued,No,01-31-2027
CR23002981,"PORTOFINO HOMEOWNERS ASSOCIATION, INC.",751 NE 195TH ST. MIAMI BEACH FL 33179,Homeowner,Issued,No,01-31-2027
CR23002982,"MOORS POINTE CONDOMINIUM ASSOCIATION, INC.",17321 NW 66 CT HIALEAH FL 33015,Condominium,Issued,No,01-31-2027
CR23002983,"VALENCIA HOMEOWNERS ASSOCIATION, INC.",13700 SW 104 ST MIAMI FL 33186,Homeowner,Issued,No,01-31-2027
CR23002986,"THE GABLES I TOWNHOMES CONDOMINIUM ASSOCIATION, INC.",3934 SW 8TH STREET SUITE 303 CORAL GABLES FL 33134,Condominium,Issued,No,01-31-2027
CR23002987,"HAMPTONS SOUTH CONDOMINIUM ASSOCIATION, INC.",20201 E COUNTRY CLUB DRIVE AVENTURA FL 33180,Condominium,Issued,No,01-31-2027
CR23002988,"500 BRICKELL EAST CONDOMINIUM ASSOCIATION, INC.",500 BRICKELL AVE MIAMI FL 33131,Condominium,Issued,No,01-31-2027
CR23002989,"POINT EAST THREE CONDOMINIUM CORP., INC.",2895 POINT EAST DR. AVENTURA FL 33160,Condominium,Issued,No,01-31-2027
CR23002990,"MARINA PALMS YACHT CLUB & RESIDENCES MASTER ASSOCIATION, INC.",17111 BISCAYNE BLVD NORTH MIAMI BEACH FL 33160,Master Association,Issued,No,01-31-2027
CR23002991,"OAK VILLAS BY MIAMI LAKES HOMEOWNERS ASSOCIATION, INC.",5901 NW 151ST ST STE 100 MIAMI LAKES FLORIDA 33014,Homeowner,Issued,No,01-31-2027
CR23002992,"NIRVANA CONDOMINIUM NO. FOUR ASSOCIATION, INC.",700 NE 62 ST MIAMI FL 33138,Condominium,Issued,No,01-31-2027
CR23002993,"EASTERN SHORES PALO ALTO ASSOCIATION, INC.",3922-3923 NE 166 STREET NORTH MIAMI BEACH FLORIDA 33160,Condominium,Issued,No,01-31-2027
CR23002994,"RAMBLE CONDOMINIUM ASSOCIATION, INC.",6500 SW 137 AVE MIAMI FL 33183,Condominium,Issued,No,01-31-2027
CR23002995,VILAZUL SEASIDE LOFTS CONDO ASSN INC,7728 COLLINS AVENUE MIAMI BEACH FL 33141,Condominium,Issued,No,01-31-2027
CR23002996,"ICONBRICKELL MASTER ASSOCIATION, INC.",465 BRICKELL AVENUE #200 MIAMI FL 33131,Master Association,Issued,No,01-31-2027
CR23002998,"BRICKELL PLACE PHASE II ASSOCIATION, INC",1925 BRICKELL AVENUE MIAMI FLORIDA 33129,Condominium,Issued,No,01-31-2027
CR23002999,"HARDING PLACE CONDOMINIUM ASSOCIATION, INC.",7440 HARDING AVE MIAMI BEACH FL 33141,Condominium,Issued,No,01-31-2027
CR23003001,"THE YORKER CONDOMINIUM ASSOCIATION, INC.",444 NE 30 ST MIAMI FL 33137,Condominium,Issued,No,01-31-2027
CR23003002,"THE CORAL GABLES TOWER CONDOMINIUM ASSOCIATION, INC.",66 VALENCIA AVE CORAL GABLES FL 33134,Condominium,Issued,No,01-31-2027
CR23003003,"NIRVANA CONDOMINIUM NO. FIVE ASSOCIATION, INC",650 NE 64 ST MIAMI FL 33138,Condominium,Issued,No,01-31-2027
CR23003004,MOON BAY OF MIAMI CONDOMINIUM ASSOCIATION INC.,10112 USA TODAY WAY MIRAMAR FL 33025,Condominium,Issued,No,01-31-2027
CR23003005,"500 BRICKELL WEST CONDOMINIUM ASSOCIATION, INC.",55 SE 6 STREET MIAMI FLORIDA 33131,Condominium,Issued,No,01-31-2027
CR23003006,"KENDALAIRE VILLAS CONDOMINIUM ASSOCIATION, INC.",7700 SW 155 PLACE MIAMI FL 33193,Condominium,Issued,No,01-31-2027
CR23003007,"ICONBRICKELL CONDOMINIUM NO. ONE ASSOCIATION, INC.",465 BRICKELL AVE MIAMI FL 33131,Condominium,Issued,No,01-31-2027
CR23003008,"BRICKELL ROADS II TOWNHOUSE CONDOMINIUM ASSOCIATION, INC.",1611 SW 2ND CT MIAMI FLORIDA 33129,Condominium,Issued,No,01-31-2027
CR23003011,"BRICKELL VIEW CONDOMINIUM ASSOCIATION, INC",PO BOX 451235 MIAMI FL 33245,Condominium,Issued,No,01-31-2027
CR23003012,"VUE AT BRICKELL CONDOMINIUM ASSOCIATION, INC.",1250 S MIAMI AVE MIAMI FLORIDA 33130,Condominium,Issued,No,01-31-2027
CR23003013,"TRIANON EAST CONDOMINIUM ASSOCIATION, INC.",2600 NE 135 STREET MIAMI FL 33181,Condominium,Issued,No,01-31-2027
CR23003015,"BLEAU FONTAINE CONDOMINIUM ASSOCIATION NUMBER TWO, INC.",9403 FONTAINEBLEAU BLVD MIAMI FLORIDA 33172,Condominium,Issued,No,01-31-2027
CR23003016,"KINGS CREEK VILLAGE TOWNHOUSE ASSOCIATION, INC.",8333 SW 81 AVE MIAMI FL 33143,Homeowner,Issued,No,01-31-2027
CR23003018,"825 WEST 40TH STREET CONDOMINIUM ASSOCIATION, INC.",825 W. 40TH ST. MIAMI BEACH FLORIDA 33140,Condominium,Issued,No,01-31-2027
CR23003020,"LEMONTREE VILLAGE CONDOMINIUM ASSOCIATION, INC.",3026 DAY AVE CORAL GABLES FL 33133,Condominium,Issued,No,01-31-2027
CR23003022,"NIRVANA MASTER ASSOCIATION, INC.",703 63 STREET MIAMI FL 33138,Master Association,Issued,No,01-31-2027
CR23003023,"HARBOUR HILL CLUB CONDOMINIUM, INC.",2539 S BAYSHORE DRIVE MIAMI FL 33133,Condominium,Issued,No,01-31-2027
CR23003024,"THE GARDENS OF KENDALL PROPERTY OWNERS ASSOCIATION, INC.",10621 SW 1122TH AVE MIAMI FL 33176,Master Association,Issued,No,01-31-2027
CR23003025,"BRICKELL HARBOUR CONDOMINIUM ASSOCIATION, INC.",200 SE 15TH ROAD DORAL FL 33122-1901,Condominium,Issued,No,01-31-2027
CR23003028,"(MIAMI) BAYVIEW CONDOMINIUM I ASSOCIATION, INC.",7825 NE BAYSHORE COURT MIAMI FLORIDA 33138,Condominium,Issued,No,01-31-2027
CR23003029,QUATRAINE CONDO III ASSN INC,20055 NE 3RD CT MIRAMAR FL 33179,Condominium,Abandoned,No,02-01-2024
CR23003031,"KEYSTONE VILLAS II CONDOMINIUM ASSOCIATION, INC.",3530 SW 22 ST MIAMI FLORIDA 33145,Condominium,Issued,No,01-31-2027
CR23003032,"LEEWARD POINT CONDOMINIUM, INC.",16510 NE 27 TH PLACE NORTH MIAMI BEACH FLORIDA 33160,Condominium,Issued,No,01-31-2027
CR23003033,"THE TERRACES CONDOMINIUM ASSOCIATION, INC.",10500 SW 108TH AVE MIAMI FL 33176,Condominium,Issued,No,01-31-2027
CR23003034,"THE GOLFVIEW CLUB AT FONTAINEBLEAU PARK, CONDOMINIUM #4, INC.",9688 FONTAINEBLEAU BLVD. MIAMI FL 33172,Condominium,Issued,No,01-31-2027
CR23003035,"ATLANTIC I AT THE POINT CONDOMINIUM ASSOCIATION, INC.",21200 POINT PLACE AVENTURA FL 33180,Condominium,Issued,No,01-31-2027
CR23003036,"1010 BRICKELL CONDOMINIUM ASSOCIATION, INC.",1010 BRICKELL AVE MIAMI FL 33131,Condominium,Issued,No,01-31-2027
CR23003037,"RESIDENCES AT RIVERWALK CONDOMINIUM ASSOCIATION, INC.",1090 NW N RIVER DRIVE MIAMI FL 33136,Condominium,Issued,No,01-31-2027
CR23003038,"SORRENTO TOWNHOMES HOMEOWNERS ASSOCIATION, INC.",14973 SW 40 STREET MIAMI FLORIDA 33185,Homeowner,Issued,No,01-31-2027
CR23003040,"SAN MATEO SECOND ADDITION HOMEOWNERS ASSOCIATION, INC.",10855 NW 33RD ST DORAL FL 33172,Homeowner,Issued,No,01-31-2027
CR23003042,QUANTUM ON THE BAY MASTER ASSOCIATION INC,1900 N BAYSHORE DRIVE MIAMI FLORIDA 33132,Master Association,Abandoned,No,
CR23003043,"61 COLLINS ASSOCIATION, INC.",61 COLLINS AVE MIAMI BEACH FL 33139,Condominium,Issued,No,01-31-2027
CR23003044,QUATRAINE CONDO II ASSN INC,10112 USA TODAY WAY MIRAMAR FL 33025,Condominium,Abandoned,No,
CR23003045,"EPIC WEST CONDOMINIUM ASSOCIATION, INC.","200 BISCAYNE BLVD. WAY, SUITE 200 MIAMI FL 33131",Condominium,Issued,No,01-31-2027
CR23003046,"SILVER GARDENS CONDOMINIUM ASSOCIATION, INC.",10027 W OKEECHOBEE RD MIAMI FL 33173,Condominium,Issued,No,01-31-2027
CR23003047,"WESTVIEW COMMUNITY ASSOCIATION, INC.",24 AVE NW 119 STREET MIAMI FL 33167,Homeowner,Issued,No,01-31-2027
CR23003048,"QUATRAINE CONDOMINIUM I ASSOCIATION, INC.",20055 NE 3 CT MIRAMAR FL 33179-2953,Condominium,Issued,No,01-31-2027
CR23003049,DOLPHIN CONDOMINIUM INC.,3642 NE 171ST ST HOLLYWOOD FLORIDA 33020,Condominium,Issued,No,01-31-2027
CR23003051,"OAK HAMMOCKS TOWNHOMES ASSOCIATION, INC.",22475 SW 102 AVE MIAMI FLORIDA 33190,Homeowner,Issued,No,01-31-2027
CR23003053,"IMPERIAL HOUSE CONDOMINIUM, INC.",5255 COLLINS AVE MIAMI BEACH FL 33140,Condominium,Issued,No,01-31-2027
CR23003054,"PARK PLACE AT THE HAMMOCKS CONDOMINIUM ASSOCIATION, INC.",9601 SW 152 AVE MIAMI FL 33196,Condominium,Issued,No,01-31-2027
CR23003055,"63 NOBE CONDOMINIUM ASSOCIATION, INC.",6305 INDIAN CREEK DR MIAMI BEACH FL 33141,Condominium,Issued,No,01-31-2027
CR23003056,"VILLA MONREAL CONDOMINIUM ASSOCIATION, INC.",1685 WEST 42ND STREET HIALEAH FL 33012,Condominium,Issued,No,01-31-2027
CR23003057,"OAKVIEW CONDOMINIUM ASSOCIATION, INC.",12964 SW 133 CT MIAMI FLORIDA 33186,Condominium,Issued,No,01-31-2027
CR23003058,"ABSOLUT CONDOMINIUM ASSOCIATION, INC.",245 MICHIGAN AVE MIAMI BEACH FL 33139,Condominium,Issued,No,01-31-2027
CR23003059,"OLYMPIAN WEST CONDOMINIUM ASSOCIATION, INC.",15651 SW 85 TER MIAMI FL 33186,Condominium,Issued,No,01-31-2027
CR23003060,"OAK HAMMOCK HOMEOWNERS' ASSOCIATION, INC.",19901 NE 19TH CT HOLLYWOOD FLORIDA 33179,Homeowner,Issued,No,01-31-2027
CR23003061,"CASSA BRICKELL CONDOMINIUM ASSOCIATION, INC.",201 SOUTHWEST 17TH RD MIAMI FL 33129,Condominium,Issued,No,01-31-2027
CR23003062,"551/557 MICHIGAN CONDOMINIUM ASSOCIATION, INC.",551/557 MICHIGAN AVE MIAMI BEACH FL 33139,Condominium,Issued,No,01-31-2027
CR23003063,"GABLES EDGE CONDOMINIUM ASSOCIATION, INC.",4300 SW 67 AVE MIAMI FLORIDA 33186,Condominium,Issued,No,01-31-2027
CR23003065,"ISLA DEL MAR CONDOMINIUM ASSOCIATION, INC.",1800 NW 24TH AVE MIAMI FL 33125,Condominium,Issued,No,01-31-2027
CR23003066,"CORAL POINTE OF MIAMI CONDOMINIUM ASSOCIATION, INC.",1690 SW 27 AVENUE MIAMI FL 33145,Condominium,Issued,No,01-31-2027
CR23003067,"THE ISLES AT THE LANDINGS NEIGHBORHOOD ASSOCIATION, INC.","23398 SW 108 COURT HOMESTEAD, FL FLORIDA 33032",Homeowner,Issued,No,01-31-2027
CR23003068,TROPICAL BREEZE TOWNHOUSES HOMEOWNER ASSOCIATION INC.,13306 SW 250 STREET HOMESTEAD FL 33032,Homeowner,Issued,No,01-31-2027
CR23003069,"GRAND LAKES PHASE I HOMEOWNERS ASSOCIATION, INC",14950 SW 8TH TERR MIAMI FL 33194,Homeowner,Issued,No,01-31-2027
CR23003070,"GABLES TERRACE CONDOMINIUM ASSOCIATION, INC.",2351 SW 37 AVE MIAMI FL 33145,Condominium,Issued,No,01-31-2027
CR23003071,GRAND LAKES PHASE III HOA,14920 SW 23RD WAY MIAMI FL 33185,Homeowner,Issued,No,01-31-2027
CR23003072,"MILLER SOUTH HOMEOWNERS' ASSOCIATION, INC.",161 AVE SW 63 TERRACE MIAMI FL 33193,Homeowner,Issued,No,01-31-2027
CR23003073,"RENE CONDOMINIUM ASSOCIATION, INC",7634 SW 55TH AVE MIAMI FL 33143,Condominium,Issued,No,01-31-2027
CR23003074,"VICTORY GARDENS CONDOMINIUM ASSOCIATION, INC.",650 N.E. 149TH ST OFFICE MIAMI FL 33161,Condominium,Issued,No,01-31-2027
CR23003075,"LAKES OF ACADIA HOMEOWNERS ASSOCIATION, INC.",19425 NW 56 PLACE MIAMI FL 33055,Homeowner,Issued,No,01-31-2027
CR23003076,"PEACOCK'S POINT HOMEOWNER'S ASSOCIATION, INC.",16533 SW 98 TERRACE MIAMI FLORIDA 33196,Homeowner,Issued,No,01-31-2027
CR23003077,"BAYVIEW POINT NORTH CONDOMINIUM ASSOCIATION, INC.",3770 NE 171 ST NORTH MIAMI BEACH FL 33160,Condominium,Issued,No,01-31-2027
CR23003078,"PLAZA 170 CONDOMINIUM ASSOCIATION, INC.",955 NE 170TH STREET NORTH MIAMI BEACH FL 33162,Condominium,Closed,No,02-01-2024
CR23003079,"SABAL CHASE TOWNHOME ASSOCIATION, INC.",10999 SW 113 PL MIAMI FLORIDA 33176,Homeowner,Issued,No,01-31-2027
CR23003080,"THE MONTCLAIR CONDOMINIUM ASSOCIATION, INC.",1700 MERIDIAN AVENUE MIAMI BEACH FL 33139,Condominium,Issued,No,01-31-2027
CR23003081,"UPTOWN LOFTS CONDOMINIUM ASSOCIATION, INC.",2275 BISCAYNE BLVD MIAMI FL 33137-5015,Condominium,Issued,No,01-31-2027
CR23003082,"ELEVEN IN THE ROADS CONDOMINIUM ASSOCIATION, INC.",529 SW 11TH STREET MIAMI FL 33129,Condominium,Issued,No,01-31-2027
CR23003083,"PALM BAY TOWERS CONDOMINIUM ASSOCIATION, INCORPORATED",720 NE 69 STREET MIAMI FL 33138,Condominium,Issued,No,01-31-2027
CR23003084,"OAK PARK VILLAGE I CONDOMINIUM ASSOCIATION, INC.",16131 SW 79 TERRACE MIAMI FLORIDA 33196,Condominium,Expired,Yes,01-31-2026
CR23003086,VITTORIA GARDENS TOWNHOUSES ASSOCIATION INC.,13700 SW 259 ST HOMESTEAD FL 33032,Homeowner,Issued,No,01-31-2027
CR23003087,"THE GROVE AT VENETIA HOMEOWNERS ASSOCIATION, INC",1524 SE 31 COURT HOMESTEAD FL 33035,Homeowner,Issued,No,01-31-2027
CR23003088,"PARK PLACE AT MIDWAY CONDOMINIUM ASSOCIATION, INC.",7989 NW 8TH STREET MIAMI FL 33126,Condominium,Revoked,No,01-31-2027
CR23003089,"ENSENADA CONDOMINIUM ASSOCIATION, INC.",3401 N COUNTRY CLUB DR AVENTURA FL 33180,Condominium,Issued,No,01-31-2027
CR23003090,"CENTURY PARK CONDOMINIUM NO. 2 ASSOCIATION, INC.",8950 WEST FLAGLER ST MIAMI FL 33174,Condominium,Issued,No,01-31-2027
CR23003091,"CORAL WAY GARDENS CONDOMINIUM ASSOCIATION, INC.",2150 - 2160 SW 16TH STREET MIAMI FL 33145,Condominium,Issued,No,01-31-2027
CR23003092,"BRAVURA I CONDOMINIUM ASSOCIATION, INC.",3201 N COUNTRY CLUB DR AVENTURA FLORIDA 33180,Condominium,Issued,No,01-31-2027
CR23003093,"CONDOMINIUM C ASSOCIATION AT MEDITERRANEA, INC.",339 IVES DAIRY ROAD MIAMI FL 33179,Condominium,Issued,No,01-31-2027
CR23003094,"ILONA CONDOMINIUM ASSOCIATION, INC.",221 JEFFERSON AVE MIAMI BEACH FL 33139,Condominium,Expired,Yes,01-31-2026
CR23003096,"THE TOWERS OF QUAYSIDE NO. 2 CONDOMINIUM ASSOCIATION, INC.",2000 TOWERSIDE TERRACE MIAMI FL 33138,Condominium,Issued,No,01-31-2027
CR23003097,"TUSCANY VILLAS HOMEOWNERS ASSOCIATION, INC.",8500 SW 139 TERR MIAMI FL 33126,Homeowner,Issued,No,01-31-2027
CR23003098,"THE IMPERIAL TERRACES CONDOMINIUM ASSOCIATION, INC.",1825 W. 44 PLACE MIAMI LAKES FL 33012,Condominium,Issued,No,01-31-2027
CR23003100,"CONTINUUM ON SOUTH BEACH CONDOMINIUM, THE NORTH TOWER ASSOCIATION, INC.",50 SOUTH POINTE DRIVE MIAMI BEACH FLORIDA 33139,Condominium,Issued,No,01-31-2027
CR23003101,"WESTLAND-EDEN CONDOMINIUM II ASSOCIATION, INC.",1900 W 54 ST HIALEAH FL 33012,Condominium,Expired,Yes,01-31-2026
CR23003102,"THE BOND 1080 BRICKELL CONDOMINIUM ASSOCIATION, INC.",1080 BRICKELL AVE MIAMI FL 33131,Condominium,Issued,No,01-31-2027
CR23003103,"TOWNE ROYALE CONDOMINIUM ASSOCIATION, INC.",17800 ATLANTIC BLVD NORTH MIAMI BEACH FL 33160,Condominium,Issued,No,01-31-2027
CR23003104,"NINE TEN CONDOMINIUM ASSOCIATION, INC.",910 LENOX AVENUE MIAMI BEACH FL 33139,Condominium,Issued,No,01-31-2027
CR23003106,"THE GARDENS OF KENDALL CONDOMINIUM NO. 1, ASSOCIATION, INC.",10425 SW 112TH AVE MIAMI FL 33176,Condominium,Issued,No,01-31-2027
CR23003108,"CASA GRANDE CONDOMINIUM ASSOCIATION, INC.",834 OCEAN DRIVE MIAMI BEACH FL 33139,Condominium,Issued,No,01-31-2027
CR23003109,"SPRING LAKES VILLAGE II CONDOMINIUM ASSOCIATION,INC.",10130 NW 5 TERRACE MIAMI FL 33172,Condominium,Issued,No,01-31-2027
CR23003111,"MIAMI LAKES CYPRESS VILLAS HOMEOWNER'S ASSOCIATION, INC.",15002 COCONUT AVE MIAMI LAKES FL 33014,Homeowner,Issued,No,01-31-2027
CR23003112,"THE GARDENS OF KENDALL CONDOMINIUM NO. 2, ASSOCIATION, INC.",10525 SW 112TH AVE MIAMI FL 33176,Condominium,Issued,No,01-31-2027
CR23003113,"CONTINENTAL HOMES AT LAGO MAR HOMEOWNERS' ASSOCIATION, INC.",7640 SW 164TH COURT MIAMI FL 33193,Homeowner,Issued,No,01-31-2027
CR23003114,"BEACON HARBOUR CONDOMINIUM ASSOCIATION, INC.",1660 S BAYSHORE CT MIAMI FL 33133-4009,Condominium,Issued,No,01-31-2027
CR23003115,MERIDIAN 5 CONDO ASSN INC,421 MERIDIAN AVENUE MIAMI BEACH FL 33139,Condominium,Abandoned,No,
CR23003117,"VENDOME PLACE CONDOMINIUM ASSOCIATION, INC.",4301 COLLINS AVE MIAMI BEACH FL 33140,Condominium,Issued,No,01-31-2027
CR23003118,"THE GOLFVIEW CLUB AT FONTAINEBLEAU PARK CONDOMINIUM NO. 1, INC.",7665 NW 50 STREET MIAMI FL 33166,Condominium,Issued,No,01-31-2027
CR23003119,FOUR AMBASSADORS CONDO ASSOC INC,825 BRICKELL BAY DR SUITE 250 MIAMI FL 33131,Condominium,Issued,No,01-31-2027
CR23003120,"THE GARDENS OF KENDALL CONDOMINIUM NO. 3, ASSOCIATION, INC.",10625 SW 112TH AVE MIAMI FL 33176,Condominium,Issued,No,01-31-2027
CR23003121,"SOUTH LAKE VILLAGE CONDOMINIUM ASSOCIATION, INC.",15400 SW 74 CIRCLE COURT MIAMI FL 33157,Condominium,Issued,No,01-31-2027
CR23003122,"OASIS PARK SQUARE AT DORAL HOMEOWNERS' ASSOCIATION, INC.",8401 NW 33RD STREET MIAMI FL 33122,Homeowner,Issued,No,01-31-2027
CR23003123,"CHERRY GROVE CONDOMINIUM NO. 10/5 ASSOCIATION, INC.",9172 SW 95 AVE MIAMI FL 33176-1930,Condominium,Closed,No,01-31-2026
CR23003124,"VIRGINIA POINTE CONDOMINIUM ASSOCIATION, INC.",3245 VIRGINA AVE MIAMI FL 33133,Condominium,Issued,No,01-31-2027
CR23003125,"THE GARDENS OF KENDALL CONDOMINIUM NO. 4 ASSOCIATION, INC.",10985 S.W. 107TH STREET MIAMI FL 33176,Condominium,Issued,No,01-31-2027
CR23003126,"CLEARVIEW TOWERS CONDOMINIUM ASSOCIATION, INC.",2829 INDIAN CREEK DR MIAMI BEACH FL 33140,Condominium,Issued,No,01-31-2027
CR23003127,"KENDALE LAKES MASTER ASSOCIATION, INC",8399 SW 135 AVENUE MIAMI FL 33183,Condominium,Issued,No,01-31-2027
CR23003129,"BENT TREE COMMUNITY ASSOCIATION, INC.",56 ST SW 140-142 AVE MIAMI FLORIDA 33175,Master Association,Issued,No,01-31-2027
CR23003130,"PARAMOUNT BAY CONDOMINIUM OWNERS ASSOCIATION, INC.",2020 N BAYSHORE DR MIAMI FL 33137,Condominium,Issued,No,01-31-2027
CR23003131,"SAGA BAY PROPERTY OWNERS ASSOCIATION, INC.","18001 OLD CUTLER ROAD, SUITE 476 MIAMI FLORIDA 33157",Homeowner,Issued,No,01-31-2027
CR23003132,PARK EAST HOMEOWNER ASSOC,110 NW 87TH AVENUE MIAMI FL 33172,Condominium,Issued,No,01-31-2027
CR23003133,"THE GARDENS OF KENDALL CONDOMINIUM NO. 5 ASSOCIATION, INC.",10975 SW 107 ST MIAMI FL 33176,Condominium,Issued,No,01-31-2027
CR23003134,"AURORA HOMEOWNERS ASSOCIATION, INC.",1200 NW 4TH ST HOMESTEAD FL 33128,Homeowner,Expired,Yes,01-31-2026
CR23003135,"SEGOVIA CONDOMINIUM ASSOCIATION II, INC.",12964 SW 133 CT MIAMI FLORIDA 33186,Condominium,Issued,No,01-31-2027
CR23003136,LAGO MAR COMMUNITY ASSOCIATION INC,C/O 13250 SW 135 AVENUE MIAMI FL 33186,Master Association,Issued,No,01-31-2027
CR23003137,HEMINGWAY VILLA CONDO ASSN INC,1000 5TH STREET SUITE: 1316 MIAMI BEACH FL 33139,Condominium,Abandoned,No,
CR23003138,"THE BREAKERS AT ISLES AT BAYSHORE HOMEOWNERS' ASSOCIATION, INC.",221 ST SW 93RD PATH MIAMI FL 33190,Homeowner,Issued,No,01-31-2027
CR23003139,"CAPOBELLA CONDOMINIUM ASSOCIATION, INC.",5025 COLLINS AVENUE MIAMI BEACH FL 33140,Condominium,Issued,No,01-31-2027
CR23003140,"LAKE AVILA MASTER HOMEOWNERS' ASSOCIATION, INC.",6884 SW 166 CT MIAMI FLORIDA 33193,Homeowner,Issued,No,01-31-2027
CR23003141,"LESLIE ESTATES HOMEOWNERS' ASSOCIATION NO.7., INC.",5901 NW 151ST ST MIAMI LAKES FLORIDA 33014,Homeowner,Issued,No,01-31-2027
CR23003142,"VILLAGE OF DORAL WOODS ASSOCIATION, INC.",4815 NW 102 AVE DORAL FL 33178,Homeowner,Issued,No,01-31-2027
CR23003143,"RICE 3333 CONDOMINIUM ASSOCIATION, INC.",3333 RICE STREET MIAMI BEACH FL 33141,Condominium,Issued,No,01-31-2027
CR23003144,"ISOLA CONDOMINIUM ASSOCIATION, INC.",770 CLAUGHTON ISLAND DR MIAMI FL 33131,Condominium,Expired,Yes,01-31-2026
CR23003145,"CALUSA CLUB VILLAGE CONDOMINIUM BLDG. B ASSOCIATION, INC.",13280 SW 88 LANE MIAMI FLORIDA 33173-1656,Condominium,Issued,No,01-31-2027
CR23003146,"NINE45 JEFFERSON CONDOMINIUM ASSOCIATION, INC.",945 JEFFERSON AVENUE MIAMI BEACH FL 33139,Condominium,Abandoned,No,
CR23003148,"LAS VISTAS AT DORAL CONDOMINIUM ASSOCIATION, INC.",8140 GENEVA CT DORAL FLORIDA 33166,Condominium,Issued,No,01-31-2027
CR23003149,"CRESTVIEW LAKES HOMEOWNERS' ASSOCIATION, INC.","16201 SW 67TH ST, MIAMI FLORIDA 33193",Homeowner,Issued,No,01-31-2027
CR23003150,"ENCHANTED GROVE VILLAS CONDOMINIUM ASSOCIATION #1, INC.",3109 HIBISCUS STREET MIAMI FL 33133,Condominium,Issued,No,01-31-2027
CR23003151,SEACOAST CONDO ASSN.,1000 5TH STREET MIAMI BEACH FL 33139,Condominium,Abandoned,No,
CR23003152,"GABLES WATERWAY TOWERS CONDOMINIUM ASSOCIATION, INC",90 EDGEWATER DRIVE CORAL GABLES FLORIDA 33133,Condominium,Issued,No,01-31-2027
CR23003153,"CARLYLE TOWERS, INC., A CONDOMINIUM",7800 CARLYLE AVENUE MIAMI BEACH FL 33141,Condominium,Issued,No,01-31-2027
CR23003154,"CONCOURSE CONDOMINIUM ASSOCIATION, INC.",1016 71 ST MIAMI LAKES FLORIDA 33141,Condominium,Issued,No,01-31-2027
CR23003155,"GALLOWAY ESTATES AT SNAPPER CREEK HOMEOWNERS ASSOCIATION, INC.",8332 SW 84 TER MIAMI FLORIDA 33143,Homeowner,Issued,No,01-31-2027
CR23003156,"VILLA DI MARE CONDOMINIUM ASSOCIATION, INC.",5801 COLLINS AVENUE MIAMI BEACH FL 33140,Condominium,Issued,No,01-31-2027
CR23003157,"THE TOWERS OF QUAYSIDE HOMEOWNERS ASSOCIATION, INC.",ONE QUAYSIDE BLVD. MIAMI FLORIDA 33138,Master Association,Issued,No,01-31-2027
CR23003158,"LENNAR HOMES AT LAGO MAR HOMEOWNERS ASSOCIATION, INC.",81ST SW 158 PLACE MIAMI FL 33193,Homeowner,Issued,No,01-31-2027
CR23003159,"TWO MIDTOWN MIAMI CONDOMINIUM ASSOCIATION, INC.",3470 EAST COAST AVE MIAMI FL 33137,Condominium,Expired,Yes,01-31-2026
CR23003160,"VILLAGE BY THE BAY CONDOMINIUM ASSOCIATION, INC.",3285 NE 184 ST AVENTURA FL 33160,Condominium,Issued,No,01-31-2027
CR23003161,"SNAPPER VILLAGE CONDOMINIUM ASSOCIATION, INC.",6901 SW 116TH CT MIAMI FL 33173,Condominium,Issued,No,01-31-2027
CR23003162,"301 OCEAN DRIVE CONDOMINIUM ASSOCIATION, INC.",301 OCEAN DRIVE MIAMI BEACH FLORIDA 33139,Condominium,Issued,No,01-31-2027
CR23003163,"COURTYARDS OF THE GROVE CONDOMINIUM ASSOCIATION, INC.",3242 MARY STREET MIAMI FL 33133,Condominium,Expired,Yes,01-31-2026
CR23003165,"CORAL CLUB GARDEN VILLAS CONDOMINIUM ASSOCIATION, INC.",15091 SW 103 LANE MIAMI FL 33196,Condominium,Issued,No,01-31-2027
CR23003166,"SERENITY ON THE RIVER CONDOMINIUM ASSOCIATION, INC.",1740 NW NORTH RIVER DR. MIAMI FLORIDA 33125,Condominium,Issued,No,01-31-2027
CR23003167,"ARMSTRONG CONDO ASSN INC, THE",1000 5TH STREET SUITE # 1316 MIAMI BEACH FL 33139,Condominium,Abandoned,No,
CR23003168,"COURVOISIER COURTS CONDOMINIUM ASSOCIATION, INC.",701 BRICKELL KEY BLVD MIAMI FL 33131,Condominium,Issued,No,01-31-2027
CR23003169,"TERRACE VIEW TOWERS, INC.",240 COLLINS AVENUE MIAMI BEACH FL 33139,Condominium,Issued,No,01-31-2027
CR23003170,"VENETIAN VILLAS OF SOUTH BEACH CONDOMINIUM ASSOCIATION, INC.",747 MICHIAGN AVENUE MIAMI BEACH FL 33139,Condominium,Issued,No,01-31-2027
CR23003171,"PARADISE POINT MARINA CONDOMINIUM ASSOCIATION, INC.",6111 PARADISE POINT DRIVE MIAMI FL 33157,Condominium,Issued,No,01-31-2027
CR23003172,"MARINER'S BAY CONDOMINIUM ASSOCIATION, INC.",12000 N BAYSHORE DR NORTH MIAMI FL 33181,Condominium,Expired,Yes,01-31-2026
CR23003173,"BRICKELL OAKS TOWNHOUSE CONDOMINIUM ASSOCIATION, INC.",123 SW 17 RD MIAMI FL 33129,Condominium,Issued,No,01-31-2027
CR23003174,"MYSTIC POINTE TOWER 500 CONDOMINIUM ASSOCIATION, INC.",3530 MYSTIC POINTE DR AVENTURA FL 33180,Condominium,Issued,No,01-31-2027
CR23003175,BENT TREE LAKE CENTRAL ASSOCIATION INC,4901 - 5243 SW 139 CT MIAMI FLORIDA 33175,Homeowner,Issued,No,01-31-2027
CR23003176,"350 SOUTH SHORE DRIVE CONDOMINIUM ASSOCIATION, INC.",350 SOUTH SHORE DRIVE MIAMI BEACH FL 33141,Condominium,Issued,No,01-31-2027
CR23003177,"BILTMORE VILLAGE CONDOMINIUM THE MERRICK BUILDING ASSOCIATION, INC.",711 BILTMORE WAY CORAL GABLES FL 33134,Condominium,Issued,No,01-31-2027
CR23003178,"DORAL GARDENS CONDOMINIUM ASSOCIATION, INC.",4390 NW 79 AVE MIAMI FL 33166,Condominium,Issued,No,01-31-2027
CR23003179,"INSPIRATION POINT CONDOMINIUM ASSOCIATION, INC.",12955 NE 6TH AVE NORTH MIAMI FL 33161,Condominium,Closed,Yes,02-01-2024
CR23003180,"THE SHORES CONDOMINIUM, INC.",1700 NE 105 ST MIAMI FL 33137,Condominium,Issued,No,01-31-2027
CR23003181,THE RIVER CLUB TOWNHOUSES CONDOMINIUM ASSOCIATION INC.,1901 NW S RIVER DR MIAMI FLORIDA 33125,Condominium,Expired,Yes,01-31-2026
CR23003183,"IL VILLAGGIO CONDOMINIUM ASSOCIATION, INC.",1455 OCEAN DRIVE MIAMI BEACH FLORIDA 33139,Condominium,Expired,Yes,01-31-2026
CR23003184,"CAPTIVA CONDOMINIUM A ASSOCIATION, INC.",10730 NW 66TH ST DORAL FL 33178,Condominium,Issued,No,01-31-2027
CR23003185,"THE PONCE DE LEON CONDOMINIUM ASSOCIATION, INC.",1607 PONCE DE LEON CORAL GABLES FL 33134,Condominium,Issued,No,01-31-2027
CR23003188,SAN MARCO VILLAS OF MIAMI CONDOMINIUM ASSOCIATION INC,6900 NW 179 ST MIAMI FL 33015,Condominium,Issued,No,01-31-2027
CR23003189,"7000 ISLAND BOULEVARD CONDOMINIUM ASSOCIATION, INC.",7000 ISLAND BLVD AVENTURA FL 33160,Condominium,Issued,No,01-31-2027
CR23003193,"THE RESERVE AT ISLES AT BAYSHORE HOMEOWNERS' ASSOCIATION, INC.",221 TERR SW 88 PL MIAMI FL 33190,Homeowner,Issued,No,01-31-2027
CR23003194,"TURNBERRY ISLE CONDOMINIUM ASSOCIATION, INC.",19707 TURNBERRY WAY AVENTURA FLORIDA 33180,Condominium,Issued,No,01-31-2027
CR23003197,"RIVERVIEW CONDOMINIUM, INC.",7801 NE 4TH CT MIAMI FL 33138,Condominium,Expired,Yes,01-31-2025
CR23003198,"LAKE AVILA TOWNHOMES HOMEOWNERS' ASSOCIATION, INC.",71 TERR SW 164 PL MIAMI FLORIDA 33193,Homeowner,Issued,No,01-31-2027
CR23003199,"RIVE MARSEILLES CONDOMINIUM ASSOCIATION, INC.",1185 MARSEILLE DRIVE MIAMI BEACH FL 33141,Condominium,Expired,Yes,01-31-2026
CR23003200,"PALM POINT ASSOCIATION, INC.",10500 SW 154 CT MIAMI FL 33186,Homeowner,Issued,No,01-31-2027
CR23003201,"CONTEMPO HOMEOWNERS' ASSOCIATION, INC.",3350 NW 91ST AVE DORAL FL 33172,Homeowner,Issued,No,01-31-2027
CR23003202,"437 SANTANDER CONDOMINIUM ASSOCIATION, INC.",437 SANTANDER AVE CORAL GABLES FL 33134,Condominium,Issued,No,01-31-2027
CR23003203,"VALENCIA GRANDE CONDOMINIUM ASSOCIATION, INC.",640 - 642 VALENCIA AVE CORAL GABLES FL 33134,Condominium,Issued,No,01-31-2027
CR23003204,"THE POINT OF AVENTURA MAINTENANCE ASSOCIATION, INC.",21125 NE 37 AVE AVENTURA FLORIDA 33180,Master Association,Issued,No,01-31-2027
CR23003205,BALMORAL APARTMENTS INC,350 COLLINS AVE MIAMI BEACH FL 33139,Cooperative,Issued,No,01-31-2027
CR23003206,"MELROSE LANDING AT EDEN LAKES HOMEOWNERS ASSOCIAITON, INC.",4300-4500 ST SW 160-162 AVE MIAMI FLORIDA 33185,Homeowner,Issued,No,01-31-2027
CR23003207,"BENT TREE PARCEL NO. 1-C ASSOCIATION, INC.",55 ST SW 140 AVE (COMMON AREA) MIAMI FLORIDA 33175,Homeowner,Issued,No,01-31-2027
CR23003208,"LENNAR HOMES AT FOREST LAKES HOMEOWNERS ASSOCIATION, INC.",9173 SW 168 AVE MIAMI FL 33196,Homeowner,Issued,No,01-31-2027
CR23003209,TOWNHOMES OF COUNTRY VILLAGE ASSOCIATION INC.,6618 NW 188 LN HIALEAH FL 33015,Homeowner,Issued,No,01-31-2027
CR23003211,"BAY VIEW LOFTS CONDOMINIUM ASSOCIATION, INC.",2000 BAY DRIVE MIAMI BEACH FL 33141,Condominium,Issued,No,01-31-2027
CR23003213,"BEL-AIR HOMEOWNERS ASSOCIATION, INC.",12383 NW 97 COURT HIALEAH GARDENS FL 33018,Homeowner,Issued,No,01-31-2027
CR23003214,ARLEN BEACH CONDOMINIUM ASSOCIATION INC,"5701 COLLINS AVENUE MIAMI BEACH, FLORIDA 33140",Homeowner,Issued,No,01-31-2027
CR23003215,"VILLA ALHAMBRA OF CORAL GABLES CONDO ASSN, INC",50 ALHAMBRA CIR CORAL GABLES FL 33134,Condominium,Issued,No,01-31-2027
CR23003216,"OLA CONDOMINIUM ASSOCIATION, INC",15201 NE 6TH AVENUE MIAMI FLORIDA 33162,Condominium,Expired,Yes,02-01-2024
CR23003217,"PINEBROOKE CONDOMINIUM A ASSOCIATION, INC.",15805/07/09/11 S.W. 90 COURT MIAMI FL 33157,Homeowner,Issued,No,01-31-2027
CR23003218,"WEITZER LAGO MAR HOMES HOMEOWNERS ASSOCIATION, INC.",158 AVE SW 72-75 ST MIAMI FL 33186,Homeowner,Issued,No,01-31-2027
CR23003219,"MARBELLA PARK HOMEOWNERS' ASSOCIATION, INC.",8325 NW 197 TER HIALEAH FL 33015,Homeowner,Issued,No,01-31-2027
CR23003221,"ROYAL PALM PLACE AT THE HAMMOCKS CONDOMINIUM ASSOCIATION, INC.",15750 SW 105 TERRACE MIAMI FL 33186,Condominium,Issued,No,01-31-2027
CR23003222,"TEN30 CONDOMINIUM ASSOCIATION, INC.",1030 15 ST MIAMI BEACH FLORIDA 33139,Condominium,Issued,No,01-31-2027
CR23003223,"ONE VILLAGE PLACE CONDOMINIUM ASSOCIATION, INC.",4100 SALZEDO ST CORAL GABLES FL 33146,Condominium,Issued,No,01-31-2027
CR23003224,"THE FOUNTAINVIEW CLUB NO. ONE CONDOMINIUM ASSOCIATION, INC.",2845 GRANADA BLVD CORAL GABLES FL 33134,Condominium,Issued,No,01-31-2027
CR23003225,"CHATHAM AT AQUA CONDOMINIUM ASSOCIATION, INC.",201 AQUA AVENUE MIAMI BEACH FL 33141,Condominium,Issued,No,01-31-2027
CR23003226,"SWEET-EL CONDOMINIUM, INC.","611 SW 11 TH ST, APT 12E MIAMI FL 33129",Condominium,Issued,No,01-31-2027
CR23003227,"HIGH PINES CONDOMINIUM ASSOCIATION, INC.",9000 SW 152 ST MIAMI FL 33157,Condominium,Issued,No,01-31-2027
CR23003228,"GABRIELLA CONDOMINIUM SOUTH ASSOCIATION, INC.",7589 NW 182ND TER HIALEAH FL 33015,Homeowner,Issued,No,01-31-2027
CR23003230,"M & J APTS., INC.",401 80TH ST MIAMI BEACH FL 33141,Cooperative,Abandoned,No,
CR23003231,"THE KEYS AT THE LANDINGS NEIGHBORHOOD ASSOCIATION, INC.",23398 SW 108 COURT HOMESTEAD FLORIDA 33032,Homeowner,Issued,No,01-31-2027
CR23003232,"COUNTRY CLUB OF MIAMI 44 NORTH ASSOCIATION, INC.",19808 BOB-O-LINK DRIVE MIAMI LAKES FL 33015,Homeowner,Closed,No,02-01-2024
CR23003233,"LEEWARD ISLES II HOMEOWNERS ASSOCIATION, INC.",284 SE 31 AVE MIAMI FLORIDA 33033,Homeowner,Issued,No,01-31-2027
CR23003234,"CATALONIA LAKE VILLAS HOMEOWNERS ASSOCIATION, INC.",14199 SW 62 STREET MIAMI FL 33183,Homeowner,Issued,No,01-31-2027
CR23003236,"LOFT DOWNTOWN II CONDOMINIUM ASSOCIATION, INC.",133 NE 2ND AVE MIAMI FL 33132,Condominium,Issued,No,01-31-2027
CR23003237,"CHANTI-CLARE HOMEOWNERS ASSOCIATION, INC.",12900 SW 248TH ST MIAMI FLORIDA 33032,Homeowner,Issued,No,01-31-2027
CR23003239,"THE RIVIERA ARMS CONDOMINIUM ASSOCIATION, INC.",732 EUCLID AVE MIAMI BEACH FL 33139,Condominium,Issued,No,01-31-2027
CR23003240,"LATIN QUARTER RESIDENTIAL CONDOMINIUM ASSOCIATION, INC.",1475 SW 8TH STREET MIAMI LAKES FL 33135,Condominium,Issued,No,01-31-2027
CR23003241,"THE TIDES AT ISLES AT BAYSHORE HOMEOWNERS ASSOCIATION, INC.",13595 SW 134 AVENUE MIAMI FLORIDA 33186,Homeowner,Issued,No,01-31-2027
CR23003242,"BRICKELL KEY MASTER ASSOCIATION, INC.",601 BRICKELL KEY DR MIAMI FL 33131,Master Association,Issued,No,01-31-2027
CR23003243,"PARC CENTRAL AVENTURA SOUTH CONDOMINIUM ASSOCIATION, INC.",3300 NE 191ST ST AVENTURA FLORIDA 33180,Condominium,Issued,No,01-31-2027
CR23003244,"CENTURY SERENA LAKES TOWNHOMES HOMEOWNERS ASSOCIATION, INC.",14037 SW 179 STREET MIAMI FL 33177,Homeowner,Issued,No,01-31-2027
CR23003245,"VILLAGE OF DORAL OAKS ASSOCIATION, INC.",C/O 13250 SW 135 AVENUE MIAMI FL 33186,Master Association,Issued,No,01-31-2027
CR23003246,"SUNRISE MANORS INC., A CONDOMINIUM",260 SUNRISE DRIVE KEY BISCAYNE FL 33149,Condominium,Issued,No,01-31-2027
CR23003248,"LAS BRISAS VILLAGE CONDOMINIUM ASSOCIATION, INC.",10155 NW 9TH ST CIR MIAMI FL 33172,Condominium,Issued,No,01-31-2027
CR23003249,"THE NORMANDY CONDOMINIUM ASSOCIATION, INC.",1975 NORMANDY DR MIAMI BEACH FL 33141,Condominium,Issued,No,01-31-2027
CR23003250,THE VILLAS OF MADEIRA HOMEOWNERS ASSOC. INC.,9451 SW 6 TERRACE MIAMI FL 33174,Homeowner,Issued,No,01-31-2027
CR23003251,"THE ENCLAVE AT ISLES AT BAYSHORE HOMEOWNERS' ASSOCIATION, INC.",93-94 AVE SW 224-227 AVE (COMMON AREA) MIAMI FLORIDA 33190,Homeowner,Issued,No,01-31-2027
CR23003252,"AVIATION BAY VILLAS CONDOMINIUM ASSOCIATION, INC.",3110 AVIATION AVE MIAMI FL 33133,Condominium,Issued,No,01-31-2027
CR23003253,"CINDI'S PLACE HOMEOWNERS ASSOCIATION, INC.",13500 SW 101 LANE MIAMI FL 33186,Homeowner,Issued,No,01-31-2027
CR23003254,"EASTSIDE CANAL HOUSE CONDOMINIUM ASSOCIATION, INC.",426 AND 436 NE 77TH STREET RD MIAMI FL 33138,Condominium,Issued,No,01-31-2027
CR23003255,"TUSCANY VILLAGE HOMEOWNERS ASSOCIATION, INC.",12801 SW 133 TER MIAMI FLORIDA 33186,Homeowner,Issued,No,01-31-2027
CR23003256,"SAILBOAT CAY CONDOMINIUM ASSOCIATION, INC.",13499 BISCAYNE BLVD NORTH MIAMI FL 33181,Condominium,Issued,No,01-31-2027
CR23003260,"AVANTI HOMEOWNERS ASSOCIATION, INC.",155-193 NORTH SHORE DRIVE MIAMI BEACH FL 33141,Homeowner,Issued,No,01-31-2027
CR23003262,"GROVE AT GRAND BAY CONDOMINIUM ASSOCIATION, INC.",2669 S BAYSHORE DR MIAMI FL 33133,Condominium,Issued,No,01-31-2027
CR23003263,"ONE BAY HARBOR CONDOMINIUM ASSOCIATION, INC.",1150 101 STREET MIAMI FL 33137,Condominium,Issued,No,01-31-2027
CR23003264,"BARBIZON BEACH CONDOMINIUM ASSOCIATION, INC.",530 OCEAN DRIVE MIAMI BEACH FL 33139,Condominium,Issued,No,01-31-2027
CR23003268,"VERDANA ESTATES HOMEOWNER ASSOCIATION, INC.",13200 SW 215 TERRACE MIAMI FLORIDA 33177,Homeowner,Expired,Yes,01-31-2026
CR23003269,THE ATRIUM HOMES AT THE HAMMOCKS HOMEOWNERS ASSOCIATION INC.,155 PL SW 109-111 TERR MIAMI FL 33196,Homeowner,Issued,No,01-31-2027
CR23003270,"PARISIAN VILLAGE IN THE GROVE CONDOMINIUM ASSOCIATION, INC.",2901-2927 JACKSON AVENUE MIAMI FL 33133,Condominium,Issued,No,01-31-2027
CR23003271,"GABLES LAROC CONDOMINIUM ASSOCIATION, INC.",441 VALENCIA AVE CORAL GABLES FL 33134,Condominium,Issued,No,01-31-2027
CR23003272,"LA MIRAGE CONDOMINIUM ASSOCIATION, INC.",5445-5511 W. 22ND CT. HIALEAH FL. 33016,Condominium,Issued,No,01-31-2027
CR23003274,"THE LANDINGS MASTER COMMUNITY ASSOCIATION, INC.",23398 SW 108 CT HOMESTEAD FLORIDA 33032,Master Association,Expired,Yes,01-31-2026
CR23003276,"ORLEANS HOUSE CONDOMINIUM, INC.",8129 ABBOTT AVE MIAMI BEACH FL 33141,Condominium,Issued,No,01-31-2027
CR23003277,"LA JOLLA HOMEOWNERS ASSOCIATION, INC.",8915 SW 113 PLACE CIRCLE WEST MIAMI FL 33176,Homeowner,Issued,No,01-31-2027
CR23003278,"LAS VILLAS CONDOMINIUM ASSOCIATION, INC.",1852 S.W. 7 ST MIAMI FL 33135,Condominium,Issued,No,01-31-2027
CR23003280,"THE ENCLAVE AT CENTURY PARC HOMEOWNERS ASSOCIATION, INC.",330 SW 87 COURT CORAL GABLES FL 33174,Homeowner,Issued,No,01-31-2027
CR23003281,"THE KNIGHTSBRIDGE CONDOMINIUM ASSOCIATION, INC.",7133 BAY DRIVE MIAMI BEACH FL 33141,Condominium,Issued,No,01-31-2027
CR23003285,"NEW HORIZONS CONDOMINUM MASTER ASSOCIATION, INC",1550 NE 191 ST NORTH MIAMI BEACH FL 33179,Master Association,Issued,No,01-31-2027
CR23003286,"LOS PRADOS HOMEOWNERS ASSOCIATION, INC.",4465 SW 158 AVE MIAMI FLORIDA 33185,Homeowner,Issued,No,01-31-2027
CR23003287,"1500 OCEAN DRIVE CONDOMINIUM ASSOCIATION, INC.",1500 OCEAN DR MIAMI BEACH FL 33139,Condominium,Issued,No,01-31-2027
CR23003288,"TREASURE TROVE HOMEOWNERS ASSOCIATION, INC.",2485 S BAYSHORE DR MIAMI FL 33133,Homeowner,Issued,No,01-31-2027
CR23003289,"LAGO MAR SOUTH HOMEOWNERS' ASSOCIATION, INC.",15894 SW 85 LANE MIAMI FL 33193,Homeowner,Issued,No,01-31-2027
CR23003290,GORLIN AT AQUA CONDOMINIUM ASSOCIATION INC.,6101 AQUA AVENUE MIAMI BEACH FLORIDA 33141,Condominium,Issued,No,01-31-2027
CR23003291,"THE HORIZONS WEST PROPERTY OWNERS ASSOCIATION, INC.",8508 SW 133RD AVE MIAMI FL 33183,Master Association,Issued,No,01-31-2027
CR23003292,"MARBELLA VILLAS A CONDOMINIUM ASSOCIATION, INC.",2295 W 55 ST HIALEAH FL 33016,Condominium,Issued,No,01-31-2027
CR23003294,"PORT ROYALE CONDOMINIUM, INC.",6969 COLLINS AVE MIAMI BEACH FL 33141-3221,Condominium,Issued,No,01-31-2027
CR23003295,"THE ROSE CONDOMINIUM, INC.",7725 CARLYLE AVE MIAMI BEACH FL 33141,Condominium,Issued,No,01-31-2027
CR23003296,"APEX AT PARK CENTRAL CONDOMINIUM NO. 1 ASSOCIATION, INC.",13595 SW 134 AVENUE MIAMI FLORIDA 33186,Condominium,Issued,No,01-31-2027
CR23003297,"THE VILLAS OF ST. AGNES CONDOMINIUM ASSOCIATION, INC.",315 NW 19 STREET MIAMI FL 33136,Condominium,Issued,No,01-31-2027
CR23003298,"SAUSALITO BAY TOWNHOMES HOMEOWNERS ASSOCIATION, INC.",13595 SW 134 AVE MIAMI FLORIDA 33186,Homeowner,Closed,Yes,02-01-2024
CR23003299,"BAYSHORE VILLAS HOMEOWNERS ASSOCIATION, INC.",3500 BAYSHORE VILLAS DR MIAMI FL 33133,Homeowner,Issued,No,01-31-2027
CR23003300,"CENTURY COVE II HOMEOWNERS ASSOCIATION, INC.",2730 SW 101 CT CORAL GABLES FL 33134,Homeowner,Issued,No,01-31-2027
CR23003302,"VILLAS OF WEST BIRD CONDOMINIUM ASSOCIATION, INC.",3901 SW 112 AVE MIAMI FL 33155,Condominium,Issued,No,01-31-2027
CR23003303,"YACHT CLUB AT PORTOFINO CONDOMINIUM ASSOCIATION, INC.",90 ALTON RD MIAMI BEACH FL 33139,Condominium,Issued,No,01-31-2027
CR23003304,"LES CHATEAUX AT INTERNATIONAL GARDENS CONDOMINIUM ASSOCIATION, INC.",12035 SW 19TH TERRACE MIAMI FL 33175,Condominium,Issued,No,01-31-2027
CR23003305,"WATER'S EDGE ASSOCIATION, INC.",100 EDGEWATER DR. CORAL GABLES FL 33133,Condominium,Issued,No,01-31-2027
CR23003306,"THE PALM RESIDENCES OF SOUTH BEACH CONDOMINIUM ASSOCIATION, INC.",1568 MERIDIAN AVENUE MIAMI BEACH FL 33139,Condominium,Issued,No,01-31-2027
CR23003307,"LAKESIDE TOWNHOMES HOA, INC.",16803 -16947 NW 14TH AVE MIAMI FL 33169,Homeowner,Issued,No,01-31-2027
CR23003308,"THE ISLES AT GRAND BAY NEIGHBORHOOD ASSOCIATION, INC.",8800 NW 100 PL DORAL FLORIDA 33178,Homeowner,Issued,No,01-31-2027
CR23003309,MALLORCA AT THE VINEYARDS HOMEOWNERS ASSOCIATION,13595 SW 134 AVE MIAMI FLORIDA 33186,Homeowner,Issued,No,01-31-2027
CR23003312,"MELROSE LANDING AT EDEN LAKES 2 HOMEOWNERS ASSOCIATION, INC.",4401 SW 162 AVE MIAMI FLORIDA 33185,Homeowner,Issued,No,01-31-2027
CR23003314,GALEN 250 CONDOMINIUM. INC.,250 GALEN DR CORAL GABLES FL 33114,Condominium,Issued,No,01-31-2027
CR23003315,"VENETIAN ISLE CONDOMINIUM, INC.",801 N VENETIAN DR MIAMI FL 33139,Condominium,Issued,No,01-31-2027
CR23003317,"SIERRA RIDGE CONDOMINIUM ""L&M"" ASSOCIATION, INC.",21300 NE 10TH AVE NORTH MIAMI BEACH FL 33179,Condominium,Issued,No,01-31-2027
CR23003318,"APEX AT PARK CENTRAL CONDOMINIUM NO. 2 ASSOCIATION, INC.",13595 SW 134 AVENUE MIAMI FLORIDA 33186,Condominium,Issued,No,01-31-2027
CR23003319,"NINE AT MARY BRICKELL VILLAGE CONDOMINIUM ASSOCIATION, INC.",999 SW 1ST AVENUE MIAMI FL 33130,Condominium,Issued,No,01-31-2027
CR23003322,"VILLAGE AT DADELAND CONDOMINIUM ASSOCIATION, INC.",7440 SW 82ND ST MIAMI FL 33143,Condominium,Expired,Yes,01-31-2026
CR23003323,"ROYAL WEST CONDOMINIUM ASSOCIATION, INC.",1225 WEST AVE MIAMI BEACH FL 33139,Condominium,Issued,No,01-31-2027
CR23003326,"INDIAN CREEK CLUB & MARINA CONDOMINIUM ASSOCIATION NORTH, INC.",6830 INDIAN CREEK DR HIALEAH FL 33141,Condominium,Issued,No,01-31-2027
CR23003328,"RESIDENCES AT THE FALLS CONDOMINIUM ASSOCIATION, INC.",13888 SW 90TH AVE MIAMI FL 33176,Condominium,Issued,No,01-31-2027
CR23003331,"KEYSTONE MANOR CONDOMINIUM ASSOCIATION, INC.",2225 NE 123RD ST MIAMI FL 33181,Condominium,Issued,No,01-31-2027
CR23003332,"9350 CONDOMINIUM ASSOCIATION, INC.",9350 W BAY HARBOR DR MIAMI FL 33154,Condominium,Expired,Yes,01-31-2026
CR23003333,"SECOND FORUM CONDOMINIUM CORP., INC.",1398 NE 191ST ST NORTH MIAMI BEACH FL 33179,Condominium,Issued,No,01-31-2027
CR23003334,"THE PRADO CONDOMINIUM ASSOCIATION, INC.",175 FONTAINEBLEAU BLVD SUITE 2G1 MIAMI FL 33172,Condominium,Abandoned,No,
CR23003336,"THE TOWERHOUSE CONDOMINIUM, INC.",5500 COLLINS AVE MIAMI BEACH FLORIDA 33140,Condominium,Issued,No,01-31-2027
CR23003337,"QUANTUM ON THE BAY CONDOMINIUM NO. ONE ASSOCIATION, INC.",1900 N BAY SHORE DRIVE MIAMI FLORIDA 33132,Condominium,Abandoned,No,
CR23003338,"SIERRA RIDGE CONDOMINIUM ""A"" ASSOCIATION, INC.",21300 NE 10TH AVE NORTH MIAMI BEACH FL 33179,Condominium,Issued,No,01-31-2027
CR23003339,"MONTEGO BAY HOMEOWNERS ASSOCIATION, INC. OF DADE COUNTY",18001 OLD CUTLER ROAD MIAMI FLORIDA 33157,Homeowner,Issued,No,01-31-2027
CR23003340,"THE HORIZONS WEST CONDOMINIUM NO. 1 ASSOCIATION, INC.",8400 S.W. 133 AVENUE ROAD MIAMI FL 33183,Condominium,Issued,No,01-31-2027
CR23003341,"CASA LINDA TOWNHOMES CONDOMINIUM ASSOCIATION, INC.",5963 W. 16TH LANE. HIALEAH FL 33014,Condominium,Issued,No,01-31-2027
CR23003342,"SOMI ESTATES HOMEOWNERS ASSOCIATION, INC.",5600 SW 65 CT MIAMI FL 33143,Homeowner,Issued,No,01-31-2027
CR23003343,"APEX AT PARK CENTRAL CONDOMINIUM NO. 3 ASSOCIATION, INC.",13595 SW 134 AVENUE MIAMI FLORIDA 33186,Condominium,Issued,No,01-31-2027
CR23003345,"BRICKELL BAY CLUB CONDOMINIUM ASSOCIATION, INC.",2333 BRICKELL AVE. MIAMI MIAMI FLORIDA 33129,Condominium,In Progress,No,
CR23003346,"PANACHE HOMEOWNERS ASSOCIATION, INC.",14417 SW 94 LN MIAMI FL 33196,Homeowner,Issued,No,01-31-2027
CR23003347,"5825 CORINTHIAN CONDOMINIUM ASSOCIATION, INC.",5825 COLLINS AVENUE MIAMI BEACH FL 33140,Condominium,Issued,No,01-31-2027
CR23003348,"GOLDVUE ESTATES COMMUNITY ASSOCIATION, INC.",9600 NW 46 LANE MIAMI FLORIDA 33178,Homeowner,Issued,No,01-31-2027
CR23003349,CORONADO CONDOMINIUM ASSOCIATION INC,20301 W. COUNTRY CLUB DRIVE AVENTURA FL 33180,Condominium,Issued,No,01-31-2027
CR23003350,"THE PLAZA 851 BRICKELL CONDOMINIUM ASSOCIATION, INC.",950 BRICKELL BAY DRIVE MIAMI FL 33131,Condominium,Issued,No,01-31-2027
CR23003351,"VENTURA AT MALIBU BAY NEIGHBORHOOD ASSOCIATION, INC.",3395 NE 11 DR MIAMI FLORIDA 33186,Homeowner,Expired,Yes,01-31-2026
CR23003352,141 SOUTH SHORE DRIVE CONDO ASSN INC,1000 5TH STREET SUITE 1316 MIAMI BEACH FL 33139,Condominium,Abandoned,No,
CR23003353,"SIERRA RIDGE CONDOMINIUM ""B"" ASSOCIATION, INC.",21300 NE 10TH AVE MIAMI FL 33179,Condominium,Issued,No,01-31-2027
CR23003354,"TIGERTAIL BAY CONDOMINIUM ASSOCIATION, INC.",2715 TIGERTAIL AVENUE MIAMI FL 33133,Condominium,Issued,No,01-31-2027
CR23003355,"QUADRO CONDOMINIUM ASSOCIATION, INC.","3900 BISCAYNE BLVD, MANAGEMENT MIAMI FLORIDA 33137",Condominium,Issued,No,01-31-2027
CR23003356,"SOUTHERN POINTE VILLAS HOMEOWNERS ASSOCIATION, INC.",282 SW 3 COURT MIAMI FL 33137,Homeowner,Issued,No,01-31-2027
CR23003358,"THE MANSIONS AT FOREST LAKES HOMEOWNERS' ASSOCIATION, INC.",90-103 ST SW 164-166 AVE MIAMI FL 33196,Homeowner,Expired,Yes,01-31-2026
CR23003359,"BRICKELL HEIGHTS EAST CONDOMINIUM ASSOCIATION, INC.",45 SW 9TH STREET MIAMI FL 33130,Condominium,Issued,No,01-31-2027
CR23003360,"MILLER GARDENS, INC.",13501 SW 128ST STE.111 MIAMI FL 33186,Condominium,Issued,No,01-31-2027
CR23003361,"ESPANOLA WAY VILLAS CONDOMINIUM ASSOCIATION, INC.",717 ESPANOLA WAY MIAMI BEACH FL 33119,Condominium,Abandoned,No,
CR23003362,"QUATRAINE HOMEOWNERS' ASSOCIATION, INC.",20055 NE 3 CT MIRAMAR FL 33025,Master Association,Abandoned,No,
CR23003363,PARC VISTA CONDOMIMIUM ASSOCIATION INC.,14001 SW 93 LN MIAMI FLORIDA 33186,Condominium,Issued,No,01-31-2027
CR23003364,"SPEAR AT AQUA CONDOMINIUM ASSOCIATION, INC.",6103 AQUA AVENUE MIAMI BEACH FL 33141,Condominium,Issued,No,01-31-2027
CR23003365,"SIBONEY GARDENS CONDOMINIUM ASSOCIATION, INC.",1955 NE 135 ST NORTH MIAMI FL 33181,Condominium,Issued,No,01-31-2027
CR23003366,"DEERING BAY CONDOMINIUM II, INC",13633 DEERING BAY DR CORAL GABLES FL 33158,Condominium,Issued,No,01-31-2027
CR23003368,"SIERRA RIDGE CONDOMINIUM ""C"" ASSOCIATION, INC.",21300 NE 10TH AVE MIAMI FL 33179,Condominium,Issued,No,01-31-2027
CR23003371,"THE RIVIERA CONDOMINIUM ASSOCIATION, INC.",2401 COLLINS AVE MIAMI BEACH FL 33140-4752,Condominium,Expired,Yes,01-31-2026
CR23003372,"WINDSOR PLAZA CONDOMINIUM ASSOCIATION, INC.",1320 DREXEL AVE HIALEAH FL 33014,Condominium,Issued,No,01-31-2027
CR23003373,"COLLINS MANOR CONDOMINIUM, INC.",701 COLLINS AVE MIAMI BEACH FL 33139,Condominium,Issued,No,01-31-2027
CR23003374,SIENA AT DEERING BAY CONDO ASSN INC.,13611 DEERING BAY DR BOX 3000 CORAL GABLES FL 33158,Condominium,Issued,No,01-31-2027
CR23003375,"PARC CENTRAL AVENTURA MASTER ASSOCIATION, INC.",3300 NE 192 ST MIAMI FLORIDA 33180,Master Association,Abandoned,No,
CR23003376,"APEX AT PARK CENTRAL NEIGHBORHOOD ASSOCIATION, INC.",80 ST NW 104 AVE MIAMI FLORIDA 33178,Master Association,Issued,No,01-31-2027
CR23003377,"THE HORIZONS WEST CONDOMINIUM NO. 2 ASSOCIATION, INC.",8420 SW 133 AVE RD MIAMI FLORIDA 33183,Condominium,Issued,No,01-31-2027
CR23003378,"SIERRA RIDGE CONDOMINIUM ""D"" ASSOCIATION, INC.",21300 NE 10TH AVE NORTH MIAMI BEACH FL 33179,Condominium,Issued,No,01-31-2027
CR23003383,"EPIC WEST TOWER MASTER ASSOCIATION, INC.",200 BISCAYNE BOULEVARD WAY SUITE 200 MIAMI FLORIDA 33131,Master Association,Issued,No,01-31-2027
CR23003384,"CELESTIAL ARMS CONDOMINIUM ASSOCIATION, INC.",1550 JEFFERSON AVE MIAMI BEACH FL 33139,Condominium,Issued,No,01-31-2027
CR23003385,"SEAGULL NEST VILLAS HOMEOWNERS ASSOCIATION, INC.",13415-13560 SW 59 LANE MIAMI FL 33183,Homeowner,Issued,No,01-31-2027
CR23003386,"3000 ISLAND BOULEVARD CONDOMINIUM ASSOCIATION, INC.",3000 ISLAND BLVD AVENTURA FL 33160,Condominium,Issued,No,01-31-2027
CR23003387,"SIERRA RIDGE CONDOMINIUM ""E"" ASSOCIATION, INC.",21300 NE 10TH AVE NORTH MIAMI BEACH FL 33179,Condominium,Issued,No,01-31-2027
CR23003388,"RIVER RUN YACHT CLUB CONDOMINIUM ASSOCIATION, INC.",1700 NW NORTH RIVER DR MIAMI FLORIDA 33186,Condominium,Issued,No,01-31-2027
CR23003389,"THE HORIZONS WEST CONDOMINIUM NO. 3 ASSOCIATION, INC",8500 S.W. 133RD AVE. ROAD MIAMI FL 33183,Condominium,Issued,No,01-31-2027
CR23003390,"THE RESIDENCES AT THE BATH CLUB MAINTENANCE ASSOCIATION, INC.",5959 COLLINS AVE MIAMI BEACH FLORIDA 33140,Master Association,Issued,No,01-31-2027
CR23003391,"TERRA BEACHSIDE CONDOMINIUM ASSOCIATION, INC.",6000 COLLINS AVENUE MIAMI BEACH FL 33140,Condominium,Issued,No,01-31-2027
CR23003393,"SEGOVIA TOWER CONDOMINIUM ASSOCIATION, INC.",600 CORAL WAY MIAMI FL 33186,Condominium,Issued,No,01-31-2027
CR23003396,"5-33 MERIDIAN CONDOMINIUM, INC.",533 MERIDIAN AVE HIALEAH FL 33014,Condominium,Issued,No,01-31-2027
CR23003397,"VILLA GRANDE CONDOMINIUM ASSOCIATION, INC.",6320 SW 183 CT HIALEAH FL 33012,Condominium,Issued,No,01-31-2027
CR23003398,"FLAMINGO/SOUTH BEACH I CONDOMINIUM ASSOCIATION, INC.",1500 BAY ROAD SUITE 1 MIAMI BEACH FL 33139,Condominium,Issued,No,01-31-2027
CR23003399,"BRISTOL AT KENDALL A CONDOMINIUM ASSOCIATION, INC.",8350 SW 152ND AVE MIAMI FL 33193,Condominium,Issued,No,01-31-2027
CR23003400,"DEL RIO CONDOMINIUM ASSOCIATION, INC.",1100 COLLINS AVE MIAMI FL 33137,Condominium,Issued,No,01-31-2027
CR23003401,"IPANEMA VILLAS CONDOMINIUM ASSOCIATION, INC.",3260-3272 VIRGINIA STREET MIAMI FLORIDA 33133,Condominium,Issued,No,01-31-2027
CR23003402,CUTLER LANDINGS PROPERTY OWNERS' ASSOCIATION INC.,"C/O 381 N. KROME AVENUE, SUITE 205 HOMESTEAD FL 33030",Homeowner,Issued,No,01-31-2027
CR23003403,"VILLA BISCAYA JARDINES CONDOMINIUM PHASE I, INC. (VILLAGE BISCAYNE GARDENS)",4050 NW 135TH ST MIAMI FL 33172,Condominium,Issued,No,01-31-2027
CR23003404,"SIERRA RIDGE CONDOMINIUM ""E-1"" ASSOCIATION, INC.",21300 NE 10TH AVE NORTH MIAMI BEACH FL 33179,Condominium,Issued,No,01-31-2027
CR23003405,"BAY PLAZA CONDOMINIUM ASSOCIATION, INC.",7125 BAY DRIVE MIAMI BEACH FLORIDA 33141,Condominium,Issued,No,01-31-2027
CR23003406,"EMERALD LAKES TOWNHOMES HOMEOWNERS ASSOCIATION, INC.",14800 SW 8 TER MIAMI FL 33194,Homeowner,Issued,No,01-31-2027
CR23003407,"POINCIANA AT SUNSET LAKES HOMEOWNER'S ASSOCIATION, INC.",8100 SW 162 CT MIAMI FLORIDA 33193,Homeowner,Issued,No,01-31-2027
CR23003408,"HARBOR-BY-THE-SEA, INC.",401 COLLINS AVENUE MIAMI BEACH FL 33139,Cooperative,Issued,No,01-31-2027
CR23003409,"THE HORIZONS WEST CONDOMINIUM NO. 4 ASSOCIATION, INC.",8520 SW 133 AVE RD MIAMI FL 33183,Condominium,Issued,No,01-31-2027
CR23003410,OAK GARDENS CONDOMINIUM ASSOCIATION INC,3109-3193 NW 11 ST MIAMI FL 33125,Condominium,Issued,No,01-31-2027
CR23003411,"PALMS OF SUNSET CONDOMINIUM, INC.",5864 SW 74 TER MIAMI FL 33137,Condominium,Issued,No,01-31-2027
CR23003412,"SIERRA RIDGE CONDOMINIUM E-2 ASSOCIATION, INC.",21300 NE 10TH AVE NORTH MIAMI BEACH FL 33179,Condominium,Issued,No,01-31-2027
CR23003414,"THE RESIDENTIAL COMMUNITY AT PARK SQUARE MASTER ASSOCIATION, INC.",8405 NW 33RD TERRACE MIAMI FL 33122,Master Association,Issued,No,01-31-2027
CR23003415,"THE ADMIRAL FARRAGUT CONDOMINIUM APARTMENTS ASSOCIATION, INC.",6815 EDGEWATER DRIVE CORAL GABLES FLORIDA 33133,Condominium,Issued,No,01-31-2027
CR23003417,BELLE MEADE PLACE CONDOMINIUM INCORPORATED,645 N.E. 77 STREET MIAMI FL 33138,Condominium,Issued,No,01-31-2027
CR23003418,"COLONY HOUSE CONDOMINIUM ASSOCIATION, INC.",542 EUCLID AVE HIALEAH FL 33014,Condominium,Issued,No,01-31-2027
CR23003419,"SIERRA RIDGE CONDOMINIUM F ASSOCIATION, INC.",21300 NE 10TH AVE NORTH MIAMI BEACH FL 33179,Condominium,Issued,No,01-31-2027
CR23003420,"THE HORIZONS WEST CONDOMINIUM NO. 6 ASSOCIATION, INC.",8540 SW 133 AVE RD MIAMI FL 33183,Condominium,Issued,No,01-31-2027
CR23003422,MARBELLA COVE AT WATERSTONE HOA INC.,22 DRIVE NE 42 CIRCLE HOMESTEAD FL 33030,Homeowner,Issued,No,01-31-2027
CR23003423,VILLAGE OF DORAL PINES,57 ST NW 100 CT (INTERSECTION) MIAMI FL 33178,Homeowner,Issued,No,01-31-2027
CR23003424,"SIERRA RIDGE CONDOMINIUM G ASSOCIATION, INC.",21300 NE 10TH AVE NORTH MIAMI BEACH FL 33179,Condominium,Issued,No,01-31-2027
CR23003425,"TOWN HOMES AT OAK LANE HOMEOWNERS' ASSOCIATION, INC.",7400 SW 56 CT MIAMI FL 33137,Homeowner,Issued,No,01-31-2027
CR23003426,"VILLAS AT THE HAMMOCKS CONDOMINIUM ASSOCIATION, INC.",10220 SW 154 CIR CT MIAMI FL 33196,Condominium,Issued,No,01-31-2027
CR23003427,"IN THE PINES CONDOMINIUM ASSOCIATION, INC.",13881 NE 2 CT MIAMI FL 33161,Condominium,Issued,No,01-31-2027
CR23003428,"SIERRA RIDGE CONDOMINIUM H ASSOCIATION, INC.",21300 NE 10TH AVE NORTH MIAMI BEACH FL 33179,Condominium,Issued,No,01-31-2027
CR23003429,"VILLA FLORINI CONDOMINIUM ASSOCIATION, INC.",101 SIDONIA AVE CORAL GABLES FL 33134,Condominium,Issued,No,01-31-2027
CR23003430,"BYRON GARDENS CONDOMINIUM ASSOCIATION, INC.",7850 BYRON AVENUE MIAMI FL 33141,Condominium,Issued,No,01-31-2027
CR23003431,"WASHINGTON CENTER CONDOMINIUM, INC.",524 WASHINGTON AVE. HIALEAH FL 33014,Condominium,Issued,No,01-31-2027
CR23003432,"SOUTH WINDS CONDOMINIUM ASSOCIATION (WEST), INC.",9390 WEST FLAGLER STREET MIAMI FL 33174,Condominium,Issued,No,01-31-2027
CR23003433,"URBANA AT THE RESIDENCES AT DOWNTOWN DORAL NEIGHBORHOOD ASSOCIATION, INC.",4651 NW 82 AVE DORAL FL 33166,Homeowner,Issued,No,01-31-2027
CR23003434,"AQUA MASTER ASSOCIATION, INC.",201 AQUA AVENUE MIAMI BEACH FL 33141,Master Association,Issued,No,01-31-2027
CR23003435,"BRICKELL HEIGHTS WEST CONDOMINIUM ASSOCIATION, INC.",8200 NW 33RD ST DORAL FL 33122-1901,Condominium,Issued,No,01-31-2027
CR23003436,"SIERRA RIDGE CONDOMINIUM I ASSOCIATION, INC.",21300 NE 10TH AVE NORTH MIAMI BEACH FL 33179,Condominium,Issued,No,01-31-2027
CR23003437,"LISETTE CONDOMINIUM ASSOCIATION, INC.",1990 MARSEILLE DR MIAMI BEACH FL 33141,Condominium,Issued,No,01-31-2027
CR23003438,"SIERRA RIDGE CONDOMINIUM J ASSOCIATION, INC.",21300 NE 10TH AVE NORTH MIAMI BEACH FL 33179,Condominium,Issued,No,01-31-2027
CR23003440,WATERSTONE MASTER ASSOCIATION INC.,"C/O 381 N. KROME AVENUE, SUITE 205 HOMESTEAD FL 33030",Master Association,Issued,No,01-31-2027
CR23003441,"DORAL PARK COUNTRY CLUB VILLAS CONDOMINIUM NO. 6 ASSOCIATION, INC.",4630 NW 102 AVE DORAL FL 33178,Condominium,Issued,No,01-31-2027
CR23003442,"CENTURY SQUARE HOMEOWNERS ASSOCIATION, INC.",3300 NW 112TH AVE CORAL GABLES FLORIDA 33134,Homeowner,Issued,No,01-31-2027
CR23003443,"SIERRA RIDGE CONDOMINIUM K ASSOCIATION, INC",21300 NE 10TH AVE NORTH MIAMI BEACH FL 33179,Condominium,Issued,No,01-31-2027
CR23003444,"LOOKOUT BAY CONDO ASSOCIATION, INC.",6011 N BAYSHORE DR MIAMI FL 33137,Condominium,Issued,No,01-31-2027
CR23003445,"644 MERIDIAN BUILDING, INC., A CONDOMINIUM",P O BOX 5103 HIALEAH FL 33014,Condominium,Issued,No,01-31-2027
CR23003446,"THE HORIZONS WEST CONDOMINIUM NO.7 ASSOCIATION, INC.",8650 SW 133 AVENUE ROAD MIAMI FL 33183,Condominium,Issued,No,01-31-2027
CR23003447,"ST. LUCIA TOWNHOMES HOMEOWNERS' ASSOCIATION, INC.",11540 NW 67 TER DORAL FLORIDA 33178,Homeowner,Issued,No,01-31-2027
CR23003449,"BENT TREE CENTER ASSOCIATION, INC.",13831 SW 59TH ST MIAMI FLORIDA 33186,Homeowner,Issued,No,01-31-2027
CR23003450,"PELICAN REEF CONDOMINIUM ASSOCIATION, INC.",1632 S BAYSHORE COURT MIAMI FL 33133,Condominium,Issued,No,01-31-2027
CR23003451,"GARDENS ON THE BAY OWNERS ASSOCIATION, INC.",6484 INDIAN CREEK DR MIAMI BEACH FL 33141,Cooperative,Issued,No,01-31-2027
CR23003452,"URBANA AT THE RESIDENCES CONDOMINIUM NO. 3 ASSOCIATION, INC.",8363 NW 41 ST DORAL FL 33166,Condominium,Issued,No,01-31-2027
CR23003453,INTERNATIONAL GARDENS SECTION 4 HOMEOWNERS ASSOCIATION INC.,2030 SOUTHWEST 123RD COURT MIAMI FL 33175,Homeowner,Issued,No,01-31-2027
CR23003454,"THE HORIZONS WEST CONDOMINIUM NO. 9 ASSOCIATION, INC.",8760 SW 133RD AVE RD MIAMI FL 33183,Condominium,Expired,Yes,01-31-2026
CR23003455,"GABRIELLA CONDOMINIUM NORTH ASSOCIATION, INC.",7501-7551 NW 183 LN HIALEAH FL 33015,Condominium,Issued,No,01-31-2027
CR23003456,"CONTINUUM ON SOUTH BEACH MASTER ASSOCIATION, INC.",40 SOUTH POINTE DRIVE MIAMI BEACH FL 33139,Homeowner,Issued,No,01-31-2027
CR23003457,"TESORO CONDOMINIUM ASSOCIATION, INC",6465 W 24TH AVE APT 101 HIALEAH FL 33016,Condominium,Closed,No,02-01-2024
CR23003458,626 CONDOMINIUM INCORPORATED,626 MERIDIAN AVE HIALEAH FL 33014,Condominium,Issued,No,01-31-2027
CR23003459,"URBANA AT THE RESIDENCES CONDOMINIUM NO. 2 ASSOCIATION, INC.",4670 NW 84 AVE DORAL FL 33166,Condominium,Issued,No,01-31-2027
CR23003460,"CORAL ISLE EAST ASSOCIATION, INC.",3703 NE 166 ST MIAMI FLORIDA 33160,Condominium,Issued,No,01-31-2027
CR23003461,"900 BISCAYNE BAY CONDOMINIUM ASSOCIATION, INC.",8200 NW 33 ST DORAL FL 33122-1901,Condominium,Issued,No,01-31-2027
CR23003463,"WINDWARD ISLES HOMEOWNERS ASSOCIATION, INC.",28 TERR NE 3 DR HOMESTEAD FL 33030,Homeowner,Issued,No,01-31-2027
CR23003464,"GABRIELLA ESTATES CONDOMINIUM ASSOCIATION, INC.",PO BOX 126848 HIALEAH FL 33012,Condominium,Issued,No,01-31-2027
CR23003465,"URBANA AT THE RESIDENCES CONDOMINIUM NO. 1 ASSOCIATION, INC.",4725 NW 85 AVE DORAL FL 33166,Condominium,Issued,No,01-31-2027
CR23003467,"EUCLID GATE CONDOMINIUM, INC.",552 EUCLID AVE HIALEAH FL 33139,Condominium,Issued,No,01-31-2027
CR23003468,"KINGDOM DREAMS HOMEOWNER'S ASSOCIATION, INC.",5871 SW 162 COURT MIAMI FLORIDA 33193,Homeowner,Issued,No,01-31-2027
CR23003469,"LE TERRACE CONDOMINIUM ASSOCIATION, INC.",7516 NE 1 AVE MIAMI BEACH FL 33138,Condominium,Issued,No,01-31-2027
CR23003470,"JADE WINDS ASSOCIATION, INC.",1700 NE 191ST STREET NORTH MIAMI BEACH FLORIDA 33179,Condominium,Issued,No,01-31-2027
CR23003473,"CORAL CAY ASSOCIATION, INC.",3934 SW 8 ST MIAMI FL 33134,Homeowner,Expired,Yes,01-31-2026
CR23003474,"1231 PENN, INC. A CONDOMINIUM",1231 PENNSYLVANIA AVE HIALEAH FL 33014,Condominium,Issued,No,01-31-2027
CR23003475,"AQUA ISLAND HOMES ASSOCIATION, INC.",201 AQUA AVENUE MIAMI BEACH FL 33141,Homeowner,Issued,No,01-31-2027
CR23003476,"CONTINUUM ON SOUTH BEACH, THE SOUTH TOWER CONDOMINIUM ASSOCIATION, INC.",100 S POINTE DR MIAMI BEACH FLORIDA 33139,Condominium,Issued,No,01-31-2027
CR23003478,"DEERING BAY CONDOMINIUM I, INC.","13647 DEERING BAY DRIVE, #140 CORAL GABLES FL 33158",Condominium,Issued,No,01-31-2027
CR23003479,"THE RIVIERA COMMUNITY HOMEOWNERS ASSOCIATION, INC.",2675 SE 15 ST HOMESTEAD FLORIDA 33035,Homeowner,Issued,No,01-31-2027
CR23003480,"LAKE AND TENNIS VILLAS CONDOMINIUM ASSOCIATION, INC.",8430 SW 154TH CIR CT MIAMI FL 33193,Condominium,Issued,No,01-31-2027
CR23003482,"ISLAND POINT SOUTH CONDOMINIUM ASSOCIATION, INC.",7207 - 7227 BAY DRIVE MIAMI BEACH FL 33141,Condominium,Issued,No,01-31-2027
CR23003483,BELVEDERE GARDENS CONDOMINIUM ASSOCIATION INC,PO BOX 5103 HIALEAH FL 33014,Condominium,Issued,No,01-31-2027
CR23003484,"LIBERTY CITY CONDOMINIUM ASSOCIATION, INC.",12550 BISCAYNE BLVD NORTH MIAMI FL 33181,Condominium,Issued,No,01-31-2027
CR23003485,"BYRON BEACH CONDOMINIUM ASSOCIATION, INC.",8340 HARDING AVE MIAMI BEACH FL 33141,Condominium,Issued,No,01-31-2027
CR23003486,"WESTBROOKE LAKE HOMEOWNERS ASSOCIATION, INC.",10855 NW 33RD ST DORAL FL 33172,Homeowner,Issued,No,01-31-2027
CR23003488,"RIVERVIEW LANDINGS CONDOMINIUM ASSOCIATION, INC.",978 NW NORTH RIVER DR MIAMI FL 33136,Condominium,Issued,No,01-31-2027
CR23003489,"CASA GRANADA CONDOMINIUM ASSOCIATION, INC.",8701 SW 141 ST MIAMI FLORIDA 33176,Condominium,Issued,No,01-31-2027
CR23003490,"BRICKELL HEIGHTS MASTER ASSOCIATION, INC.",45 SW 9 ST MIAMI FLORIDA 33130,Master Association,Issued,No,01-31-2027
CR23003491,"SIENNA VILLAS CONDOMINIUM ASSOCIATION, INC.",14210 SW 57TH LN MIAMI FL 33183,Condominium,Issued,No,01-31-2027
CR23003492,"MIDWAY VILLAGE CONDOMINIUM ASSOCIATION, INC.",8413 NW 7 ST MIAMI FL 33126,Condominium,Issued,No,01-31-2027
CR23003494,"COSTA VERDE HOMEOWNERS ASSOCIATION, INC.",2901 NW 97 COURT DORAL FL 33172,Homeowner,Issued,No,01-31-2027
CR23003495,"SUNDIAL CONDOMINIUM, INC.",8420 BYRON AVE MIAMI BEACH FL 33141,Condominium,Issued,No,01-31-2027
CR23003496,"ALAMEDA TOWER 2 CONDOMINIUM ASSOCIATION, INC",5350 WEST 21 COURT HIALEAH FL 33016,Condominium,Issued,No,01-31-2027
CR23003497,"BENT TREE PARCEL NO. 1-B ASSOCIATION, INC.",49-56 ST SW 137-140 AVE MIAMI FLORIDA 33175,Homeowner,Issued,No,01-31-2027
CR23003498,"BISCAYNE POINT CONDOMINIUM ASSOCIATION, INC.",12105 NE 11 PLACE MIAMI FL 33161,Condominium,Issued,No,01-31-2027
CR23003499,"THE GALLERY PLAZA CONDOMINIUM ASSOCIATION, INC.",323 NAVARRE AVE CORAL GABLES FL 33134,Condominium,Expired,Yes,01-31-2026
CR23003500,"THE GATES AT DORAL ISLES CONDOMINIUM ASSOCIATION, INC.",3097 NW 97 CT DORAL FL 33172,Condominium,Issued,No,01-31-2027
CR23003501,"ENCORE HOMEOWNERS ASSOCIATION, INC.",91 ST & 147 CT (INTERSECTION) MIAMI FLORIDA 33196,Homeowner,Issued,No,01-31-2027
CR23003502,"LEFKAS CONDOMINIUM ASSOCIATION, INC.",4390 W 12 LANE HIALEAH FL 33012,Condominium,Issued,No,01-31-2027
CR23003504,"ORANGE MANOR CONDOMINIUMS, INC.",1312 NW 4TH ST MIAMI FL 33125,Condominium,Issued,No,01-31-2027
CR23003505,"MIDWAY GARDENS APARTMENTS CONDOMINIUM ASSOCIATION, INC.",8245 NW 7 STREET MIAMI FL 33126,Condominium,Expired,Yes,01-31-2025
CR23003507,"MIAMI LAKES LAKE GLENN ELLEN HOMEOWNERS' ASSOCIATION, INC.",15479 NW 77 COURT MIAMI LAKES FLORIDA 33016,Homeowner,Issued,No,01-31-2027
CR23003508,"RAINBOW TOWNHOME CONDOMINIUM ASSOCIATION, INC.",5800 - 5870 WEST 18 AVENUE HIALEAH FL 33012,Condominium,Issued,No,01-31-2027
CR23003509,"MILLER DREAMS II TOWNHOMES ASSOCIATION, INC.",59-60 ST SW 133 PL MIAMI FLORIDA 33183,Homeowner,Issued,No,01-31-2027
CR23003510,"CAPRI SOUTH BEACH CONDOMINIUM ASSOCIATION, INC.",1445 16TH ST MIAMI BEACH FL 33139,Condominium,Issued,No,01-31-2027
CR23003511,"FONTAINEBLEAU LAKES SINGLE FAMILY HOMES WEST HOMEOWNERS' ASSOCIATION, INC.",9960 NW 10TH TERRACE MIAMI FL 33172,Homeowner,Issued,No,01-31-2027
CR23003512,"OCEAN PLACE CONDOMINIUM ASSOCIATION OF SOUTH BEACH, INC.",225 COLLINS AVENUE MIAMI BEACH FL 33139,Condominium,Issued,No,01-31-2027
CR23003513,"PALM GARDENS AT DORAL CONDOMINIUM ASSOCIATION, INC.",7310 NW 114 AVE DORAL FL 33178,Condominium,Issued,No,01-31-2027
CR23003514,"740 MERIDIAN CONDOMINIUM ASSOCIATION, INC.",740 MERIDIAN AVE MIAMI BEACH FL 33139,Condominium,Issued,No,01-31-2027
CR23003515,"WEST 41ST TOWNHOUSES CONDO ASSN, INC",1410 W 41 ST HIALEAH FL 33012,Condominium,Issued,No,01-31-2027
CR23003516,"CEDAR WOODS HOMES CONDOMINIUM ASSOCIATION, INC.",14078 SW 60 ST HOMESTEAD FL 33032,Condominium,Issued,No,01-31-2027
CR23003517,"363 WASHINGTON CONDOMINIUM, INC.",363 WASHINGTON AVE MIAMI BEACH FL 33139,Condominium,Issued,No,01-31-2027
CR23003519,"VILLAS DEL PARAISO CONDOMINIUM NO. ONE ASSOCIATION, INC.",7255 W 24TH AVE HIALEAH FL 33016,Condominium,Issued,No,01-31-2027
CR23003520,"SANTONA CONDOMINIUM ASSOCIATION, INC.",6565 SANTONA STREET CORAL GABLES FL 33146,Condominium,Issued,No,01-31-2027
CR23003521,"1035 EUCLID CONDOMINIUM ASSOCIATION, INC.",1035 EUCLID AVE MIAMI BEACH FL 33139,Condominium,Issued,No,01-31-2027
CR23003522,"SNUG HARBOR TOWNHOUSE ASSOCIATION, INC.",1000 NW N RIVER DR MIAMI FL 33186,Condominium,Issued,No,01-31-2027
CR23003523,"PINNACLE AT PARK CENTRAL NEIGHBORHOOD ASSOCIATION, INC.",10320 NW 78 STREET DORAL FL 33178,Homeowner,Issued,No,01-31-2027
CR23003524,"LAS BRISAS AT DORAL CONDOMINIUM NO. 2 ASSOCIATION, INC.",5749 NW 115TH CT DORAL FL 33178,Condominium,Issued,No,01-31-2027
CR23003526,"LAS BRISAS AT DORAL CONDOMINIUM NO. 4 ASSOCIATION, INC.",5749 NW 115TH CT DORAL FL 33178,Condominium,Issued,No,01-31-2027
CR23003528,"FORTUNE HOUSE CONDOMINIUM ASSOCIATION, INC.",185 SE 14TH TER MIAMI FL 33131,Condominium,Issued,No,01-31-2027
CR23003529,"RIVIERA AT CORAL LAKES CONDO ASSOC., INC",3-4 ST NW 85-86 AVE MIAMI FLORIDA 33126,Condominium,Issued,No,01-31-2027
CR23003530,"LAS BRISAS AT DORAL CONDOMINIUM NO. 5 ASSOCIATION, INC.",5749 NW 115TH CT DORAL FLORIDA 33178,Condominium,Issued,No,01-31-2027
CR23003532,TEN TOPS CONDOMINIUM ASSOCIATION INC.,3880 NE 167 ST NORTH MIAMI BEACH FLORIDA 33160,Condominium,Issued,No,01-31-2027
CR23003533,"CORONADO AT DORAL I CONDOMINIUM ASSOCIATION, INC.",10750 NW 89TH STREET DORAL FL 33178,Condominium,Issued,No,01-31-2027
CR23003534,HB-AM EASEMENT MANAGEMENT INC.,3350 NE 190TH ST AVENTURA FLORIDA 33180,Master Association,Abandoned,No,
CR23003535,"LAS VILLAS DE FOUNTAINBLEAU CONDOMINIUM ASSOC, INC",8035 NW 8TH ST MIAMI FLORIDA 33126,Condominium,Issued,No,01-31-2027
CR23003536,"SUMMIT AT PARK CENTRAL NEIGHBORHOOD ASSOCIATION, INC.",8002 NW 104 COURT DORAL FL 33178,Homeowner,Issued,No,01-31-2027
CR23003537,"LOS PORTALES CONDOMINIUM, INC.",331 E 2ND ST HIALEAH FLORIDA 33010,Condominium,Issued,No,01-31-2027
CR23003538,"BRIAR BAY PROPERTY OWNERS' ASSOCIATION, INC.",13595 SW 134 AVE DORAL FL 33178,Homeowner,Issued,No,01-31-2027
CR23003539,"1344 EUCLID AVENUE CONDOMINIUM, INC.",1344 EUCLID AVE MIAMI BEACH FL 33139,Condominium,Issued,No,01-31-2027
CR23003540,"CORONADO AT DORAL II CONDOMINIUM ASSOCIATION, INC.",10885 NW 89TH TERRACE DORAL FL 33178,Condominium,Issued,No,01-31-2027
CR23003541,"FALLS TOWNHOUSES HOMEOWNERS ASSOCIATION, INC.",12889 SW 91 COURT MIAMI FL 33176,Homeowner,Issued,No,01-31-2027
CR23003542,"THE BENNETT CONDOMINIUM ASSOCIATION, INC.",1512 WASHINGTON AVE MIAMI BEACH FL 33139,Condominium,Issued,No,01-31-2027
CR23003543,"ALTON PARK CONDOMINIUM ASSOCIATION, INC.",1300 ALTON ROAD MIAMI BEACH FL 33139,Condominium,Issued,No,01-31-2027
CR23003544,"MARQUIS I OF CORAL WAY CONDOMINIUM ASSOCIATION, INC.",280 SW 20 RD MIAMI FLORIDA 33129,Condominium,Issued,No,01-31-2027
CR23003545,"1604 DREXEL CONDOMINIUM ASSOCIATION, INC.",1604 DREXEL AVE MIAMI BEACH FL 33139,Condominium,Issued,No,01-31-2027
CR23003546,"IRIS HOMEOWNERS' ASSOCIATION, INC.",125 N SHORE DR MIAMI BEACH FL 33141,Homeowner,Issued,No,01-31-2027
CR23003547,"CORONADO AT DORAL VII CONDOMINIUM ASSOCIATION, INC.",10750 NW 89TH STREET DORAL FL 33178,Condominium,Issued,No,01-31-2027
CR23003548,"MADEIRA VILLAGE CONDOMINIUM ASSOCIATION, INC.",300 MADEIRA AVE MIAMI FL 33172,Condominium,Issued,No,01-31-2027
CR23003550,"WATERFRONT VILLAS OF SKYLAKE CONDOMINIUM ASSOCIATION, INC.",1280 NE 191 STREET MIAMI FL 33179,Condominium,Issued,No,01-31-2027
CR23003551,"HIGHLAND AT PARK CENTRAL NEIGHBORHOOD ASSOCIATION,INC.",10421 NW 82 STREET DORAL FL 33178,Master Association,Issued,No,01-31-2027
CR23003552,"SAN MATEO HOMEOWNERS ASSOCIATION, INC.",10855 NW 33RD ST DORAL FLORIDA 33172,Homeowner,Issued,No,01-31-2027
CR23003553,"THE PARK VINTAGE OF SOUTH BEACH CONDOMINIUM ASSOCIATION, INC.",725 14TH PLACE MIAMI BEACH FL 33139,Condominium,Expired,Yes,01-31-2025
CR23003554,"CORONADO AT DORAL VIII CONDOMINIUM ASSOCIATION, INC.",10750 NW 89TH STREET DORAL FL 33178,Condominium,Issued,No,01-31-2027
CR23003555,"BAY POINT EAST CONDOMINIUM ASSOCIATION, INC.",1605 BAY ROAD MIAMI BEACH FL 33139,Condominium,Issued,No,01-31-2027
CR23003556,"SWEETWATER VILLAS WEST CONDOMINIUM ASSOCIATION NO. FOUR, INC.",151 SW 113TH AVE MIAMI FLORIDA 33174,Condominium,Issued,No,01-31-2027
CR23003558,"CORONADO AT DORAL VI CONDOMINIUM ASSOCIATION, INC.",10750 NW 89TH STREET DORAL FL 33178,Condominium,Issued,No,01-31-2027
CR23003559,"THE PARK TOWNHOMES CONDOMINIUM NO. I ASSOCIATION, INC.",3612 SW 112TH AVE MIAMI FLORIDA 33165,Condominium,Issued,No,01-31-2027
CR23003560,"THE SHERIDAN CONDOMINIUM ASSOCIATION, INC.",737 JEFFERSON AVE MIAMI BEACH FL 33139,Condominium,Issued,No,01-31-2027
CR23003561,"THE VILLAS OF WESTLAND CONDOMINIUM, INC.",5234 W 24TH AVE HIALEAH FLORIDA 33016,Condominium,Issued,No,01-31-2027
CR23003562,"MINT CONDOMINIUM ASSOCIATION, INC.",92 SW 3RD STREET MIAMI FL 33130,Condominium,Issued,No,01-31-2027
CR23003563,"TREE ISLAND ESTATES TOWNHOMES HOMEOWNERS ASSOCIATION, INC.",2490 SW 153RD AVE MIAMI FLORIDA 33185,Homeowner,Issued,No,01-31-2027
CR23003564,"GEMINI IV TOWNHOUSE ASSOCIATION, INC.",3201-3219 BIRD AVENUE MIAMI FL 33133,Homeowner,Issued,No,01-31-2027
CR23003565,"TWIN EXECUTIVE TOWERS CONDOMINIUM ASSOCIATION, INC",750 NW 43RD ST MIAMI FLORIDA 33126,Condominium,Issued,No,01-31-2027
CR23003566,"BEACHWALK CONDOMINIUM OF MIAMI BEACH CONDOMINIUM ASSOCIATION, INC.",745 13 STREET MIAMI BEACH FL 33139,Condominium,Issued,No,01-31-2027
CR23003567,"NETHERLANDS NEIGHBORHOOD ASSOCIATION, INC.",8050 NW 114 PATH DORAL FLORIDA 33178,Homeowner,Issued,No,01-31-2027
CR23003569,"SAINT HUGH OAKS VILLAGE ASSOCIATION, INC.",3605 SW 37 AVE MIAMI FL 33133,Condominium,Issued,No,01-31-2027
CR23003570,"MANGROVE HOUSE CONDOMINIUM ASSOCIATION, INC.",717-727 JEFFERSON AVENUE MIAMI BEACH FL 33139,Condominium,Issued,No,01-31-2027
CR23003571,"THE CONQUEROR CONDOMINIUM ASSOCIATION, INC.",3948 N.E. 169TH STREET NORTH MIAMI BEACH FL 33160,Condominium,Issued,No,01-31-2027
CR23003572,"OLD BISCAYNE VILLAS CONDOMINIUM ASSOCIATION, INC.",13272 OLD BISCAYNE DR HOMESTEAD FL 33033,Condominium,Issued,No,01-31-2027
CR23003573,"NAPA AT THE VINEYARDS HOMEOWNERS ASSOCIATION, INC.",MEDITERRANEAN BLVD & SE 33 TERRACE HOMESTEAD FL 33166,Homeowner,Issued,No,01-31-2027
CR23003574,"MENDOCINO AT THE VINEYARDS HOMEOWNERS ASSOCIATION, INC.",MEDITERRANEAN BLVD & SE 35 AVE HOMESTEAD FL 33033,Homeowner,Issued,No,01-31-2027
CR23003575,"UMBRIA AT THE VINEYARDS HOMEOWNERS ASSOCIATION, INC.",NE 3 CT & NE 37 AVE HOMESTEAD FL 33033,Homeowner,Issued,No,01-31-2027
CR23003576,"THE HAMILTON PLACE AT HOMESTEAD HOMEOWNERS' ASSOCIATION, INC.",16 CT SE 9 AVE HOMESTEAD FL 33034,Homeowner,Issued,No,01-31-2027
CR23003577,"THE WAVERLY AT SOUTH BEACH CONDOMINIUM ASSOCIATION, INC.",1330 WEST AVE. MIAMI BEACH FL 33139,Condominium,Issued,No,01-31-2027
CR23003579,"OCEAN ONE AT 194TH CONDOMINIUM ASSOCIATION, INC.",19333 COLLINS AVE DORAL FL 33160,Condominium,Issued,No,01-31-2027
CR23003580,"BELLINI AT WILLIAMS ISLAND CONDOMINIUM ASSOCIATION, INC.",4100 ISLAND BLVD AVENTURA FL 33160,Condominium,Issued,No,01-31-2027
CR23003582,LA MAR BREEZE CONDO,5190 NW 167TH ST MIAMI LAKES FLORIDA 33014,Condominium,Expired,Yes,01-31-2026
CR23003583,THE LOFT DOWNTOWN CONDOMINIUM ASSOCIATION,234 NE 3RD STREET MIAMI FL 33132,Condominium,Abandoned,No,
CR23003584,"DOWNTOWN DADELAND CONDOMINIUM NO. FOUR ASSOCIATION, INC.",9010 SW 72ND COURT MIAMI FL 33156,Condominium,Issued,No,01-31-2027
CR23003585,"DOUGLAS PLACE RESIDENTIAL CONDOMINIUM ASSOCIATION, INC.",2501 SW 37 DOUGLAS ROAD MIAMI FL 33133,Condominium,Abandoned,No,01-31-2024
CR23003586,"THIRD MOORINGS CONDOMINIUM, INC.",1501 NE MIAMI GARDENS DRIVE MIAMI FL 33179,Condominium,Issued,No,01-31-2027
CR23003587,"JEFFERSON VILLAS CONDOMINIUM ASSOCIATION, INC.",1840 JEFFERSON AVE MIAMI BEACH FL 33139,Condominium,Issued,No,01-31-2027
CR23003588,"PINE MANOR HOMEOWNERS ASSOCIATION, INC.",7639 SW 54 CT MIAMI FL 33143,Homeowner,Issued,No,01-31-2027
CR23003589,"THE WATERCLUB CONDOMINIUM ASSOCIATION OF MIAMI BEACH, INC.",3915 AND 3917 MERIDIAN AVE MIAMI BEACH FL 33140,Condominium,Issued,No,01-31-2027
CR23003590,"COSTA D'ORO ASSOCIATION, INC.",10071 NW 32 TERRACE DORAL FLORIDA 33172,Homeowner,Issued,No,01-31-2027
CR23003591,"VILLAS DEL ALHAMBRA CONDOMINIUM ASSOCIATION, INC.",201 NW 109 AVE MIAMI FL 33172,Condominium,Issued,No,01-31-2027
CR23003592,"CORAL PLAZA OF MIAMI CONDOMINIUM ASSOCIATION, INC.",3500 CORAL WAY MIAMI FL 33145,Condominium,Issued,No,01-31-2027
CR23003593,DIXIE TERRACE CONDOMINIUM ASSOCIATION INC,13455 NE 10 AVE N MIAMI FLORIDA 33161,Condominium,Issued,No,01-31-2027
CR23003594,"POLO PARK APARTMENTS CONDOMINIUM ASSOCIATION, INC.",4140 N MERIDIAN AVE MIAMI BEACH FL 33140,Condominium,Issued,No,01-31-2027
CR23003595,"THE VINEYARDS MASTER ASSOCIATION, INC.",520 SE 37 AVE HOMESTEAD FL 33033,Master Association,Issued,No,01-31-2027
CR23003597,"ALHAMBRA CIRCLE CONDOMINIUM ASSOCIATION, INC.",1 ALHAMBRA CIR CORAL GABLES FL 33134,Condominium,Issued,No,01-31-2027
CR23003598,"HEMINGWAY POINT HOMEOWNERS ASSOCIATION, INC.",11850 SW 252ND TER MIAMI FL 33032,Homeowner,Issued,No,01-31-2027
CR23003599,"DOWNTOWN DADELAND CONDOMINIUM NO. SEVEN ASSOCIATION, INC.",9010 SW 72 CT MIAMI FL 33156,Condominium,Issued,No,01-31-2027
CR23003600,"WINDWARD AT ISLANDS AT DORAL NEIGHBORHOOD ASSOCIATION, INC.",11485 NW 77 LANE DORAL FL 33178,Homeowner,Issued,No,01-31-2027
CR23003601,"THE TERRACE CONDOMINIUM OWNERS ASSOCIATION, INC.",945 MICHIGAN AVE MIAMI BEACH FL 33139,Condominium,Issued,No,01-31-2027
CR23003602,"INFINITY AT BRICKELL CONDOMINIUM ASSOCIATION, INC",60 SW 13TH STREET MIAMI FLORIDA 33130,Condominium,Issued,No,01-31-2027
CR23003603,"500 BRICKELL MASTER ASSOCIATION, INC.",55 SE 6 STREET MIAMI FLORIDA 33131,Master Association,Issued,No,01-31-2027
CR23003604,"THE DORILTON CONDOMINIUM ASSOCIATION, INC.",1435 WEST AVE MIAMI BEACH FL 33139,Condominium,Issued,No,01-31-2027
CR23003605,"CHARLESTOWNE AT KINGS MEADOW HOMEOWNERS ASSOCIATION, INC.",13900 SW 103 LANE MIAMI FL 33186,Homeowner,Issued,No,01-31-2027
CR23003606,"LAKEWOOD VILLAS CONDOMINIUM ASSOCIATION, INC.",7835 MILLER ROAD MIAMI FL 33155,Condominium,Issued,No,01-31-2027
CR23003607,"THE ANTON CONDOMINIUM ASSOCIATION, INC.",1018 AND 1020 AND 1022 EUCLID AVE MIAMI BEACH FL 33139,Condominium,Issued,No,01-31-2027
CR23003608,HAMMOCKS COMMUNITY ASSOCIATION INCORPORATED,9020 HAMMOCKS BLVD MIAMI FL 33196,Master Association,Issued,No,01-31-2027
CR23003610,"RIVERVIEW ESTATES COMMUNITY ASSOCIATION, INC.",20340 NW 29 CT HIALEAH FLORIDA 33056,Homeowner,Issued,No,01-31-2027
CR23003612,"BARBADOS AT THE OASIS NEIGHBORHOOD ASSOCIATION, INC.",3RD COURT NE 23 STREET MIAMI FL 33033,Homeowner,Issued,No,01-31-2027
CR23003613,"NORMANDY SHORES APARTMENTS CONDOMINIUM ASSOCIATION, INC.",2131 CALAIS DRIVE MIAMI BEACH FL 33141,Condominium,Issued,No,01-31-2027
CR23003614,"PROMENADE SHORES AT DORAL CONDOMINIUM ASSOCIATION, INC.",11201 NW 83 ST MIAMI FL 33178,Condominium,Issued,No,01-31-2027
CR23003615,"PLAYA LAGO CONDOMINIUM ASSOCIATION, INC.",13201 SW 17 LANE MIAMI FL 33172,Condominium,Issued,No,01-31-2027
CR23003616,"DOWNTOWN DADELAND CONDOMINIUM NO. FIVE ASSOCIATION, INC.",9010 SW 72ND COURT MIAMI FL 33156,Condominium,Issued,No,01-31-2027
CR23003617,"ESPLANADE PATIO HOMES ASSOCIATION, INC.",7907 NW 187TH TERRACE HIALEAH FLORIDA 33015,Homeowner,Issued,No,01-31-2027
CR23003618,"MIAMI LAKES LAKE MARTHA HOMEOWNERS ASSOCIATION NO.2, INC.",VICINTIY OF 7212 JACARANDA LN MIAMI LAKES FLORIDA 33014,Homeowner,Issued,No,01-31-2027
CR23003619,"VERONA AT DEERING BAY CONDOMINIUM ASSOCIATION, INC",13627 DEERING BAY DR CORAL GABLES FL 33158,Condominium,Issued,No,01-31-2027
CR23003620,DOWNTOWN DADELAND CONDO NO THREE ASSN INC,9010 S.W. 72ND COURT MIAMI FL 33156,Condominium,Issued,No,01-31-2027
CR23003621,"UNIVERSITY TRAIL CONDOMINIUM ASSOCIATION, INC.",830 SW 129 AVE MIAMI FL 33175,Condominium,Issued,No,01-31-2027
CR23003622,"ARCADIA HOUSE CONDOMINIUM PROPERTY OWNERS CONDOMINIUM ASSOCIATION, INC.",640-650 PENNSYLVANIA AVENUE MIAMI BEACH FL 33139,Condominium,Issued,No,01-31-2027
CR23003623,"THE MAGNOLIA CONDOMINIUM ASSOCIATION, INC.",1005 8TH ST MIAMI BEACH FL 33139,Condominium,Issued,No,01-31-2027
CR23003624,"MADRID TOWERS CONDOMINIUM, INC.",1650 S LE JEUNE RD CORAL GABLES FL 33134,Condominium,Expired,Yes,01-31-2026
CR23003625,"SUNRISE CLUB CONDOMINIUM ASSOCIATION, INC.",100 SUNRISE DRIVE KEY BISCAYNE FL 33149,Condominium,Issued,No,01-31-2027
CR23003626,"MIMO ON THE BEACH IV CONDOMINIUM ASSOCIATION, INC.",350 75TH STREET MIAMI BEACH FL 33141,Condominium,Issued,No,01-31-2027
CR23003627,"WEST LAKES ESTATES HOMEOWNERS ASSOCIATION, INC.",5901 NW 151ST STREET UNIT 100 MIAMI FLORIDA 33014,Homeowner,Issued,No,01-31-2027
CR23003628,"LINCOLN ROAD VILLAS EAST CONDOMINIUM ASSOCIATION, INC.",1611 WEST AVE MIAMI BEACH FL 33139,Condominium,Issued,No,01-31-2027
CR23003629,"VILLAGE OF DORAL PLACE ASSOCIATION, INC",4790 NW 102 AVENUE MIAMI FL 33178,Master Association,Issued,No,01-31-2027
CR23003630,"PARAISO BAYVIEWS CONDOMINIUM ASSOCIATION, INC.",501 NE 31ST STREET MIAMI FL 33137,Condominium,Issued,No,01-31-2027
CR23003631,"THE MADISON CONDOMINIUM ASSOCIATION, INC.",3030 COLLINS AVE MIAMI LAKES FLORIDA 33014,Condominium,Issued,No,01-31-2027
CR23003632,"THE CASA BELLA CONDOMINIUM ON SOUTH BEACH ASSOCIATION, INC.",840 LENOX AVE MIAMI BEACH FL 33139,Condominium,Issued,No,01-31-2027
CR23003633,"THE GRAND CONDOMINIUM ASSOCIATION, INC.",1717 NORTH BAYSHORE DR HOLLYWOOD FL 33132,Condominium,Expired,Yes,01-31-2026
CR23003634,"JEFFERSON PLACE CONDOMINIUM ASSOCIATION, INC.",750 JEFFERSON AVE MIAMI BEACH FL 33139,Condominium,Issued,No,01-31-2027
CR23003635,"INFINITY AT BRICKELL MASTER ASSOCIATION, INC",60 SW 13 STREET MIAMI FL 33130,Master Association,Issued,No,01-31-2027
CR23003637,"SUMMERSET CONDOMINIUM ASSOCIATION, INC.",5700 SW 137 AVE MIAMI FLORIDA 33186,Condominium,Issued,No,01-31-2027
CR23003638,"THE WENDOVER ASSOCIATION, INC.",13101 MEMORIAL HWY NORTH MIAMI FL 33161,Condominium,Issued,No,01-31-2027
CR23003639,"OCEANBLUE CONDOMINIUM ASSOCIATION OF MIAMI BEACH, INC.",7600 COLLINS AVE MIAMI BEACH FL 33141,Condominium,Issued,No,01-31-2027
CR23003640,"DORAL PARK COUNTRY CLUB VILLAS #12 ASSOC, INC.",4780 NW 102 AVE MIAMI FL 33178,Condominium,Issued,No,01-31-2027
CR23003641,"BARCLAYS ESTATES HOMEOWNERS ASSOCIATION, INC.",8320 SW 148 PLACE MIAMI FL 33193,Homeowner,Issued,No,01-31-2027
CR23003644,"BRITANNIA ESTATES HOMEOWNERS ASSOCIATION, INC.",6401 SW 113 PL MIAMI FL 33173,Homeowner,Issued,No,01-31-2027
CR23003645,"PINE TREE PALMS CONDOMINIUM, INC.",4780 PINE TREE DR MIAMI BEACH FL 33140,Condominium,Issued,No,01-31-2027
CR23003647,GROVE VIEW CONDOMINIUM ASSOCIATION INC.,2550 SW 27 AVE CORAL GABLES FL 33114,Condominium,Issued,No,01-31-2027
CR23003648,"MIDTOWN LOFTS CONDOMINIUM ASSOCIATION, INC.","12485 SW 137 AVENUE, SUITE 309 MIAMI FLORIDA 33186",Condominium,Issued,No,01-31-2027
CR23003649,"OLYMPIAN GARDENS CONDOMINIUM ASSOCIATION, INC.",175 FONTAINEBLEAU BLVD SUITE 2G1 MIAMI FL 33172,Condominium,Issued,No,01-31-2027
CR23003650,"DIXIE GROVE CONDOMINIUM ASSOCIATION, INC.",2630 SW 28TH ST MIAMI FL 33133,Condominium,Issued,No,01-31-2027
CR23003651,"CLUB RESIDENCES AT PARK GROVE CONDOMINIUM ASSOCIATION, INC.",2831 S. BAYSHORE DR MIAMI FLORIDA 33133,Condominium,Issued,No,01-31-2027
CR23003652,"LAGUNA GARDENS CONDOMINIUM ASSOCIATION, INC.",13501 SW 128TH STREET MIAMI FL 33186,Condominium,Issued,No,01-31-2027
CR23003653,"DORAL PARK COUNTRY CLUB VILLAS CONDOMINIUM NO. IASSOCIATION, INC",4950 NW 102 AVE MIAMI FL 33178,Condominium,Issued,No,01-31-2027
CR23003655,"SORBET COMMUNITY ASSOCIATION, INC.",83 AVE NW 192 ST MIAMI FL 33015,Homeowner,Issued,No,01-31-2027
CR23003656,"EUCLID EAST CONDOMINIUM, INC.",1545 EUCLID AVE MIAMI BEACH FLORIDA 33139,Condominium,Issued,No,01-31-2027
CR23003657,"DEERING BAY MASTER PROPERTY OWNERS ASSOCIATION, INC.",13610 DEERING BAY DR CORAL GABLES FL 33158,Master Association,Issued,No,01-31-2027
CR23003658,"PINECREST PLACE HOMEOWNERS ASSOCIATION, INC.",95 ST SW 72 CT MIAMI FLORIDA 33156,Homeowner,Issued,No,01-31-2027
CR23003661,"PARK GROVE MASTER ASSOCIATION, INC.",2821 SOUTH BAYSHORE DRIVE MIAMI FL 33012,Master Association,Issued,No,01-31-2027
CR23003662,944 CONDOMINIUM INC.,944 MERIDIAN AVE MIAMI BEACH FL 33139,Condominium,Issued,No,01-31-2027
CR23003663,"VILLAGE PARK CONDOMINIUM ASSOCIATION, INC.",1650 GALIANO STREET CORAL GABLES FL 33134,Condominium,Issued,No,01-31-2027
CR23003664,"DORAL PARK COUNTRY CLUB VILLAS CONDOMINIUM NO. 2 ASSOCIATION, INC.",4890 NW 102 AVENUE MIAMI FL 33178,Condominium,Issued,No,01-31-2027
CR23003665,"KENDALL GATE HOMEOWNER'S ASSOCIATION, INC.",13501 SW 128 ST MIAMI FL 33186,Homeowner,Issued,No,01-31-2027
CR23003666,"LAGUNA CLUB WEST CONDOMINIUM ASSOCIATION, INC.",175 FONTAINEBLEAU BLVD MIAMI FL 33172,Condominium,Issued,No,01-31-2027
CR23003667,SAN MARINO CONDOMINIUM ASSOCIATION INC.,3075 NW 7ST MIAMI FL 33125,Condominium,Issued,No,01-31-2027
CR23003668,"CRYSTAL LAKE VILLAS CONDOMINIUM ASSOCIATION, INC.",15439 SW 80 STREET MIAMI FLORIDA 33193,Condominium,Issued,No,01-31-2027
CR23003669,"SIENA RESERVE NORTH NEIGHBORHOOD ASSOCIATION, INC.",12705 SW 232 ST MIAMI FLORIDA 33170,Homeowner,Issued,No,01-31-2027
CR23003671,"536 EUCLID CONDOMINIUM ASSOCIATION, INC.",536 EUCLID AVE HIALEAH FL 33014,Condominium,Issued,No,01-31-2027
CR23003672,"PARK PLACE AT KING'S MEADOW CONDOMINIUM ASSOCIATION, INC.",14301 SW 96 ST HOMESTEAD FL 33030,Condominium,Issued,No,01-31-2027
CR23003673,"TWO PARK GROVE CONDOMINIUM ASSOCIATION, INC.",2821 SOUTH BAYSHORE DRIVE MIAMI FL 33133,Condominium,Issued,No,01-31-2027
CR23003674,"GROVELOFT CONDOMINIUM ASSOCIATION, INC.",3062 BIRD AVE DORAL FL 33133,Condominium,Issued,No,01-31-2027
CR23003675,"PALMS HOA, INC.",11300 SW 231 LANE MIAMI FL 33170,Homeowner,Issued,No,01-31-2027
CR23003677,"BENT TREE PARCEL SIX CONDOMINIUM ASSOCIATION, INF.",13250 SW 135TH AVENUE MIAMI FLORIDA 33186,Condominium,Issued,No,01-31-2027
CR23003678,"NONNIE BARB, INC",PO BOX 5103 HIALEAH FL 33014,Condominium,Issued,No,01-31-2027
CR23003679,"THE FOUNTAINS AT FOUNTAINEBLEAU CONDOMINIUM NO.ONE ASSOCIATION, INC.",9310 FONTAINEBLEAU BLVD MIAMI FL 33172,Condominium,Issued,No,01-31-2027
CR23003680,"DORAL PARK COUNTRY CLUB VILLAS CONDOMINIUM NO. 3 ASSOCIATION, INC.",4800 NW 102 AVE #102 MIAMI FL 33178,Condominium,Issued,No,01-31-2027
CR23003683,"ANTILLEAN ISLES HOMEOWNERS ASSOCIATION, INC.",4 ST SE 31 AVE HOMESTEAD FL 33033,Homeowner,Issued,No,01-31-2027
CR23003684,VICTORY CONDOMINIUM ASSOCIATION,734 MERIDIAN AVE MIAMI BEACH FL 33139,Condominium,Abandoned,No,
CR23003685,"VILLA TOSCANA AT CORAL GABLES, INC.",261 NAVARRE AVE CORAL GABLES FL 33134,Condominium,Issued,No,01-31-2027
CR23003688,"SWEETWATER VILLAS WEST CONDOMINIUM ASSOCIATION NO. THREE, INC.",31 SW 113 TH AVE HOMESTEAD FL 33030,Condominium,Issued,No,01-31-2027
CR23003689,"COUNTRY VILLAGE HOMEOWNERS ASSOCIATION, INC",6200 NW 188TH TERRACE HIALEAH FL 33015,Homeowner,Issued,No,01-31-2027
CR23003690,"THE FOUNTAINS AT FONTAINBLEAU CONDOMINIUM NO. THREE ASSOCIATION, INC.",175 FONTAINEBLEAU BLVD MIAMI FL 33172,Condominium,Issued,No,01-31-2027
CR23003691,"SPRINGS TOWERS CONDOMINIUM ASSOCIATION, INC.",680-685 MILLER DR. HIALEAH FL 33166,Condominium,Issued,No,01-31-2027
CR23003692,"THE RUSKIN CONDOMINIUM ASSOCIATION, INC.",1542 DREXEL AVE MIAMI BEACH FL 33139,Condominium,Issued,No,01-31-2027
CR23003693,"HIGHLAND AT PARK CENTRAL CONDOMINIUM NO. 1 ASSOCIATION, INC.",10443-10479 NW 82 ST DORAL FL 33178,Condominium,Issued,No,01-31-2027
CR23003694,"MILLER VILLAS CONDOMINIUM ASSOCIATION, INC.",12960 SW 68TH STREET MIAMI FL 33183,Condominium,Issued,No,01-31-2027
CR23003695,"KASALTA VILLAS CONDOMINIUM ASSOCIATION, INC.",11115 W OKEECHOBEE RD HIALEAH FLORIDA 33018,Condominium,Issued,No,01-31-2027
CR23003696,"HERON AT THE HAMMOCKS CONDOMINIUM ASSOCIATION, INC.",13501 SW 128 ST MIAMI FL 33186,Condominium,Issued,No,01-31-2027
CR23003697,"OAK CREEK NORTH COMMUNITY ASSOCIATION, INC.",15501 SW 144 ST MIAMI FL 33196,Homeowner,Issued,No,01-31-2027
CR23003698,"MILANO AT DEERING BAY CONDOMINIUM ASSOCIATION, INC.",13621 DEERING BAY DR CORAL GABLES FL 33158,Condominium,Issued,No,01-31-2027
CR23003699,"MARJO CONDOMINIUM ASSOCIATION, INC.",735 AND 737 AND 739 11TH STREET MIAMI BEACH FL 33139,Condominium,Issued,No,01-31-2027
CR23003700,"SHOMA VILLAS II AT COUNTRY CLUB OF MIAMI CONDOMINIUM ASSOCIATION, INC.",7341 NW 174 TER MIAMI FL 33172,Condominium,Issued,No,01-31-2027
CR23003702,"DORAL PARK COUNTRY CLUB VILLAS CONDOMINIUM NO. 5 ASSOCIATION, INC.",4740 NW 102 AVE MIAMI FL 33178,Condominium,Issued,No,01-31-2027
CR23003703,CAZADORES SUBDIVISION SOUTH HOMEOWNERS ASSOCIATION INC,13781 SW 171 TERRACE MIAMI FLORIDA 33177,Homeowner,Issued,No,01-31-2027
CR23003704,"MARBELLA PARK CONDOMINIUM ASSOCIATION, INC.",1695 W. 59TH ST. MIAMI LAKES FL 33015,Condominium,Issued,No,01-31-2027
CR23003705,"HIGHLAND AT PARK CENTRAL CONDOMINIUM NO. 2 ASSOCIATION, INC.",10431 NW 82 ST DORAL FL 33178,Condominium,Issued,No,01-31-2027
CR23003706,"LAGO VERDE CONDOMINIUM ASSN., INC.",12239 SW 14 LN MIAMI FL 33184,Condominium,Issued,No,01-31-2027
CR23003707,"BIRD LAKES HOMEOWNERS ASSOCIATION, INC.",14371 SW 46 TERR MIAMI FLORIDA 33175,Homeowner,Issued,No,01-31-2027
CR23003708,"SAN MATEO FIRST ADDITION HOMEOWNERS ASSOCIATION, INC.",175 FONTAINEBLEAU BLVD MIAMI FL 33172,Homeowner,Issued,No,01-31-2027
CR23003709,"MIAMI LAKES LOCH LOMOND EAST HOMEOWNERS' ASSOCIATION, INC",15205 NW 60TH AVE. MIAMI LAKES FL 33014,Homeowner,Issued,No,01-31-2027
CR23003710,"DORAL PARK COUNTRY CLUB VILLAS CONDOMINIUM NO. 7 ASSOCIATION, INC.",4640 NW 102 AVE. 201 MIAMI FL 33178,Condominium,Issued,No,01-31-2027
CR23003711,"ROYAL EMBASSY CONDOMINIUM ASSOCIATION, INC.",5750 COLLINS AVENUE MIAMI BEACH FL 33140,Condominium,Issued,No,01-31-2027
CR23003712,"HIGHLAND AT PARK CENTRAL CONDOMINIUM NO. 3 ASSOCIATION, INC.",10407-10425 NW 82 ST DORAL FL 33178,Condominium,Issued,No,01-31-2027
CR23003713,"THE HAMPTON ON WASHINGTON AVENUE CONDOMINIUM ASSOCIATION, INC.",710 WASHINGTON AVENUE MIAMI BEACH FL 33139,Condominium,Issued,No,01-31-2027
CR23003714,"260 EUCLID CONDOMINIUM, INC.",260 EUCLID AVE HIALEAH FL 33014,Condominium,Issued,No,01-31-2027
CR23003715,"GABLES SOUTH CONDOMINIUM ASSOCIATION, INC.",5750 TURIN STREET CORAL GABLES FL 33149,Condominium,Issued,No,01-31-2027
CR23003716,"VENEZZIA HOMEOWNERS ASSOCIATION, INC.",148 AVE SW 183 TERR MIAMI FL 33187,Homeowner,Issued,No,01-31-2027
CR23003717,"TREELANE HOMEOWNERS ASSOCIATION, INC.",14126 KENDALE LAKES CIR MIAMI FLORIDA 33183,Homeowner,Issued,No,01-31-2027
CR23003718,"THE ORR'S POND HOA, INC.",6491 SUNSET DR MIAMI FL 33143,Homeowner,Expired,Yes,01-31-2025
CR23003720,"DOWNTOWN DADELAND CONDOMINIUM NO. TWO ASSOCIATION, INC.",7270 SW 88 ST MIAMI FL 33156,Condominium,Issued,No,01-31-2027
CR23003721,"THE GABLES III TOWNHOMES CONDOMINIUM ASSOCIATION, INC.",8580 NW 5 TER MIAMI FL 33172,Condominium,Issued,No,01-31-2027
CR23003722,"WEST COURT CONDOMINIUM, INC.",1615 WEST AVENUE MIAMI BEACH FL 33139,Condominium,Issued,No,01-31-2027
CR23003723,"815 LENOX CONDOMINIUM ASSOCIATION, INC.",815 LENOX AVE MIAMI BEACH FL 33139,Condominium,Issued,No,01-31-2027
CR23003724,"THE LAKES OF AVALON PATIOS ASSOCIATION, INC.",81 PL NW 191 ST HIALEAH FLORIDA 33015,Homeowner,Issued,No,01-31-2027
CR23003725,FLAMINGO COURTS CONDOMINIUM ASSOC.,8320 NW 8 STREET/8321 NW 7 STREET MIAMI FL 33126,Condominium,Issued,No,01-31-2027
CR23003726,"TOWNHOMES OF BLUEWATERS PROPERTY OWNER'S ASSOCIATION, INC.",5200 BLUE LAGOON DRIVE SUITE 1000 MIAMI FL 33126,Homeowner,Expired,Yes,01-31-2026
CR23003727,"DORAL PARK COUNTRY CLUB VILLAS CONDOMINIUM NO. 9 ASSOCIATION, INC.",4720 NW 102 AVE MIAMI FL 33178,Condominium,Issued,No,01-31-2027
CR23003728,GROVE PALMS I CONDO ASSN INC,13250 SW 135TH AVE MIAMI FL 33186,Condominium,Issued,No,01-31-2027
CR23003729,"THE SHORES CONDOMINIUM NO. 3 ASSOCIATION, INC.",13501 SW 128 ST MIAMI FL 33186,Condominium,Issued,No,01-31-2027
CR23003730,"ALTON STAR CONDOMINIUM ASSOCIATION, INC.",1236 ALTON ROAD MIAMI FL 33172,Condominium,Issued,No,01-31-2027
CR23003731,"821 JEFFERSON CONDO, INC",PO BOX 5103 HIALEAH FL 33014,Condominium,Issued,No,01-31-2027
CR23003732,"THREE HORIZONS, NORTH, CONDOMINIUM, INC.",1470 NE 125 TER NORTH MIAMI FL 33161,Condominium,Issued,No,01-31-2027
CR23003733,"BRICKELL ON THE RIVER NORTH TOWER CONDOMINIUM ASSOCIATION, INC.",31 SE 5 ST MIAMI FLORIDA 33131,Condominium,Expired,Yes,01-31-2026
CR23003734,"POINCIANA AT LAGO MAR WEST HOMEOWNERS' ASSOCIATION, INC.",16200 SW 83 LN MIAMI FL 33186,Homeowner,Issued,No,01-31-2027
CR23003735,"FLAMINGO TOWERS CONDOMINIUM, INC.",1250 ALTON ROAD MIAMI FL 33172,Condominium,Issued,No,01-31-2027
CR23003736,"ARUBA AT THE OASIS HOMEOWNERS' ASSOCIATION, INC.",31 COURT NE PACIFIC BLVD MIAMI FLORIDA 33033,Homeowner,Issued,No,01-31-2027
CR23003737,"TOWNHOMES OF DORAL OAKS HOMEOWNERS ASSOCIATION, INC.",9800 NW 52 TERRACE DORAL FL 33178,Homeowner,Issued,No,01-31-2027
CR23003738,"TESORO AT FOREST LAKES HOMEOWNERS ASSOCIATION, INC.",96 ST SW 163 AVE (INTERSECTION) MIAMI FLORIDA 33196,Homeowner,Abandoned,No,
CR23003739,"GARDEN VIEW CONDOMINIUM APARTMENTS ASSOCIATION, INC.",13501 SW 128 ST MIAMI FL 33186,Condominium,Issued,No,01-31-2027
CR23003740,LA ARBOLEDA II CONDO ASSN INC,710 SW 106 AVE DORAL FL 33172,Condominium,Issued,No,01-31-2027
CR23003741,"THE HORIZONS WEST CONDOMINIUM NO. 5 ASSOCIATION, INC.",13501 SW 128 ST MIAMI FL 33186,Condominium,Issued,No,01-31-2027
CR23003742,"DORAL LANDINGS TOWNHOMES ASSOCIATION, INC.",11608 NW 51 TERRACE DORAL FL 33178,Homeowner,Issued,No,01-31-2027
CR23003743,"MANGO LANE HOMEOWNERS ASSOCIATION, INC.",10464 SW 129TH TER MIAMI FL 33176,Homeowner,Issued,No,01-31-2027
CR23003744,"GALLOWAY GARDENS CONDOMINIUM ASSOCIATION, INC,",175 FONTAINEBLEAU BLVD SUITE 2G1 MIAMI FL 33172,Condominium,Issued,No,01-31-2027
CR23003745,"GOLDEN WEST CONDOMINIUM ASSOCIATION, INC.",1345 WEST AVENUE MIAMI BEACH FL 33139,Condominium,Issued,No,01-31-2027
CR23003746,"SIENA RESERVE SOUTH NEIGHBORHOOD ASSOCIATION, INC.",14275 SW 142 AVE MIAMI FLORIDA 33186,Homeowner,Issued,No,01-31-2027
CR23003747,"GOVERNOR'S LODGE CONDOMINIUM ASSOCIATION, INC.",300 SUNRISE DR CORAL GABLES FL 33149,Condominium,Issued,No,01-31-2027
CR23003750,"DORAL PARK COUNTRY CLUB VILLAS CONDOMINIUM NO. 10 ASSOCIATION, INC.",4660 NW 102 AVE. #104 MIAMI FL 33178,Condominium,Issued,No,01-31-2027
CR23003751,"SIENA CREEK HOMEOWNERS ASSOCIATION, INC.",13501 SW 128TH ST MIAMI FL 33186,Homeowner,Issued,No,01-31-2027
CR23003752,"IBIS VILLAS AT MIAMI GARDENS CONDOMINIUM ASSOCIATION, INC.",18415 NW 84 PLACE MIAMI LAKES FLORIDA 33015,Condominium,Issued,No,01-31-2027
CR23003753,"DORA CONDOMINIUM ASSOCIATION, INC.",8425 HARDING AVE MIAMI FL 33172,Condominium,Issued,No,01-31-2027
CR23003754,"EASTVIEW HOUSE, INC.",636 MERIDIAN AVENUE HIALEAH FL 33139,Cooperative,Issued,No,01-31-2027
CR23003755,"CHESTNUT WOODS HOMEOWNERS' ASSOCIATION, INC.",73 TER SW 113 COURT CIRCLE MIAMI FL 33173,Homeowner,Issued,No,01-31-2027
CR23003757,"SPRING LAKES VILLAGE CONDOMINIUM ASSOCIATION, INC.",10004 NW 5 LANE MIAMI FL 33172,Condominium,Closed,Yes,01-31-2025
CR23003758,"SUNSHINE MIAMI CONDOMINIUM ASSOCIATION, INC.",175 FONTAINEBLEAU BLVD SUITE 2G1 MIAMI FL 33172,Condominium,Abandoned,No,
CR23003759,"DORAL PARK COUNTRY CLUB VILLAS CONDOMINIUM NO. 11 ASSOCIATION, INC.",4700 NW 102 AVE MIAMI FL 33178,Condominium,Issued,No,01-31-2027
CR23003760,"COSTA DEL MAR CONDOMINIUM ASSOCIATION, INC",7921 HARDING AVE CORAL GABLES FL 33141,Condominium,Issued,No,01-31-2027
CR23003761,"VILLAGE OF DORAL GLEN ASSOCIATION, INC.",10587 NW 51 LANE DORAL FL 33178,Homeowner,Issued,No,01-31-2027
CR23003763,"DEERING BAY CLUB VILLAS ASSOCIATION, INC",13612 - 13658 DEERING BAY DR CORAL GABLES FL 33158,Homeowner,Issued,No,01-31-2027
CR23003764,"VILLAS AT CARMEL CONDO 2 ASSN, INC.",C/O 381 KROME AVE #205 HOMESTEAD FL 33030,Condominium,Issued,No,01-31-2027
CR23003765,"SPANISH VILLAS CONDOMINIUM ASSOCIATION, INC.",77 EAST 4TH ST & 420 E. 1 AVE HIALEAH FL 33010,Condominium,Issued,No,01-31-2027
CR23003766,"SHOMA HOMES AT FOREST LAKES HOMEOWNERS ASSOCIATION, INC.",16364 SW 95 LANE MIAMI FL 33186,Homeowner,Expired,Yes,01-31-2026
CR23003767,"SHORES WATERSIDE VILLAS CONDOMINIUM ASSOCIATION, INC.",1310 NE 105TH ST MIAMI FL 33172,Condominium,Issued,No,01-31-2027
CR23003768,"TURQUESA BY LENNAR HOMEOWNERS ASSOCIATION, INC.",9050 NW 184 TER MIAMI FLORIDA 33018,Homeowner,Expired,Yes,01-31-2025
CR23003769,"BAYLIGHTS MIAMI BEACH CONDOMINIUM ASSOCIATION, INC.",1910 BAY DRIVE MIAMI BEACH FL 33141,Condominium,Issued,No,01-31-2027
CR23003771,"SAILPOINTE HOMEOWNERS' ASSOCIATION, INC.",15854 SW 69 LANE MIAMI FL 33126,Homeowner,Issued,No,01-31-2027
CR23003772,CALUSA CLUB VILLAGE CONDOMNINIUM BLDG C WEST ASSOCIATION,175 FONTAINEBLEAU BLVD SUITE 2G1 MIAMI FL 33172,Condominium,Abandoned,No,
CR23003773,"KENLAND WALK CONDOMINIUM I, INC.",10050 EAST CALUSA CLUB DR MIAMI FL 33186,Condominium,Issued,No,01-31-2027
CR23003774,"WESTLAND SOUTH CONDOMINIUM, INC.",4670-4680 W 13 LANE DORAL FLORIDA 33172,Condominium,Issued,No,01-31-2027
CR23003776,"TOWNHOMES OF DORAL PLACE HOMEOWNERS ASSOCIATION, INC.",4510 NW 102 COURT MIAMI FL 33178,Homeowner,Issued,No,01-31-2027
CR23003777,"GRANADA DADELAND CONDOMINIUM, INC.",8107 SW 72 AVENUE MIAMI FL 33186,Condominium,Issued,No,01-31-2027
CR23003778,"NAUTICA CONDOMINIUM ASSOCIATION, INC.",5970 INDIAN CREEK DR MIAMI BEACH FL 33140,Condominium,Issued,No,01-31-2027
CR23003779,"KENLAND BEND SOUTH CONDOMINIUM, INC.",9010-9080 SW 125 AVE MIAMI FL 33186,Condominium,Issued,No,01-31-2027
CR23003780,"KENLAND BEND NORTH CONDOMINIUM, INC.",8800-60 SW 123RD MIAMI FL 33186,Condominium,Issued,No,01-31-2027
CR23003781,"MIMO ON THE BEACH II CONDOMINIUM ASSOCIATION, INC.",6895 BYRON AVE MIAMI FL 33172,Condominium,Issued,No,01-31-2027
CR23003782,"DORAL HOUSE CONDOMINIUM ASSOCIATION, INC.",9755 NW 52 STREET DORAL FL 33178,Condominium,Issued,No,01-31-2027
CR23003783,"DELKUS TOWERS CONDOMINIUM ASSOCIATION, INC.",6725 HARDING AVENUE MIAMI BEACH FL 33141,Condominium,Issued,No,01-31-2027
CR23003784,"THE PORTICOS NO. 1 CONDOMINUM ASSOCIATION, INC.",14827 - 14833 SW 80 ST MIAMI FLORIDA 33193,Condominium,Issued,No,01-31-2027
CR23003785,PALM SPRINGS GARDENS BUILDING TWO CONDO ASSOCIATION INC.,175 FONTAINEBLEAU BLVD SUITE 2G1 MIAMI FL 33172,Condominium,Issued,No,01-31-2027
CR23003787,"FLANCO CONDOMINIUM ASSOCIATION, INC.",3701 N COUNTRY CLUB DRIVE AVENTURA FL 33180,Condominium,Issued,No,01-31-2027
CR23003788,"MEDITERRANEAN AT ISLANDS AT DORAL NEIGHBORHOOD ASSOCIATION, INC.",10860 NW 85 ST DORAL FL 33178,Homeowner,Issued,No,01-31-2027
CR23003789,ARAGON HOMEOWNERS ASSOCIATION INC.,8700 W 35 CT HIALEAH FL 33018,Homeowner,Issued,No,01-31-2027
CR23003790,"INTERNATIONAL PARK CONDOMINIUM I ASSOCIATION, INC.",11750 SW 18 ST MIAMI FLORIDA 33186,Condominium,Issued,No,01-31-2027
CR23003791,COLLINS TOWERS ASSOCIATION INC,720 COLLINS AVENUE MIAMI BEACH FL 33139,Condominium,Issued,No,01-31-2027
CR23003793,"PELICAN BAY ESTATES HOMEOWNER'S ASSOCIATION, INC.",21076 SW 89TH PL MIAMI FLORIDA 33189,Homeowner,Issued,No,01-31-2027
CR23003794,"CHATEAU AT THE VINEYARDS HOMEOWNERS ASSOCIATION, INC",227 HOMESTEAD FL 33033,Homeowner,Issued,No,01-31-2027
CR23003795,"POINT LAKE VILLAS CONDOMINIUM ASSOCIATION, INC.",13501 SW 128TH ST MIAMI FL 33186,Condominium,Issued,No,01-31-2027
CR23003796,"TIFFANY OF KENDALL CONDOMINIUM ASSOCIATION, INC.",13250 SW 135 AVENUE MIAMI FL 33186,Condominium,Issued,No,01-31-2027
CR23003797,"THE RIDGES HOMEOWNERS ASSOCIATION, INC.",208 ST SW SNAPPER PL MIAMI FL 33189,Homeowner,Issued,No,01-31-2027
CR23003798,"CADIZ II CONDOMINIUM ASSOCIATION, INC.",6278 W 22 COURT MIAMI FLORIDA 33186,Condominium,Issued,No,01-31-2027
CR23003799,"DORAL OAKS CONDOMINIUM NO. 1 ASSOCIATION, INC.",9735 NW 52 ST. DORAL FLORIDA 33178,Condominium,Issued,No,01-31-2027
CR23003800,MIAMI LAKES WINDMILL GATE HOA,15205 NW 60TH AVE. MIAMI LAKES FL 33014,Homeowner,Abandoned,No,
CR23003801,TOWER EAST INCORPORATED,1150 EUCLID AVE MIAMI BEACH FL 33139,Condominium,Issued,No,01-31-2027
CR23003803,"PINE TREE WATERWAY CONDOMINIUM ASSOCIATION, INC.",4800 PINE TREE DRIVE MIAMI BEACH FL 33140,Condominium,Issued,No,01-31-2027
CR23003804,"POINT LAKE CONDOMINIUM ASSOCIATION TWO, INC.",13501 SW 128TH S MIAMI FL 33186,Condominium,Issued,No,01-31-2027
CR23003805,"CRYSTAL CAY HOMEOWNERS ASSOCIATION, INC",10350 SW 228 TER MIAMI FL 33190,Homeowner,Issued,No,01-31-2027
CR23003806,"713 COLLINS CONDOMINIUM, INC.",713 COLLINS AVE MIAMI BEACH FL 33139,Condominium,Issued,No,01-31-2027
CR23003807,"VILLAS AT CARMEL CONDOMINIUM NO. 3 ASSOCIATION, INC.",381 KROME AVE HOMESTEAD FL 33030,Condominium,Issued,No,01-31-2027
CR23003809,"NEW WAVE CONDOMINIUM ASSOCIATION, INC.",725 NE 22 STREET MIAMI FL 33137,Condominium,Issued,No,01-31-2027
CR23003811,"KENDALL ACRES WEST CONDOMINIUM ASSOCIATION, INC.",8401 SW 107 AVE MIAMI FL 33173,Condominium,Issued,No,01-31-2027
CR23003812,"CORONADO AT DORAL III CONDOMINIUM ASSOCIATION, INC.",VICINITY OF 10750 NW 89TH STREET DORAL FL 33178,Condominium,Issued,No,01-31-2027
CR23003813,"VILLAS AT CARMEL CONDOMINIUM NO. 4 ASSOCIATION, INC.","C/O 381 N. KROME AVENUE, SUITE 205 HOMESTEAD FL 33030",Condominium,Issued,No,01-31-2027
CR23003814,"SPANISH VILLAS CONDOMINIUM ASSOCIATION, INC.",77 E. 4TH STREET AND 420 E. 1ST AVENUE MIAMI FL 33186,Condominium,Issued,No,01-31-2027
CR23003815,"POINT LAKE CONDOMINIUM ASSOCIATION THREE, INC.",13501 SW 128TH ST MIAMI FL 33186,Condominium,Issued,No,01-31-2027
CR23003816,"LAGO MAR VILLAS II HOMEOWNERS' ASSOCIATION, INC.",164 AVE SW 72 TER MIAMI FL 33193,Homeowner,Issued,No,01-31-2027
CR23003817,"VILLAS AT CARMEL COMMUNITY ASSOCIATION, INC.",C/O 381 KROME AVE #205 HOMESTEAD FL 33030,Master Association,Issued,No,01-31-2027
CR23003818,"AVIGNON IN THE GABLES CONDOMINIUN ASSOCIATION, INC.","2401 ANDERSON ROAD, CORAL GABLES MIAMI FLORIDA 33134",Condominium,Expired,Yes,01-31-2026
CR23003819,"CORONADO AT DORAL IV CONDOMINIUM ASSOCIATION, INC.",VICINITY OF 10750 NW 89 ST DORAL FL 33172,Condominium,Issued,No,01-31-2027
CR23003820,"SATORI HOMEOWNERS ASSOCIATION, INC.",8875 NW 155 TER MIAMI LAKES FL 33018,Homeowner,Issued,No,01-31-2027
CR23003821,"DORAL PARK COUNTRY CLUB ASSOCIATION, INC.",5001 NW 104 AVE DORAL FL 33178,Master Association,Issued,No,01-31-2027
CR23003822,"BONTERRA COMMUNITY ASSOCIATION, INC.",9501 W 35 CT HIALEAH FL 33018,Master Association,Issued,No,01-31-2027
CR23003823,"WILLOW WALK OF KENDALL CONDOMINIUM ASSOCIATION, INC.",13800 SW 112TH STREET MIAMI FLORIDA 33186,Condominium,Issued,No,01-31-2027
CR23003824,"BALI AT THE OASIS NEIGHBORHOOD ASSOCIATION, INC.",3RD COURT NE 36 AVE RD MIAMI FL 33033,Homeowner,Issued,No,01-31-2027
CR23003826,"KENDALL FORESTS OWNERS' ASSOCIATION, INC.",11810 SW 80 ST MIAMI FL 33183,Condominium,Issued,No,01-31-2027
CR23003827,"CORONADO AT DORAL V CONDOMINIUM ASSOCIATION, INC.",10855 NW 88TH TERRACE DORAL FLORIDA 33172,Condominium,Issued,No,01-31-2027
CR23003828,MIAMI LAKES LOCH ANDREWS,15205 NW 60TH AVE. MIAMI LAKES FL 33014,Homeowner,Abandoned,No,
CR23003829,"FLAGLER PLAZA CONDOMINIUM ASSOCIATION, INC.",140 SW 30 CT DORAL BRANCH FL 33172,Condominium,Issued,No,01-31-2027
CR23003830,"HAMPSHIRE HOMES HOMEOWNERS ASSOCIATION, INC.",115 TERR SW 117 AVE MIAMI FL 33186,Homeowner,Issued,No,01-31-2027
CR23003831,"VILLAGES OF HOMESTEAD AUDUBON VILLAGE HOMEOWNERS' ASSOCIATION, INC.","C/O 381 N. KROME AVENUE, SUITE 205 HOMESTEAD FL 33030",Master Association,Issued,No,01-31-2027
CR23003832,"THE HABANA CONDOMINIUM ASSOCIATION, INC.",1308 DREXEL AVENUE MIAMI BEACH FL 33139,Condominium,Issued,No,01-31-2027
CR23003833,"LEGACY VILLAS CONDOMINIUM ASSOCIATION, INC.",2620 TRAPP AVENUE MIAMI FLORIDA 33133,Condominium,Issued,No,01-31-2027
CR23003835,"CORONADO AT DORAL IX CONDOMINIUM ASSOCIATION, INC.",VICINTIY OF 10750 NW 89 ST DORAL FL 33172,Condominium,Issued,No,01-31-2027
CR23003836,"THE COLLINS CONDOMINIUM ASSOCIATION, INC.",6917 COLLINS AVENUE MIAMI BEACH FL 33141,Condominium,Issued,No,01-31-2027
CR23003837,"GLASSHAUS CONDOMINIUM ASSOCIATION, INC.",3156 SW 27 AVE MIAMI FL 33133,Condominium,Issued,No,01-31-2027
CR23003838,"TOWNHOMES OF AUDUBON ASSOCIATION, INC.",381 KROME AVE HOMESTEAD FL 33030,Homeowner,Issued,No,01-31-2027
CR23003839,"PATHWAY CONDOMINIUM ASSOCIATION, INC.",7915 SW 57 AVE MIAMI FL 33143,Condominium,Issued,No,01-31-2027
CR23003840,"KENLAND COURT HOMEOWNERS ASSOCIATION, INC.",9312 SW 123 COURT MIAMI FL 33186,Homeowner,Issued,No,01-31-2027
CR23003841,"ROYALE POINT-TOWNVILLAS CONDOMINIUM ASSOCIATION, INC.",18602 SW 100 AVE DORAL FL 33172,Condominium,Issued,No,01-31-2027
CR23003842,"DAVID WILLIAM HOTEL CONDOMINIUM ASSOCIATION, INC.",700 BILTMORE WAY CORAL GABLES FL 33134,Condominium,Issued,No,01-31-2027
CR23003843,"DOWNTOWN DADELAND CONDOMINIUM NO. SIX ASSOCIATION, INC.",9010 SW 72 CT MIAMI FL 33156,Condominium,Issued,No,01-31-2027
CR23003844,"SUNSET ISLANDS 3 AND 4 PROPERTY OWNERS, INC.",2100 SUNSET DRIVE MIAMI BEACH FL 33140,Homeowner,Issued,No,01-31-2027
CR23003845,"CRYSTAL LAKES MASTER ASSOCIATION, INC.",677 NE 35 AVE HOMESTEAD FL 33032,Master Association,Issued,No,01-31-2027
CR23003846,"CARLYLE CONDOMINIUM ASSOCIATION, INC.",7925 CARLYLE AVE MIAMI BEACH FL 33141,Condominium,Issued,No,01-31-2027
CR23003847,"MARILYN'S CONDOMINIUM ASSOCIATION, INC",2921 SW 10TH ST MIAMI FL 33135,Condominium,Issued,No,01-31-2027
CR23003848,"CASABLANCA CONDOMINIUM ASSOCIATION OF SOUTH BEACH, INC.",817 MERIDIAN AVE MIAMI BEACH FLORIDA 33139-5542,Condominium,Expired,Yes,02-01-2024
CR23003849,"MERIDIAN TOWERS CONDOMINIUM ASSOCIATION, INC.",1605 MERIDIAN AVE MIAMI BEACH FLORIDA 33139,Condominium,Issued,No,01-31-2027
CR23003850,"JEFFERSON COURT CONDOMINIUM ASSOCIATION, INC.",918 8TH STREET MIAMI BEACH FL 33139,Condominium,Issued,No,01-31-2027
CR23003851,"MILLER SIXTY-SEVEN TOWNHOUSES CONDOMINIUM ASSCOIATION, INC.",6667 SW 56 ST MIAMI FLORIDA 33186,Condominium,Issued,No,01-31-2027
CR23003852,"LINCOLN PALACE CONDOMINIUM, INC.",1658 BAY ROAD MIAMI BEACH FL 33139,Condominium,Issued,No,01-31-2027
CR23003853,"GRANADA ESTATES HOA, INC.",4 CT NE 20 AVE (INTERSECTION) HOMESTEAD FL 33033,Homeowner,Issued,No,01-31-2027
CR23003854,"FIRST DECO CONDOMINIUM ASSOCIATION, INC.",810 7TH STREET MIAMI BEACH FLORIDA 33139-5542,Condominium,Issued,No,01-31-2027
CR23003855,"EUCLID 600 CONDOMINIUM ASSOCIATION, INC.",600 EUCLID AVENUE MIAMI BEACH FL 33139,Condominium,Issued,No,01-31-2027
CR23003856,"LINCOLN ROAD VILLAS SOUTH CONDOMINIUM ASSOCIATION, INC.",1616 MICHIGAN AVE MIAMI BEACH FL 33139,Condominium,Issued,No,01-31-2027
CR23003857,"POTOMAC PLACE CONDOMINIUM ASSOCIATION, INC.",7350-7392 SW 152 AVE MIAMI FL 33193,Condominium,Issued,No,01-31-2027
CR23003858,"MIMO ON THE BEACH I CONDOMINIUM ASSOCIATION, INC.",7435 HARDING AVE MIAMI BEACH FL 33141,Condominium,Issued,No,01-31-2027
CR23003859,"EUCLID PLAZA ASSOCIATION, INC. A CONDOMINIUM",618 EUCLID AVENUE MIAMI BEACH FL 33139,Condominium,Issued,No,01-31-2027
CR23003860,"PARK HAVEN CONDOMINIUM, INC.",932 EUCLID AVE MIAMI BEACH FL 33139,Condominium,Issued,No,01-31-2027
CR23003861,"MERRITT PLACE CONDOMINIUM ASSOCIATION, INC.",637 SW 3RD STREET MIAMI FL 33130,Condominium,Issued,No,01-31-2027
CR23003862,"SONARA AT MALIBU BAY NEIGHBORHOOD ASSOCIATION, INC.",MALIBU WAY & 15 DR HOMESTEAD FL 33030,Homeowner,Issued,No,01-31-2027
CR23003863,"RIOPLAZA CONDOMINIUM NORTH ASSOCIATION, INC.",501 SW 1ST AVE MIAMI FL 33130,Condominium,Issued,No,01-31-2027
CR23003864,"WHITEHALL AT BAL HARBOUR CONDOMINIUM ASSOCIATION, INC.",20 PARK DRIVE MIAMI FL 33154,Condominium,Issued,No,01-31-2027
CR23003865,"THE SENATE CONDOMINIUM ASSOCIATION, INC.",1606 JEFFERSON AVE MIAMI BEACH FL 33139,Condominium,Issued,No,01-31-2027
CR23003866,"BONTERRA SOUTH NEIGHBORHOOD ASSOCIATION, INC.",9501 W 35 CT HIALEAH FL 33018,Homeowner,Issued,No,01-31-2027
CR23003868,"AQUABELLA COMMUNITY ASSOCIATION, INC.",10401 W 35 LN HIALEAH FL 33018,Homeowner,Expired,Yes,01-31-2026
CR23003869,"THE VILLAS AT UNIVERSITY SQUARE CONDOMINIUM ASSOCIATION, INC.",1801 SW 107 AVE MIAMI FL 33165,Condominium,Abandoned,No,
CR23003870,"LAS ESTRELLAS CONDOMINIUM ASSOCIATION, INC.",606 W 81 ST HIALEAH FL 33013,Condominium,Issued,No,01-31-2027
CR23003871,"SOUTH BEACH HUDSON CONDOMINIUM ASSOCIATION, INC.",420 15TH STREET MIAMI BEACH FL 33139,Condominium,Issued,No,01-31-2027
CR23003872,"INDUSTRY CONDOMINIUM ASSOCIATION, INC.",1560 LENOX AVENUE MIAMI BEACH FL 33139,Condominium,Issued,No,01-31-2027
CR23003873,"THE PRESIDENT CONDOMINIUM ASSOCIATION, INC.",361 COLLINS AVE MIAMI BEACH FL 33139,Condominium,Issued,No,01-31-2027
CR23003874,"VENICE AT CRYSTAL LAKES CONDOMINIUM ASSOCIATION, INC.",3580 NE 5 ST MIAMI FL 33186,Condominium,Issued,No,01-31-2027
CR23003875,FIRST MOORINGS CONDO,175 FONTAINEBLEAU BLVD MIAMI FL 33172,Condominium,Issued,No,01-31-2027
CR23003876,"SUNDANCE CONDOMINIUM ASSOCIATION, INC.",828 3RD ST MIAMI BEACH FL 33139,Condominium,Issued,No,01-31-2027
CR23003878,"WELWORTH CONDOMINIUM ASSOCIATION, INC.",7326 COLLINS AVENUE MIAMI BEACH FL 33141,Condominium,Expired,Yes,01-31-2025
CR23003879,"THE FOUNTAIN CONDOMINIUM HOTEL ASSOCIATION, INC.",334 EUCLID AVE MIAMI BEACH FL 33139,Condominium,Issued,No,01-31-2027
CR23003880,"COSTA BONITA HOMEOWNERS' ASSOCIATION, INC.",4880 NW 112 COURT DORAL FL 33178,Homeowner,Issued,No,01-31-2027
CR23003881,"THE GATSBY CONDOMINIUM ASSOCIATION, INC.",1351 MERIDAN AVE MIAMI BEACH FL 33139,Condominium,Issued,No,01-31-2027
CR23003882,"MONTERREY CONDOMINIUM PROPERTY ASSOCIATION, INC.",1611 MICHIGAN AVENUE MIAMI BEACH FL 33139,Condominium,Issued,No,01-31-2027
CR23003883,"THE LEXINGTON EUCLID CONDOMINIUM ASSOCIATION, INC.",802 EUCLID AVE MIAMI BEAC FL 33139,Condominium,Issued,No,01-31-2027
CR23003884,"THE WINDWARD II, INC.",1250 NE 125TH ST NORTH MIAMI FL 33161,Condominium,Expired,Yes,01-31-2026
CR23003885,"THE LOFTS AT TATUM CONDOMIUM ASSOCIATION, INC.",8080 TATUM WATERWAY DR MIAMI BEACH FL 33141,Condominium,Issued,No,01-31-2027
CR23003886,"THE NEVILLE CONDOMINIUM ASSOCIATION, INC.",360 COLLINS AVENUE MIAMI BEACH FL 33139,Condominium,Issued,No,01-31-2027
CR23003888,"THE EXCELSIOR CONDOMINIUM, INC.",4141 NAUTILUS DRIVE MIAMI BEACH FL 33140,Condominium,Issued,No,01-31-2027
CR23003890,"THE MERIDIAN CONDOMINIUM ASSOCIATION, INC.",1732 MERIDIAN AVE MIAMI BEACH FLORIDA 33139,Condominium,Issued,No,01-31-2027
CR23003892,"EDEN HOUSE MIAMI BEACH CONDOMINIUM ASSOCIATION, INC.",6700 INDIAN CREEK DRIVE MIAMI BEACH FL 33140,Condominium,Issued,No,01-31-2027
CR23003893,"TOWNHOMES OF MONTEREY HOMEOWNERS ASSOCIATION, INC.",1179 NE 209 TERRACE MIAMI FL 33179,Homeowner,Issued,No,01-31-2027
CR23003894,"LENOX PLAZA ASSOCIATION, INC.",1033 LENOX AVE MIAMI BEACH FL 33139,Condominium,Issued,No,01-31-2027
CR23003895,"STANTON HOUSE ASSOCIATION, INC.",6900 BAY DR MIAMI BEACH FL 33141,Condominium,Issued,No,01-31-2027
CR23003896,"THE SANTA BARBARA ON EUCLID CONDOMINIUM ASSOCIATION, INC.",1245 EUCLID AVE MIAMI BAECH FL 33139,Condominium,Issued,No,01-31-2027
CR23003898,COLLINS PLAZA CONDOMINIUM ASSOC. INC.,1334 COLLINS AVENUE MIAMI BEACH FL 33139,Condominium,Issued,No,01-31-2027
CR23003899,CARMEL AT THE CALIFORNIA CLUB PROPERTY OWNERS ASSOCIATION INC,901 NE 199 ST MIAMI FL 33179,Master Association,Issued,No,01-31-2027
CR23003902,CAPOMAR CONDO ASSN INC,2642 COLLINS AVENUE MIAMI BEACH FL 33140,Condominium,Issued,No,01-31-2027
CR23003903,"1446 OCEAN DRIVE ASSOCIATION, INC.",1446 OCEAN DRIVE MIAMI BEACH FL 33139,Cooperative,Issued,No,01-31-2027
CR23003904,"HIDDEN WATERS CONDOMINIUM ASSOCIATION, INC.",1860 VENICE PARK DRIVE MIAMI FL 33172,Condominium,Issued,No,01-31-2027
CR23003906,"GOLDEN GATE APARTMENTS CONDOMINIUM ASSOCIATION, INC.",16450 NW SECOND AVE MIAMI FL 33172,Condominium,Issued,No,01-31-2027
CR23003907,"THE FLAMINGO PLAZA CONDOMINIUM ASSOCIATION, INC.",1051 MERIDIAN AVE MIAMI BEACH FL 33139,Condominium,Issued,No,01-31-2027
CR23003908,"FLORIDIAN ARMS, INC.",1430 NE 170 ST MIAMI FL 33172,Condominium,Issued,No,01-31-2027
CR23003909,"SAN SIMEON AT THE CALIFORNIA CLUB HOMEOWNERS' ASSOCIATION, INC.",21300 SAN SIMEON WAY NORTH MIAMI BEACH FL 33179,Master Association,Issued,No,01-31-2027
CR23003911,"TOWNHOMES OF AUDUBON SOUTH ASSOCIATION, INC.",1400 WOODPECKER ST MIAMI FL 33035,Homeowner,Issued,No,01-31-2027
CR23003913,"TIDES TOWNHOMES HOMEOWNERS ASSOCIATION, INC.",3824 NE 166 STREET NORTH MIAMI BEACH FL 33160,Homeowner,Issued,No,01-31-2027
CR23003914,"THREE HORIZONS, SOUTH, CONDOMINIUM, INC.",1465 NE 123 ST MIAMI FL 33161,Condominium,Issued,No,01-31-2027
CR23003915,"PRINCETONIAN HOMEOWNERS ASSOCIATION, INC.",12521 SW 249 TERRACE MIAMI FL 33173,Homeowner,Issued,No,01-31-2027
CR23003916,"CORAL CONDOMINIUM ASSOCIATION, INC.",15389 S DIXIE HWY MIAMI FLORIDA 33157,Condominium,Issued,No,01-31-2027
CR23003918,"CARMEL AT THE CALIFORNIA CLUB CONDOMINIUM ""1"" ASSOCIATION, INC.",751 NE 199 ST MIAMI FL 33179,Condominium,Issued,No,01-31-2027
CR23003919,"MUTINY ON THE PARK CONDOMINIUM ASSOCIATION, INC.",2889 MCFARLANE ROAD MIAMI FL 33186,Condominium,Issued,No,01-31-2027
CR23003921,"DEERWOOD ESTATES HOMEOWNERS ASSOCIATION, INC.",13036 SW 151 LANE MIAMI FL 33186,Homeowner,Issued,No,01-31-2027
CR23003922,"DAVIS GARDENS HOMEOWNERS' ASSOCIATION, INC.",6767 SW 67TH AVENUE SOUTH MIAMI FLORIDA 33143,Homeowner,Issued,No,01-31-2027
CR23003923,"CARMEL AT THE CALIFORNIA CLUB CONDOMINIUM ""2"" ASSOCIATION, INC.",761 NE 199 ST MIAMI FL 33186,Condominium,Issued,No,01-31-2027
CR23003924,"DEVON-AIRE VILLAS HOMEOWNERS ASSOCIATION NO. 2, INC.",123 AVE SW 110 S CANAL ST MIAMI FL 33186,Homeowner,Issued,No,01-31-2027
CR23003926,"KEYS GATE CONDOMINIUM NO. SEVEN ASSOCIATION, INC",2285 SE 27 DRIVE HOMESTEAD FL 33035,Condominium,Issued,No,01-31-2027
CR23003927,"CARMEL AT THE CALIFORNIA CLUB CONDOMINIUM ""4"" ASSOCIATION, INC.",805 NE 199 ST MIAMI FL 33179,Condominium,Issued,No,01-31-2027
CR23003928,HARMONY VILLA INC.,728 LENOX AVE MIAMI BEACH FL 33139,Cooperative,Issued,No,01-31-2027
CR23003929,"ACADEMY APARTMENTS CONDOMINIUM, INC. OF MIAMI BEACH.",900 6TH ST MIAMI BEACH FL 33139,Condominium,Issued,No,01-31-2027
CR23003930,"PALAU SUNSET HARBOR CONDOMINIUM ASSOCIATION, INC.",1201 20TH STREET MIAMI BEACH FL 33139,Condominium,Issued,No,01-31-2027
CR23003931,MAHOGANY KEY CONDOMINIUM ASSOC. INC.,30-5909-013-0001; 30-5909-017-0001; 30-5909-018-0001 (REFERENCE) MIAMI FL 33196,Condominium,Abandoned,No,
CR23003932,"CARMEL AT THE CALIFORNIA CLUB CONDOMINIUM ""5"" ASSOCIATION, INC.",807 NE 199 ST MIAMI FL 33186,Condominium,Issued,No,01-31-2027
CR23003933,"1925 CALAIS DRIVE CONDOMINIUM ASSOCIATION, INC.",1925 CALAIS DRIVE MIAMI BEACH FL 33141,Condominium,Issued,No,01-31-2027
CR23003936,"CARMEL AT THE CALIFORNIA CLUB CONDOMINIUM ""6"" ASSOCIATION, INC.",819 NE 199 ST MIAMI FL 33186,Condominium,Issued,No,01-31-2027
CR23003938,"MAJORCA PLAZA CONDOMINIUM 2 ASSOCIATION, INC.",49 MAJORCA AVE DORAL FLORIDA 33166,Condominium,Issued,No,01-31-2027
CR23003939,"SOBE PHOENIX CONDOMINIUM ASSOCIATION, INC.",1555 PENNSYLVANIA AVE MIAMI BEACH FL 33139,Condominium,Issued,No,01-31-2027
CR23003940,"BELLA VISTA MID-RISE SOUTH CONDOMINIUM ASSOCIATION, INC.",19925 NE 39TH PLACE AVENTURA FL 33180,Condominium,Issued,No,01-31-2027
CR23003941,"CARMEL AT THE CALIFORNIA CLUB CONDOMINIUM ""8"" ASSOCIATION, INC.",803 NE 199 ST MIAMI FL 33186,Condominium,Issued,No,01-31-2027
CR23003942,"CANTAMAR HOMEOWNERS ASSOCIATION, INC.",248 STREET SW 121 AVE MIAMI FL 33032,Homeowner,Issued,No,01-31-2027
CR23003943,"MARBELLA VILLAS CONDOMINIUM ASSOCIATION, INC.",2580 COCONUT AVE MIAMI FL 33133,Condominium,Issued,No,01-31-2027
CR23003944,"MADEIRA AT ISLANDS AT DORAL NEIGHBORHOOD ASSOCIATION, INC.",8250 NW 112TH CT DORAL FL 33178,Homeowner,Issued,No,01-31-2027
CR23003945,"SAN REMO HOMEOWNERS' ASSOCIATION, INC.",10-7920-009-1700 HOMESTEAD FL 33035,Homeowner,Issued,No,01-31-2027
CR23003948,"CARMEL AT THE CALIFORNIA CLUB CONDOMINIUM ""9"" ASSOCIATION, INC.",781 NE 199 ST MIAMI FL 33186,Condominium,Issued,No,01-31-2027
CR23003949,"VILLAS OF BARCELONA COMMUNITY ASSOCIATION, INC",30-5003-055-0590 (REFERENCE) MIAMI FL 33156,Homeowner,Issued,No,01-31-2027
CR23003950,"CAPTIVA CONDOMINIUM F ASSOCIATION, INC.",10700 NW 66 ST MIAMI FLORIDA 33178,Condominium,Issued,No,01-31-2027
CR23003951,"BISCAYNE POINT SOUTH HOMEOWNERS' ASSOCIATION, INC.",248 STREET AND 121 AVENUE MIAMI FL 33186,Homeowner,Issued,No,01-31-2027
CR23003952,"VILLA PORTOFINO WEST PROPERTY OWNERS ASSOCIATION, INC",2120 NE 7TH STREET HOMESTEAD FL 33033,Homeowner,Issued,No,01-31-2027
CR23003953,"DECOLUX CONDOMINIUM ASSOCIATION, INC.","826, 828 & 830 EUCLID AVE MIAMI BEACH FLORIDA 33139",Condominium,Issued,No,01-31-2027
CR23003954,"WALDEN POND TOWNHOUSE HOMEOWNERS ASSOCIATION, INC.",14730 SW 85 TERRACE MIAMI FL 33193,Homeowner,Issued,No,01-31-2027
CR23003957,"HOLIDAY TOWERS CONDOMINIUM ASSOCIATION, INC.",6767 INDIAN CREEK DRIVE MIAMI BEACH FL 33141,Condominium,Issued,No,01-31-2027
CR23003960,"CARMEL AT THE CALIFORNIA CLUB CONDOMONIUM ""11"" ASSOCIATION, INC.",821 NE 199 ST MIAMI FL 33186,Condominium,Issued,No,01-31-2027
CR23003961,"ADAGIO AT THE HAMMOCKS HOMEOWNERS ASSOCIATION, INC.",11587 SW 149 PATH MIAMI FL 33196,Homeowner,Issued,No,01-31-2027
CR23003962,"ALTON SOUTH CONDOMINIUM ASSOCIATION, INC.",1220 ALTON ROAD MIAMI BEACH FL 33139,Condominium,Issued,No,01-31-2027
CR23003963,"MANSFIELD PARK CONDOMINIUM ASSOCIATION, INC.",1925 WASHINGTON AVE MIAMI BEACH FLORIDA 33139,Condominium,Issued,No,01-31-2027
CR23003964,"SHADYWOOD VILLAS HOMEOWNERS' ASSOCIATION, INC.",11730 SW 91 TERR MIAMI FLORIDA 33186,Homeowner,Issued,No,01-31-2027
CR23003965,"GALIL I CONDOMINIUM ASSOCIATION, INC.",821 COLLINS AVE MIAMI BEACH FL 33139,Condominium,Issued,No,01-31-2027
CR23003967,"CARMEL AT THE CALIFORNIA CLUB CONDOMINIUM ""12"" ASSOCIATION, INC.",823 NE 199 ST MIAMI FL 33179,Condominium,Issued,No,01-31-2027
CR23003970,"CAMELOT HOMEOWNERS ASSOCIATION, INC.",30-5909-013-0001; 30-5909-017-0001; 30-5909-018-0001 (REFERENCE) MIAMI FL 33193,Homeowner,Abandoned,No,
CR23003971,"CARMEL AT THE CALIFORNIA CLUB CONDOMINIUM ""13"" ASSOCIATION, INC.",825 NE 199 ST MIAMI FL 33186,Condominium,Issued,No,01-31-2027
CR23003972,"ESPRIT CONDOMINIUM II ASSOCIATION, INC.",9624 SW 138 AVE MIAMI FL 33186,Condominium,Issued,No,01-31-2027
CR23003973,"CCA CONDOMINIUM ASSOCIATION, INC",94 CIR LN SW 139-142 AVE MIAMI FL 33186,Condominium,Abandoned,No,
CR23003974,"CARMEL AT THE CALIFORNIA CLUB CONDOMINIUM ""14"" ASSOCIATION, INC.",911 NE 199 ST MIAMI FL 33179,Condominium,Issued,No,01-31-2027
CR23003975,TRITON TOWER CONDOMINIUM INC.,2899 COLLINS AVENUE MIAMI BEACH FLORIDA 33140,Condominium,Issued,No,01-31-2027
CR23003976,"CAPTIVA CONDOMINIUM C ASSOCIATION, INC.",10770 NW 66 ST MIAMI FLORIDA 33178,Condominium,Issued,No,01-31-2027
CR23003977,"BRIAR BAY TOWNHOUSE HOMEOWNER'S ASSOCIATION, INC.",15670 SW 82ND CIRCLE LANE MIAMI FL 33193,Homeowner,Issued,No,01-31-2027
CR23003978,"THE FRANCIS CONDOMINIUM ASSOCIATION, INC.",1001 7TH STREET MIAMI BEACH FL 33139,Condominium,Issued,No,01-31-2027
CR23003979,"PLUMBAGO COMMUNITY ASSOCIATION, INC.",MASTER ASSOCIATION MIAMI FL 33186,Master Association,Abandoned,No,
CR23003981,"CARMEL AT THE CALIFORNIA CLUB CONDOMINIUM ""15"" ASSOCIATION, INC.",915 NE 199 ST MIAMI FL 33186,Condominium,Issued,No,01-31-2027
CR23003982,"FONTANA CONDOMINIUM ASSOCIATION, INC.",1601 WEST AVENUE MIAMI BEACH FLORIDA 33139,Condominium,Issued,No,01-31-2027
CR23003983,"VIEW WEST CONDOMINIUM ASSOCIATION, INC.",15670 SW 82ND CIRCLE LANE MIAMI FL 33193,Condominium,Issued,No,01-31-2027
CR23003984,"CARMEL AT THE CALIFORNIA CLUB CONDOMINIUM ""16"" ASSOCIATION, INC.",935 NE 199 ST MIAMI FL 33186,Condominium,Issued,No,01-31-2027
CR23003985,"FLAMINGO PLACE CONDOMINIUM ASSOCIATION, INC.",2445 AND 2449 FLAMINGO PLACE MIAMI BEACH FL 33140,Condominium,Issued,No,01-31-2027
CR23003986,"CARMEL AT THE CALIFORNIA CLUB CONDOMINIUM ""17"" ASSOCIATION, INC.",933 NE 199 ST MIAMI FL 33186,Condominium,Issued,No,01-31-2027
CR23003987,"SNAPPER CREEK TOWNHOUSE HOME OWNERS ASSOCIATION, INC",11200 SW 71 ST MIAMI FLORIDA 33173,Homeowner,Issued,No,01-31-2027
CR23003988,"LINCOLN VIEW CONDOMINIUM ASSOCIATION, INC",1559 MICHIGAN AVE MIAMI BEACH FL 33139,Condominium,Issued,No,01-31-2027
CR23003989,"MEADOW LANDINGS HOMEOWNERS' ASSOCIATION, INC.",13595 SW 134 AVE MIAMI FLORIDA 33186,Homeowner,Issued,No,01-31-2027
CR23003990,"CARMEL AT THE CALIFORNIA CLUB CONDOMINIUM "" 18 "" ASSOCIATION, INC.",917 NE 199 ST MIAMI FL 33186,Condominium,Issued,No,01-31-2027
CR23003992,"THE METROPOLIS OF SOUTH BEACH CONDOMINIUM ASSOCIATION, INC.",934 16TH ST MIAMI BEACH FLORIDA 33139-5542,Condominium,Issued,No,01-31-2027
CR23003994,"CARMEL AT THE CALIFORNIA CLUB CONDOMINIUM ""19"" ASSOCIATION, INC.",909 NE 199 ST MIAMI FL 33186,Condominium,Issued,No,01-31-2027
CR23003996,"CARMEL AT THE CALIFORNIA CLUB CONDOMINIUM ""20"" ASSOCIATION, INC.",907 NE 199 ST MIAMI FL 33186,Condominium,Issued,No,01-31-2027
CR23003999,"INWOOD CONDOMINIUM ASSOCIATION, INC.",381 N KROME AVENUE HOMESTEAD FL 33030,Condominium,Issued,No,01-31-2027
CR23004000,"CARMEL AT THE CALIFORNIA CLUB CONDOMINIUM ""22"" ASSOCIATION, INC.",931 NE 199 ST MIAMI FL 33186,Condominium,Issued,No,01-31-2027
CR23004001,"DREAM HOMES HOMEOWNERS ASSOCIATION, INC.",VICINITY OF 16225 SW 137 CT MIAMI FL 33177,Homeowner,Issued,No,01-31-2027
CR23004002,"VISTA TRACE MULTICONDOMINIUM ASSOCIATION, INC.",C/O 381 N. KROME AVENUE SUITE # 205 HOMESTEAD FL 33030,Condominium,Issued,No,01-31-2027
CR23004003,"LE CLUB AT OLD CUTLER CONDOMINIUM ASSOCIATION, INC.",8630 SW 212 STREET MIAMI FL 33189,Condominium,Issued,No,01-31-2027
CR23004004,"DORAL PARK COUNTRY CLUB VILLAS CONDOMINIUM NO.4 ASSOCIATION, INC.",4944 NW 102 AVENUE MIAMI FL 33178,Condominium,Issued,No,01-31-2027
CR23004005,CHARDONNAY TOWNHOUSES HOMEOWNERS' ASSOCIATION INC.,14275 SW 142 AVE MIAMI FLORIDA 33186,Homeowner,Issued,No,01-31-2027
CR23004008,"840-850 81ST STREET CONDOMINIUM ASSOCIATION, INC.",840-850 81ST STREET MIAMI BEACH FL 33141,Condominium,Issued,No,01-31-2027
CR23004009,"CALAIS CONDOMINIUM ASSOCIATION, INC.",11201 NW 7 ST MIAMI FL 33172,Condominium,Issued,No,01-31-2027
CR23004010,"BLEAU FONTAINE CONDOMINIUM ASSOCIATION NUMBER ONE, INC.",9435 FONTAINEBLEAU BLVD MIAMI FLORIDA 33172,Condominium,Issued,No,01-31-2027
CR23004011,WASHINGTON AVENUE CONDO ASSN,323 WASHINGTON AVE MIAMI BEACH FL 33139,Condominium,Issued,No,01-31-2027
CR23004012,LUDLUM LAKE ASSOCIATION INC.,6703 NW 169TH STREET HIALEAH FLORIDA 33015,Condominium,Issued,No,01-31-2027
CR23004014,"MAHOGANY ISLE HOMES CONDOMINIUM ASSOCIATION, INC.",SW 104TH STREET & 14TH AVENUE MIAMI FL 33196,Condominium,Abandoned,No,
CR23004015,"SUTTON PLACE OF PINECREST OWNERS ASSOCIATION, INC.",6899 SW 89 TERRACE MIAMI FL 33156,Homeowner,Issued,No,01-31-2027
CR23004017,"GLASS 120 CONDOMINIUM ASSOCIATION, INC.",120 OCEAN DRIVE MIAMI BEACH FL 33139,Condominium,Issued,No,01-31-2027
CR23004018,"GROVE TERRACE CONDOMINIUM ASSOCIATION, INC.",2460 S.W. 22ND STREET MIAMI FL 33145,Condominium,Issued,No,01-31-2027
CR23004019,"THE DIXON CONDOMINIUM ASSOCIATION, INC.","730, 732, 740, 744 10TH STREET MIAMI BEACH FLORIDA 33139",Condominium,Expired,Yes,01-31-2026
CR23004020,"ROZLAND CONDOMINIUM ASSOCIATION, INC.",7668 SW 152 AVE MIAMI FL 33193,Condominium,Issued,No,01-31-2027
CR23004021,"VILLAS OF MAYDANA CONDOMINIUM ASSOICATION, INC.",2460 SW 22 ST MIAMI FL 33145,Condominium,Issued,No,01-31-2027
CR23004022,"ELAN AT CALUSA CONDOMINIUM XVI ASSOCIATION, INC.",13000 SW 88 TERRACE NORTH MIAMI FL 33173,Condominium,Issued,No,01-31-2027
CR23004023,"ABITARE CONDOMINIUM ASSOCIATION, INC.",2460 SW 22ND STREET MIAMI FL 33145,Condominium,Issued,No,01-31-2027
CR23004024,"REDLAND RANCH TWIN HOMES ASSOCIATION, INC.",1340 NW 13 ST HOMESTEAD FL 33030,Homeowner,Issued,No,01-31-2027
CR23004025,"THE MONARCH GROVE CONDOMINIUM ASSOCIATION, INC.",2977 MCFARLANE ROAD MIAMI FL 33145,Condominium,Issued,No,01-31-2027
CR23004026,LA HACIENDA COUNTRY CLUB OF MIAMI CONDOMINIUM ASSOCIATION INC,18302NW 68TH AVENUE HIALEAH FLORIDA 33015,Condominium,Issued,No,01-31-2027
CR23004027,"DORAL CAY COMMUNITY ASSOCIATION, INC.",5850 NW 104 COURT MIAMI DORAL 33178,Homeowner,Issued,No,01-31-2027
CR23004028,PENN STAR CONDOMINIUM ASSOCIATION INC.,1605 PENNSYLVANIA AVENUE MIAMI BEACH FLORIDA 33139,Condominium,Issued,No,01-31-2027
CR23004029,"SUNSET LAKES ESTATES HOMEOWNERS' ASSOCIATION, INC.",158 AVE SW 65 TER MIAMI FL 33193,Homeowner,Issued,No,01-31-2027
CR23004030,"THE ST. GEORGE (MIAMI BEACH) CONDOMINIUM ASSOCIATION, INC.",605 EUCLID AVENUE MIAMI BEACH FL 33139,Condominium,Issued,No,01-31-2027
CR23004031,"DORAL HOUSE CONDOMINIUM NO. 2 ASSOCIATION, INC.",9805 NW 52ND ST DORAL FL 33178,Condominium,Issued,No,01-31-2027
CR23004033,"JOYCIA APARTMENTS ASSOCIATION, INC",2200-2208 2250 BAY DR MIAMI BEACH FL 33141,Condominium,Issued,No,01-31-2027
CR23004034,WINDWARD INC.,1225 NE 124 STREET NORTH MIAMI FL 33161,Condominium,Issued,No,01-31-2027
CR23004035,"BURLEIGH HOUSE CONDOMINIUM, INC.",7135 COLLINS AVE MIAMI BEACH FL 33141,Condominium,Issued,No,01-31-2027
CR23004036,"CARMEL AT THE CALIFORNIA CLUB CONDOMINIUM ""23"" ASSOCIATION, INC.",929 NE 199 ST MIAMI FL 33179,Condominium,Issued,No,01-31-2027
CR23004037,"CARMEL AT THE CALIFORNIA CLUB CONDOMINIUM ""25"" ASSOCIATION, INC.",921 NE 199 ST MIAMI FL 33179,Condominium,Issued,No,01-31-2027
CR23004038,"GROVE SQUARE CONDOMINIUM ASSOCIATION, INC.",2801 FLORIDA AVENUE MIAMI FL 33133,Condominium,Issued,No,01-31-2027
CR23004039,"CARMEL AT THE CALIFORNIA CLUB CONDOMINIUM ""26"" ASSOCIATION, INC.",905 NE 199 ST MIAMI FL 33186,Condominium,Issued,No,01-31-2027
CR23004040,"BONAVIDA CONDOMINIUM ASSOCIATION, INC.",20100 WEST COUNTRY CLUB DRIVE AVENTURA FL 33180,Condominium,Issued,No,01-31-2027
CR23004041,"THE FENIMORE CONDOMINIUM ASSOCIATION, INC.",1200 EUCLID AVENUE MIAMI BEACH FLORIDA 33139,Condominium,Issued,No,01-31-2027
CR23004042,"CARMEL AT THE CALIFORNIA CLUB CONDOMINIUM ""27"" ASSOCIATION, INC.",923 NE 199 ST MIAMI FL 33186,Condominium,Issued,No,01-31-2027
CR23004043,"CARMEL AT THE CALIFORNIA CLUB CONDOMINIUM ""29"" ASSOCIATION, INC.",903 NE 199 ST MIAMI FL 33186,Condominium,Issued,No,01-31-2027
CR23004044,"LAGUNA CLUB CONDOMINIUM, INC",508 NW 107 AVENUE MIAMI FLORIDA 33172,Condominium,Issued,No,01-31-2027
CR23004045,"CARMEL AT THE CALIFORNIA CLUB CONDOMINIUM ""30"" ASSOCIATION, INC.",829 NE 199 ST MIAMI FL 33186,Condominium,Issued,No,01-31-2027
CR23004046,"CARMEL AT THE CALIFORNIA CLUB CONDOMINIUM ""31"" ASSOCIATION, INC.",827 NE 199 ST MIAMI FL 33186,Condominium,Issued,No,01-31-2027
CR23004047,CARMEL AT THE CALIFORNIA CONDO 33,811 NE 199 ST MIAMI FL 33186,Condominium,Issued,No,01-31-2027
CR23004048,"CARMEL AT THE CALIFORNIA CLUB CONDOMINIUM ""34"" ASSOCIATION, INC.",831 NE 199 ST MIAMI FL 33179,Condominium,Issued,No,01-31-2027
CR23004049,"SAGE ON 3RD CONDOMINIUM ASSOCIATION, INC.",130 3RD STREET MIAMI BEACH FL 33139,Condominium,Issued,No,01-31-2027
CR23004050,"600 MICHIGAN CONDOMINIUM, INC.",600 MICHIGAN AVE MIAMI BEACH FL 33141,Condominium,Issued,No,01-31-2027
CR23004051,"STAR LAKE NORTH NAUTILUS ASSOCIATION, INC.",19255 NE 2 AVE MIAMI FL 33179,Condominium,Issued,No,01-31-2027
CR23004052,"820 THIRD ST., INC. A CONDOMINIUM",820 THIRD STREET MIAMI BEACH FL 33139,Condominium,Issued,No,01-31-2027
CR23004053,"PARADISE AT SUNSET CONDOMINIUM ASSOCIATION, INC.",7101 SW 89TH COURT MIAMI FL 33173,Condominium,Issued,No,01-31-2027
CR23004054,"POINT SOUTH CONDOMINIUM ASSOCIATION, INC.",19801 SW 114 AVE MIAMI FL 33157,Condominium,Issued,No,01-31-2027
CR23004055,"VENETIAN GARDENS AT COUNTRY CLUB OF MIAMI CONDOMINIUM ASSOCIATION, INC.",18001 NW 68TH AVENUE MIAMI FL 33015,Condominium,Issued,No,01-31-2027
CR23004056,"COUNTRYSIDE VILLAGE CONDOMINIUM ASSOCIATION, INC.",18815 NW 62 AVE HIALEAH FL 33015,Condominium,Issued,No,01-31-2027
CR23004057,"OCEAN TERRACE CO-OP APARTMENTS, INC.",123 3RD ST MIAMI BEACH FL 33139,Cooperative,Issued,No,01-31-2027
CR23004058,"OCEAN TOWERS, INC.",158 OCEAN DRIVE MIAMI BEACH FL 33139,Cooperative,Issued,No,01-31-2027
CR23004059,ROYAL PALM ESTATES ASSOCIATIO INC.,8290 NW 154TH TERRACE MIAMI LAKES FLORIDA 33016,Homeowner,Abandoned,No,
CR23004060,"EAGLE NEST CONDOMINIUM ASSOCIATION, INC",6305-6315 NW GAGE PLACE MIAMI LAKES FL 33014,Condominium,Issued,No,01-31-2027
CR23004061,"SUNSET PALMS HOMEOWNERS ASSOCIATION, INC.",10787 SW 74 STREET MIAMI FL 33173,Homeowner,Issued,No,01-31-2027
CR23004064,"LAKEVIEW GARDENS AT MIAMI LAKES CONDOMINIUM ASSOCIATION, INC.",17680 NW 68 AVE MIAMI LAKES FLORIDA 33016,Condominium,Issued,No,01-31-2027
CR23004067,"GARDEN LAKE TOWERS CONDOMINIUM ASSOCIATION, INC.",1101 SW 122ND AVENUE TAMIAMI FLORIDA 33184,Condominium,Issued,No,01-31-2027
CR23004068,VILLAGE OF DORAL PALMS ASSOCIATION INC,5630 NW 102 AVE MIAMI FL 33178,Homeowner,Issued,No,01-31-2027
CR23004069,"GROVE'S EDGE CONDOMINIUM ASSOCIATION, INC.",2920 SOUTHWEST 28TH TERR MIAMI LAKES FL 33016,Condominium,Issued,No,01-31-2027
CR23004070,"THE SUNSET HARBOUR HOMEOWNERS' ASSOCIATION, INC.",6200 SW 128 AVENUE MIAMI FL 33183,Homeowner,Issued,No,01-31-2027
CR23004071,"2800 ISLAND BOULEVARD CONDOMINIUM ASSOCIATION, INC.",2800 ISLAND BOULEVRD AVENTURA FL 33160,Condominium,Issued,No,01-31-2027
CR23004072,"SAVANNAH RANCH ESTATES HOMEOWNERS ASSOCIATION, INC.",21200 SW 320 ST MIAMI FLORIDA 33030,Homeowner,Issued,No,01-31-2027
CR23004073,"220 MERIDIAN CONDOMINIUM, INC.",220 MERIDIAN AVE MIAMI BEACH FL 33139,Condominium,Issued,No,01-31-2027
CR23004074,"THE ANCHORAGE AT MIAMI LAKES HOMEOWNER'S ASSOCIATION, INC",8397 NW 142 ST MIAMI LAKES FLORIDA 33016,Homeowner,Expired,Yes,01-31-2026
CR23004076,"THE NEW PASEOS CASTELLANOS CONDOMINIUM ASSOCIATION, INC.",12223-12229 SW 17TH LAN MIAMI FL 33265,Condominium,Issued,No,01-31-2027
CR23004078,"PARK SQUARE CONDO ASSOCIATION, INC.",1125 MERIDIAN AVE MIAMI BEACH FLORIDA 33139,Homeowner,Issued,No,01-31-2027
CR23004079,THE VILLAS OF TOWNGATE SOUTH HOMEOWNERS ASSOCIATION INC.,14275 SW 142 AVE MIAMI FLORIDA 33186,Homeowner,Issued,No,01-31-2027
CR23004080,"CARMEL VILLAS CONDOMINIUM ASSOCIATION, INC.",215 30TH STREET MIAMI BEACH FL 33140,Condominium,Issued,No,01-31-2027
CR23004083,"RIVIERA TOWERS CONDOMINIUM ASSOCIATION, INC.",600 NE 25 ST MIAMI FLORIDA 33137,Condominium,Issued,No,01-31-2027
CR23004084,"BUFFERD CONDOMINIUM ASSOCIATION, INC. A CONDOMINIUM",825 EUCLID AVE MIAMI BEACH FL 33139,Condominium,Issued,No,01-31-2027
CR23004085,"EL SOL CONDOMINIUM ASSOCIATION, INC.",1655 W 44 PLACE HIALEAH FL 33012,Condominium,Issued,No,01-31-2027
CR23004088,"THE GARDENS OF KENDALL SOUTH CONDOMINIUM NO. 7 ASSOCIATION, INC.",10815 SW 112 AVE MIAMI FLORIDA 33176,Condominium,Issued,No,01-31-2027
CR23004089,"THE LESLIE CONDOMINIUM ASSOCIATION, INC.",1325 MERIDIAN AVE MIAMI BEACH FL 33139,Condominium,Issued,No,01-31-2027
CR23004090,"VENETIAN PARC HOMEOWNERS ASSOCIATION, INC.",15351 SW 175 ST MIAMI FLORIDA 33187,Homeowner,Issued,No,01-31-2027
CR23004092,"MARBELLA APARTMENTS CONDOMINIUMS ASSOCIATION, INC.",900 SW 84 AVE MIAMI FL 33144,Condominium,Issued,No,01-31-2027
CR23004093,"THE HIGHLANDS CONDOMINIUM ASSOCIATION, INC.",13800 HIGHLAND DR NORTH MIAMI BEACH FLORIDA 33181,Condominium,Issued,No,01-31-2027
CR23004094,"THE OAKS IN NORTH MIAMI CONDOMINIUM ASSOCIATION, INC.",13820 NE 3 CT MIAMI FL 33161,Condominium,Issued,No,01-31-2027
CR23004096,WESTLAND PARK CONDO ASSN #10 INC,1680 W 60 ST HIALEAH FL 33012,Condominium,Issued,No,01-31-2027
CR23004097,CALUSA CLUB VILLAGE CONDOMINIUM BULDING D SOUTH ASSOCIATION INC,8820 SW 132ND PLACE MIAMI FL 33186,Condominium,Issued,No,01-31-2027
CR23004098,"MIAMI RIVERVIEW CONDOMINIUM ASSOCIATION, INC.",400 SW 2 STREET MIAMI FLORIDA 33130,Condominium,Expired,Yes,01-31-2026
CR23004099,"SURF CONDOMINIUM ASSOCIATION, INC.",5845 COLLINS AVENUE MIAMI BEACH FL 33140,Condominium,Issued,No,01-31-2027
CR23004101,"SAN SIMEON AT THE CALIFORNIA CLUB CONDOMINIUM ASSOCIATION NO. 1, INC.",21300 SAN SIMEON WAY MIAMI GARDENS FL 33169,Condominium,Issued,No,01-31-2027
CR23004103,"WESTLAND PARK CONDOMINIUM ASSOCIATION, INC. #8",1700 WEST 60 STREET HIALEAH FL 33012,Condominium,Issued,No,01-31-2027
CR23004104,"300 MERIDIAN PLACE CONDOMINIUM ASSOCIATION, INC",300 MERIDIAN AVENUE MIAMI BEACH FL 33139,Condominium,Issued,No,01-31-2027
CR23004105,CLAREMONT PLACE CONDOMINIUM ASSOCIATION CORPORATION,2005 SAN SOUCI BOULEVARD NORTH MIAMI FL 33181,Condominium,Issued,No,01-31-2027
CR23004106,"801 MERIDIAN AVENUE CONDOMINIUM APARTMENTS, INC.",801 MERIDIAN AVE MIAMI BEACH FLORIDA 33139,Condominium,Expired,Yes,01-31-2026
CR23004107,919 MICHIGAN CONDOMINIUM INC,919 MICHIGAN AVE MIAMI BEACH FL 33140,Condominium,Issued,No,01-31-2027
CR23004108,"MILE APARTMENTS CONDOMINIUM, INC.THE",1560 W 46 ST HIALEAH FLORIDA 33012,Condominium,Issued,No,01-31-2027
CR23004109,"VILLAGGIO IN THE GROVE CONDOMINIUM ASSOCIATION, INC.",2740 SW 28 TERRACE MIAMI FLORIDA 33133,Condominium,Issued,No,01-31-2027
CR23004111,KENDALL TRACE CONDO ASSOCIATION INC,7790 SW 99TH STREET MIAMI FL 33156,Condominium,Issued,No,01-31-2027
CR23004112,"MANGO HILL CONDOMINIUM ASSOCIATION NO. 9, INC.",5901 NW 151 ST MIAMI LAKES FLORIDA 33014,Condominium,Issued,No,01-31-2027
CR23004113,"THE ABBOTT CONDOMINIUM ASSOCIATION, INC.",7734 ABBOTT AVE MIAMI BEACH FL 33139,Condominium,Issued,No,01-31-2027
CR23004114,"MANGO HILL CONDOMINIUM ASSOCIATION NO 10, INC.",5901 NW 151 STREET MIAMI LAKES FLORIDA 33014,Condominium,Issued,No,01-31-2027
CR23004115,625 ESPANOLA WAY INC A CONDOMINIUM,641 ESPANOLA WAY MIAMI BEACH FL 33139,Condominium,Issued,No,01-31-2027
CR23004116,"EAST WIND LAKE VILLAGE CONDOMINIUM ASSOCIATION, INC.",515 NW 98 CT MIAMI FL 33172,Condominium,Issued,No,01-31-2027
CR23004117,"MIRADOR 1000 CONDOMINIUM ASSOCIATION, INC",1000 WEST AVE MIAMI BEACH FL 33139,Condominium,Issued,No,01-31-2027
CR23004118,"1800 BISCAYNE PLAZA CONDOMINIUM ASSOCIATION, INC.",278 NE 18TH ST MIAMI FLORIDA 33132,Condominium,Issued,No,01-31-2027
CR23004119,"VILLAGE OF DORAL GREENS ASSOCIATION, INC.",5200 NW 103 AVENUE DORAL FL 33178,Homeowner,Issued,No,01-31-2027
CR23004120,"LAKES OF THE MEADOW VILLAGE HOMES CONDOMINIUM NO. ONE MAINTENANCE ASSOCIATION, INC.",4925 SW 149 CT MIAMI FLORIDA 33185,Condominium,Issued,No,01-31-2027
CR23004121,"HIALEAH CLUB CONDOMINIUM ASSOCIATION, INC.",1765-1775 W 41 ST HIALEAH FL 33012,Condominium,Issued,No,01-31-2027
CR23004122,"BONITA LAKES PROPERTY OWNERS ASSOCIATION, INC.",14340 SW 122 CT MIAMI FL 33186,Condominium,Issued,No,01-31-2027
CR23004123,"MERIDIAN PLAZA ASSOCIATION, INC.",1615 MERIDIAN AVE MIAMI BEACH FL 33139,Condominium,Issued,No,01-31-2027
CR23004124,"SANDCASTLES AT DORAL HOMEOWNERS' ASSOCIATION, INC.",11412 NW 43 TER DORAL FL 33178,Homeowner,Issued,No,01-31-2027
CR23004125,"LAKES OF THE MEADOW VILLAGE HOMES CONDOMINIUM NO. TWO MAINTENANCE ASSOCIATION, INC.",4850 SW 149 CT MIAMI FLORIDA 33185,Condominium,Issued,No,01-31-2027
CR23004126,"LAKES OF THE MEADOW VILLAGE HOMES CONDOMINIUM NO. THREE MAINTENANCE ASSOCIATION, INC.",14975 SW 48 TER MIAMI FLORIDA 33185,Condominium,Issued,No,01-31-2027
CR23004127,"PIAZZA VECCHIA PROPERTY OWNER'S ASSOCIATION, INC.",5120 NW 107 AVE MIAMI FL 33178,Homeowner,Issued,No,01-31-2027
CR23004128,LIBERTY HOUSE CONDOMINIUM ASSOCIATION INC.,224 MERIDIAN AVE MIAMI BEACH FL 33141,Condominium,Issued,No,01-31-2027
CR23004129,LAKES OF THE MEADOW VILLAGE # FOUR ASSN,4844 SW 152 CT MIAMI FLORIDA 33185,Condominium,Issued,No,01-31-2027
CR23004131,"LAKES OF THE MEADOW VILLAGE HOMES CONDOMINIUM NO. FIVE MAINTENANCE ASSOCIATION, INC.",15240 SW 45 TER MIAMI FLORIDA 33185,Condominium,Issued,No,01-31-2027
CR23004133,"COSTA BELLA HOMEOWNERS ASSOCIATION, INC",4870 NW 111 CT MIAMI FL 33178,Homeowner,Issued,No,01-31-2027
CR23004134,LAKES OF THE MEADOW VILLAGE HOMES CONDO 6 ASSN,15212 SW 46 LN MIAMI FLORIDA 33185,Condominium,Issued,No,01-31-2027
CR23004135,"LAKEVIEW TOWNHOMES CONDOMINIUM ASSOCIATION, INC.",2685 NE 165 ST NORTH MIAMI BEACH FLORIDA 33160,Condominium,Issued,No,01-31-2027
CR23004136,"LAKES OF THE MEADOW VILLAGE HOMES CONDOMINIUM NO. SEVEN MAINTENANCE ASSOCIATION, INC.",4860 SW 152 PL MIAMI FLORIDA 33185,Condominium,Issued,No,01-31-2027
CR23004137,"LAKES OF THE MEADOW VILLAGE HOMES CONDOMINIUM NO. EIGHT MAINTENANCE ASSOCIATION, INC.",15060 SW 49 LN MIAMI FLORIDA 33185,Condominium,Issued,No,01-31-2027
CR23004138,"LAKES OF THE MEADOW VILLAGE HOMES CONDOMINIUM NO. NINE MAINTENANCE ASSOCIATION, INC.",15025 SW 49 LN MIAMI FLORIDA 33185,Condominium,Issued,No,01-31-2027
CR23004139,"CANVAS CONDOMINIUM ASSOCIATION, INC.","1600 NE 1ST AVENUE, MIAMI FLORIDA 33132",Condominium,Issued,No,01-31-2027
CR23004140,"CORONET CONDOMINIUM ASSOCIATION, INC.",900 JEFFERSON AVENUE MIAMI BEACH FL 33139,Condominium,Issued,No,01-31-2027
CR23004141,"CAZADORES NORTH HOMEOWNER'S ASSOCIATION, INC.",137 CT SW 169 LN MIAMI FLORIDA 33186,Homeowner,Issued,No,01-31-2027
CR23004142,"HERITAGE CONDOMINIUM ASSOCIATION, INC.",645 NE 121ST ST NORTH MIAMI FLORIDA 33161,Condominium,Expired,Yes,02-01-2024
CR23004143,"ISLAND ESTATES HOMEOWNERS ASSOCIATION, INC.",5500 ISLAND ESTATES DRIVE AVENTURA FL 33160,Homeowner,Issued,No,01-31-2027
CR23004144,"NORTH TOWER AT THE POINT CONDOMINIUM ASSOCIATION, INC.",21205 YACHT CLUB DR AVENTURA FL 33180,Condominium,Issued,No,01-31-2027
CR23004145,"900 MERIDIAN CONDO ASSN, INC",900 MERIDIAN AVE MIAMI BEACH FL 33140,Condominium,Issued,No,01-31-2027
CR23004147,"ISLAND ESTATES MARINA ASSOCIATION, INC.",5500 ISLAND ESTATES DRIVE AVENTURA FL 33160,Homeowner,Issued,No,01-31-2027
CR23004148,"TWO ISLANDS MAINTENANCE ASSOCIATION, INC.",5500 ISLAND ESTATES DR AVENTURA FL 33160,Master Association,Issued,No,01-31-2027
CR23004149,"THE HORIZONS WEST 8 CONDOMINIUM ASSOCIATION, INC.",14275 SW 142 AVE. MIAMI FLORIDA 33186,Condominium,Issued,No,01-31-2027
CR23004150,"MURANO GRANDE AT PORTOFINO CONDOMINIUM ASSOCIATION, INC.",400 ALTON ROAD MIAMI FL 33122,Condominium,Issued,No,01-31-2027
CR23004151,"KENDALL VILLAGE TOWNVILLAS, A CONDOMINIUM ASSOCIATION, INC.",14275 SW 142 AVE MIAMI FL 33186,Condominium,Issued,No,01-31-2027
CR23004152,"BRICKELL BAY PLAZA MASTER ASSOCIATION, INC.",1101 BRICKELL AVENUE MIAMI FLORIDA 33131,Master Association,Issued,No,01-31-2027
CR23004153,"ADMIRAL'S PORT CONDOMINIUM ASSOCIATION, INC.",2851 NE 183RD ST AVENTURA FL 33160,Condominium,Issued,No,01-31-2027
CR23004154,"SPIAGGIA OCEAN CONDOMINIUM ASSOCIATION, INC.",8200 NW 33RD STREET SUITE 300 DORAL FL 33122-1901,Condominium,Issued,No,01-31-2027
CR23004156,"SHORES PLAZA EAST CONDOMINIUM, INC.",745 NE 91ST ST MIAMI SHORES FL 33138,Condominium,Expired,Yes,01-31-2026
CR23004157,"BRIDGEPOINT HOMEOWNERS ASSOCIATION, INC.",7055 SW 56 ST MIAMI FL 33155,Homeowner,Issued,No,01-31-2027
CR23004158,"THE HORIZONS CONDOMINIUM NO. 1 ASSOCIATION, INC",8035 SW 107 AV. MIAMI FLORIDA 33173,Condominium,Issued,No,01-31-2027
CR23004159,"THE DOUGLAS CONDOMINIUM ASSOCIATION, INC.",669 SW 37 AVE MIAMI FL 33145,Condominium,Issued,No,01-31-2027
CR23004160,"THE HORIZONS CONDOMINIUM NO. 2 ASSOCIATION, INC",8025 SW 107 AV. MIAMI FLORIDA 33173,Condominium,Issued,No,01-31-2027
CR23004161,"THE HORIZONS CONDOMINIUM NO.3 ASSOCIATION, INC",8045 SW 107 AV. MIAMI FLORIDA 33173,Condominium,Issued,No,01-31-2027
CR23004162,"THE HORIZONS CONDOMINIUM NO.4 ASSOCIATION, INC",8015 SW 107 AVE MIAMI FLORIDA 33173,Condominium,Issued,No,01-31-2027
CR23004163,"235 ANTILLA CONDOMINIUM ASSOCIATION, INC.",235 ANTILLA AVE CORAL GABLES FL 33134,Condominium,Issued,No,01-31-2027
CR23004164,"THE HORIZONS CONDOMINIUM NO. 5 ASSOCIATION, INC",8065 SW 107 AV. MIAMI FLORIDA 33173,Condominium,Issued,No,01-31-2027
CR23004166,"THE HORIZONS CONDOMINIUM NO. 6 ASSOCIATION, INC",8005 SW 107 AV. MIAMI FLORIDA 33173,Condominium,Issued,No,01-31-2027
CR23004167,"THE HORIZONS CONDOMINIUM NO. 7 ASSOCIATION, INC",8075 SW 107 AV. MIAMI FLORIDA 33173,Condominium,Issued,No,01-31-2027
CR23004168,"TROPIC FAIR CONDOMINIUMS ASSOCIATION, INC.",4550 SW 67 AVE MIAMI LAKES FLORIDA 33016,Master Association,Expired,Yes,01-31-2025
CR23004169,"WESTLAKE VILLAS CONDOMINIUM ASSOCIATION, INC.",401 NW 107TH AVENUE DORAL FLORIDA 33172,Condominium,Issued,No,01-31-2027
CR23004171,"GLADEWIND HEIGHTS HOMEOWNERS ASSOCIATION, INC.",11256 SW 90TH LANE MIAMI FL 33176,Homeowner,Issued,No,01-31-2027
CR23004172,"PARC CENTRAL AVENTURA EAST CONDOMINIUM ASSOCIATION, INC.",3300 NE 191 STREET AVENTURA FL 33180,Condominium,Issued,No,01-31-2027
CR23004173,"POINCIANA AT KENDALL II HOMEOWNERS ASSOCIATION, INC.",14275 SW 142 AVE MIAMI FLORIDA 33186,Homeowner,Issued,No,01-31-2027
CR23004174,"WEST BAY GARDENS CONDOMINIUM ASSOCIATION, INC.",1665 BAY ROAD MIAMI BEACH FL 33139,Condominium,Issued,No,01-31-2027
CR23004175,"SPICEWOOD OWNERS ASSOCIATION, INC.",VICINITY OF 11057 SW 238 TER HOMESTEAD FL 33177,Homeowner,Issued,No,01-31-2027
CR23004176,"SUNSET BAY COMMUNITY ASSOCIATION, INC.",14275 SW 142 AVENUE MIAMI FL 33193,Homeowner,Issued,No,01-31-2027
CR23004177,"REDLAND REEF HOMEOWNERS ASSOCIATION, INC",2102 NW 15 TER HOMESTEAD FL 33030,Homeowner,Issued,No,01-31-2027
CR23004178,"LA RIVE GAUCHE CONDOMINIUM ASSOCIATION, INC.",5880 COLLINS AVE MIAMI BEACH FL 33140,Condominium,Issued,No,01-31-2027
CR23004179,"MAJORCA PLAZA CONDOMINIUM 1 ASSOCIATION, INC.",37 MAJORCA AVE CORAL GABLES FL 33134,Condominium,Issued,No,01-31-2027
CR23004180,"SUNSET LAKE ESTATES II HOMEOWNERS ASSOCIATION, INC.",14275 SW 142 AVE. MIAMI FLORIDA 33186,Homeowner,Issued,No,01-31-2027
CR23004182,"BAHAMA HOUSE, A CONDOMINIUM ASSOCIATION INC.",201-203 SUNRISE DRIVE KEY BISCAYNE FL 33149,Condominium,Issued,No,01-31-2027
CR23004183,"BAY PARK TOWERS CONDOMINIUM ASSOCIATION, INC.",3301 NE 5 AVE MIAMI FL 33137,Condominium,Issued,No,01-31-2027
CR23004184,"VILLA VENEZIA, A CONDOMINIUM ASSOCIATION INC.",1361 SW 124 CT MIAMI FL 33184,Condominium,Issued,No,01-31-2027
CR23004185,"THE TOWNS AT GRAND LAKES II HOMEONWERS ASSOCIATION, INC",4252 SW 166TH CT MIAMI FL 33185,Homeowner,Issued,No,01-31-2027
CR23004186,"LAKEVIEW AT THE HAMMOCKS CONDOMINIUM ""A"" ASSOCIATION, INC.",9701 HAMMOCKS BLVD MIAMI FL 33196,Homeowner,Issued,No,01-31-2027
CR23004187,LAKEVIEW AT THE HAMMOCKS CONDO B ASN INC,9731 HAMMOCKS BLVD MIAMI FL 33196,Homeowner,Issued,No,01-31-2027
CR23004188,"SUNNY SHORES CONDOMINIUM, INC.",3716 NE 168 ST NORTH MIAMI BEACH FL 33160-3511,Condominium,Issued,No,01-31-2027
CR23004189,"LAKEVIEW AT THE HAMMOCKS CONDOMINIUM ""C"" ASSOCIATION, INC.",14373 SW 142 STREET MIAMI FL 33186,Homeowner,Issued,No,01-31-2027
CR23004190,LAKEVIEW AT THE HAMMOCKS CONDO D ASSN,14373 SW 142 STREET MIAMI FL 33186,Homeowner,Issued,No,01-31-2027
CR23004191,"LAKEVIEW AT THE HAMMOCKS CONDOMINIUM ""E"" ASSOCIATION, INC.",9729 HAMMOCKS BLVD MIAMI FL 33196,Homeowner,Issued,No,01-31-2027
CR23004192,"LA ARBOLEDA VILLAGE CONDOMINIUM ASSOCIATION, INC.",10561 NW 7 TERR DORAL FL 33172,Condominium,Issued,No,01-31-2027
CR23004194,BLEAU FONTAINE COMMUNITY ASSOCIATION INC,9401 FOUNTAINBLEAU BLVD MIAMI FLORIDA 33172,Master Association,Issued,No,01-31-2027
CR23004195,"THE COURTS AT BAYSHORE I CONDOMINIUM ASSOCIATION, INC.",22711 SW 88 PL MIAMI FLORIDA 33186,Condominium,Issued,No,01-31-2027
CR23004196,"FRESNO AT THE VINEYARDS HOMEOWNERS ASSOCIATION, INC.",14275 SW 142 AVE MIAMI FLORIDA 33186,Homeowner,Issued,No,01-31-2027
CR23004197,"MIMOSA CONDOMINIUM ASSOCIATION,INC",4747 COLLINS AVENUE MIAMI BEACH FL 33140-3219,Condominium,Issued,No,01-31-2027
CR23004198,"PINE LAKE VILLAGE CONDOMINIUM ASSOCIATION, INC.",8883 FONTAINEBLEAU BLVD MIAMI FLORIDA 33172,Condominium,Issued,No,01-31-2027
CR23004199,"THE COURTS AT BAYSHORE II CONDOMINIUM ASSOCIATION, INC.",VICINITY OF 22421 SW 88 PL MIAMI FLORIDA 33190,Condominium,Expired,Yes,01-31-2026
CR23004201,"LIDO BAY MANOR CONDOMINIUM ASSOCIATION, INC",1631 NE 114TH ST MIAMI FL 33131,Condominium,Issued,No,01-31-2027
CR23004202,"MARSEILLES HOMEOWNERS' ASSOCIATION, INC.",1205 MARSEILLES DRIVE MIAMI BEACH FLORIDA 33141,Condominium,Issued,No,01-31-2027
CR23004203,"KENDALLTOWN HOMEOWNERS ASSOCIATION, INC.",10333 SW 76 STREET MIAMI FLORIDA 33173,Homeowner,Issued,No,01-31-2027
CR23004205,INDIAN SUMMER VILLAGE II CONDO ASSN INC,435 WEST PARK DRIVE MIAMI FL 33172,Condominium,Issued,No,01-31-2027
CR23004207,"SIERRA AT THE VINEYARDS HOMEOWNERS ASSOCIATION, INC.",14275 SW 142 AVE MIAMI FLORIDA 33186,Homeowner,Issued,No,01-31-2027
CR23004208,"DORAL PARK COUNTRY CLUB VILLAS CONDOMINIUM NO. 8 ASSOCIATION, INC.",4760 NW 102 AVE DORAL FL 33178,Condominium,Issued,No,01-31-2027
CR23004210,CAPRI GARDENS CONDOMINIUM INC,12037 NE 2ND AVE NORTH MIAMI FL 33161,Condominium,Issued,No,01-31-2027
CR23004211,"BRIDGEPORT VILLAS ASSOCIATION, INC",125 CT SW 143 LANE MIAMI FL 33186,Homeowner,Issued,No,01-31-2027
CR23004212,"FIJI CONDOMINIUM NO. 1 ASSOCIATION, INC.",171 NE 30 RD HOMESTEAD FL 33033,Condominium,Issued,No,01-31-2027
CR23004213,"FIJI CONDOMINIUM NO. 2 ASSOCIATION, INC.",171 NE 30 RD HOMESTEAD FLORIDA 33033,Condominium,Issued,No,01-31-2027
CR23004214,"BELLA VISTA MID-RISE NORTH CONDOMINIUM ASSOCIATION, INC.",20165 NE 39TH PL AVENTURA FL 33180,Condominium,Issued,No,01-31-2027
CR23004216,"COURTYARDS AT DEERWOOD CONDOMINIUMS ASSOCIATION I, INC.",14695 SW 122 PL MIAMI FLORIDA 33186,Condominium,Issued,No,01-31-2027
CR23004217,"LINDBERGH'S LANDING HOMEOWNER'S ASSOCIATION,INC.",18300 SW 158 ST MIAMI FL 33187,Homeowner,Issued,No,01-31-2027
CR23004218,"MADISON DOWNTOWN CONDOMINIUM ASSOCIATION, INC.",800 NORTH MIAMI AVE MIAMI FL 33136,Condominium,Issued,No,01-31-2027
CR23004219,"LAKEVIEW AT THE HAMMOCKS CONDOMINIUM ""F"" ASSOCIATION, INC.",14373 SW 142 ST MIAMI FL 33186,Homeowner,Issued,No,01-31-2027
CR23004220,"LAKEVIEW AT THE HAMMOCKS CONDOMINIUM ""G"" ASSOCIATION, INC.",14373 SW 142 STREET MIAMI FL 33186,Homeowner,Issued,No,01-31-2027
CR23004221,"LAKEVIEW AT THE HAMMOCKS CONDOMINIUM ""H"" ASSOCIATION, INC.",9721 HAMMOCKS BLVD MIAMI FL 33196,Homeowner,Issued,No,01-31-2027
CR23004222,"LAKEVIEW AT THE HAMMOCKS CONDOMINIUM I ASSOCIATION, INC.",9715 HAMMOCKS BLVD MIAMI FL 33196,Homeowner,Issued,No,01-31-2027
CR23004223,"LAKEVIEW AT THE HAMMOCKS CONDOMINIUM J ASSOCIATION, INC.",14373 SW 142 STREET MIAMI FL 33186,Homeowner,Issued,No,01-31-2027
CR23004224,"COMMODORE BAY CONDOMINIUM ASSOCIATION (DADE COUNTY), INC.",1402 BRICKELL BAY DR MIAMI FL 33131,Condominium,Issued,No,01-31-2027
CR23004225,"CORNERS OF KENDALL LAKES TOWNHOUSE CONDOMINIUM ASSOCIATION, INC.",8005 SW 150 AVE MIAMI FL 33193,Condominium,Issued,No,01-31-2027
CR23004226,"VISTA DEL LAGO I CONDOMINIUM ASSOCIATION, INC.",9911 W OKEECHOBEE ROAD HIALEAH GARDENS FL 33016,Condominium,Issued,No,01-31-2027
CR23004227,"SOMI SUBDIVISION HOMEOWNERS ASSOCIATION, INC.",6888 NW 80 ST. MIAMI FL 33143,Homeowner,Issued,No,01-31-2027
CR23004228,"THE GREENS CONDOMINIUM ASSOCIATION, INC.",210 FONTAINEBLEAU BLVD MIAMI FL 33172,Condominium,Issued,No,01-31-2027
CR23004229,"PARK LAKE VILLAGE CONDOMINIUM ASSOCIATION, INC.",200-350 WEST PARK DR MIAMI FL 33172,Condominium,Issued,No,01-31-2027
CR23004230,"LAGUNA CONDOMINIUM ASSOCIATION, INC.",270 NW 71ST AVENUE MIAMI FLORIDA 33126,Condominium,Issued,No,01-31-2027
CR23004231,"LAGUNA CLUB EAST CONDOMINIUM, INC.",320 NW 107 AVENUE MIAMI FLORIDA 33172,Condominium,Issued,No,01-31-2027
CR23004232,"MAJORCA ISLES I CONDOMINIUM ASSOCIATION, INC.",VICINITY OF 21429 NW 13 CT MIAMI FLORIDA 33169,Condominium,Expired,Yes,01-31-2026
CR23004233,"THE TOWNHOUSES AT KILLIAN PINES ASSOCIATION, INC.",11775 SW 106 TERRACE MIAMI FLORIDA 33186,Homeowner,Issued,No,01-31-2027
CR23004234,"MAJORCA ISLES II CONDOMINIUM ASSOCIATION, INC.",21015 NW 14 PLACE PEMBROKE PINES FL 33169,Condominium,Expired,Yes,01-31-2026
CR23004235,"MAJORCA ISLES III CONDOMINIUM ASSOCIATION, INC.",21015 NW 14TH PLACE MIAMI FL 33169,Condominium,Issued,No,01-31-2027
CR23004236,"BRICKELL 25, INC. A CONDOMINIUM ASSOCIATION",145 SE 25TH RD MIAMI FL 33129,Homeowner,Issued,No,01-31-2027
CR23004237,"LAGO MAR NORTH HOMEOWNERS ASSOCIATION, INC.",7283 SW 159 AVENUE MIAMI FL 33193,Homeowner,Issued,No,01-31-2027
CR23004238,"BILTMORE COURT VILLAS CONDOMINIUM ASSOCIATION, INC.",2600 CARDENA STREET CORAL GABLES FL 33134,Homeowner,Issued,No,01-31-2027
CR23004239,"SIENA RESERVE MASTER ASSOCIATION, INC.",14275 SW 142 AVE MIAMI FLORIDA 33186,Master Association,Issued,No,01-31-2027
CR23004240,"LEJEUNE PLACE CONDOMINIUM ASSOCIATION, INC.",115 SW 42 AVENUE MIAMI FL 33134,Condominium,Issued,No,01-31-2027
CR23004241,"ABBOTT GARDENS CONDOMINIUM ASSOCIATION, INC.",8101 BYRON AVE MIAMI BEACH FLORIDA 33141,Condominium,Expired,Yes,01-31-2025
CR23004242,"LENNAR SPANISH LAKES HOMEOWNERS ASSOCIATION, INC.",19442 NW 78 PLACE PEMBROKE PINES FL 33015,Homeowner,Issued,No,01-31-2027
CR23004243,"MAJORCA ISLES IV CONDOMINIUM ASSOCIATION, INC.",20901 NW 14 PL MIAMI FL 33169,Condominium,Expired,Yes,01-31-2026
CR23004244,"MAJORCA ISLES V CONDOMINIUM ASSOCIATION, INC.",21401 NW 13 CT MIAMI FLORIDA 33169,Condominium,Expired,Yes,01-31-2026
CR23004245,"THE MANSIONS AT DORAL COMMUNITY ASSOCIATION, INC.",6805 NW 107TH AVE DORAL FL 33178,Homeowner,Issued,No,01-31-2027
CR23004246,"THE RESERVE AT DORAL WEST COMMUNITY ASSOCIATION, INC",11425 NW 74 TERRACE DORAL FL 33178,Homeowner,Issued,No,01-31-2027
CR23004247,"ARAGON PLAZA CONDOMINIUM ASSOCIATION, INC.",1010 NW 11TH ST MIAMI FL 33136,Homeowner,Issued,No,01-31-2027
CR23004249,"THE JEFFERSON CONDOMINIUM ASSOCIATION, INC.",401 JEFFERSON AVE MIAMI BEACH FL 33139,Condominium,Issued,No,01-31-2027
CR23004250,"BRICKELL TERRACE CONDOMINIUM ASSOCIATION, INC",1918 BRICKELL AVE MIAMI FLORIDA 33129,Condominium,Issued,No,01-31-2027
CR23004251,"THE MANHATTAN CONDOMINIUM ASSOCIATION, INC.",900 4TH ST MIAMI BEACH FL 33139,Condominium,Issued,No,01-31-2027
CR23004252,"CHATEAUBLEU AT THE HAMMOCKS CONDOMINIUM ASSOCIATION, INC.",175 FOUNTAINEBLEAU BLVD. SUITE 2-M5 MIAMI FL 33172,Condominium,Issued,No,01-31-2027
CR23004253,"BRICKELL WOODS TOWNHOUSE ASSOCIATION, INC.",2180 BRICKELL AVE MIAMI FL 33129,Homeowner,Issued,No,01-31-2027
CR23004254,"LA MAISON TOWNHOMES HOMEOWNERS' ASSOCIATION, INC.",15557 SW 111TH TERRACE MIAMI FLORIDA 33196,Homeowner,Issued,No,01-31-2027
CR23004255,"KEN MAE GARDEN CONDOMINIUM ASSOCIATION, INC",1241 14TH STREET MIAMI BEACH FL 33139,Condominium,Issued,No,01-31-2027
CR23004257,CORAL WEST VILLAS ASSOCIATION INC.,5901 NW 151ST STREET MIAMI LAKES FL 33135,Condominium,Issued,No,01-31-2027
CR23004258,"1560 CORAL TERRACE CONDOMINIUM ASSOCIATION, INC.",1560 N.E. 127TH STREET NORTH MIAMI FLORIDA 33161,Condominium,Issued,No,01-31-2027
CR23004259,"CASA GRANDE TOWNHOMES CONDOMINIUM ASSOCIATION, INC.",1850 W 58 ST HIALEAH FLORIDA 33012,Condominium,Expired,Yes,01-31-2026
CR23004261,"29 SANTILLANE AVENUE CONDOMINIUM ASSOCIATION, INC.",29 SANTILLANE AVE CORAL GABLES FLORIDA 33134,Condominium,Issued,No,01-31-2027
CR23004262,"WATERWAY WEST CONDOMINIUM, INC",5901 NW 151ST STREET UNIT 100 HIALEAH FLORIDA 33014,Condominium,Issued,No,01-31-2027
CR23004263,"BLUE LAGOON CONDOMINIUM ASSOCIATION, INC.",5077 NW 7TH ST MIAMI FL 33126,Condominium,Issued,No,01-31-2027
CR23004264,"EL CAMINO REAL NORTH ASSOCIATION, INC.",840 SW 105 AVE MIAMI FLORIDA 33174,Condominium,Issued,No,01-31-2027
CR23004265,"WESTLAND PLAZA CONDOMINIUM ASSOCIATION, INC",5901 NW 151 STREET HIALEAH FLORIDA 33014,Condominium,Issued,No,01-31-2027
CR23004266,"LAKEVIEW AT THE HAMMOCKS CONDOMINIUM K ASSOCIATION, INC.",9711 HAMMOCKS BLVD MIAMI FL 33196,Homeowner,Issued,No,01-31-2027
CR23004267,"LAKEVIEW AT THE HAMMOCKS CONDOMINIUM L ASSOCIATION, INC.",14373 SW 142 STREET MIAMI FL 33186,Homeowner,Issued,No,01-31-2027
CR23004268,"LAKEVIEW AT THE HAMMOCKS CONDOMINIUM M ASSOCIATION, INC.",14373 SW 142 ST MIAMI FL 33186,Homeowner,Issued,No,01-31-2027
CR23004269,"LAKEVIEW AT THE HAMMOCKS CONDOMINIUM N ASSOCIATION, INC.",9707 HAMMOCKS BLVD MIAMI FL 33196,Homeowner,Issued,No,01-31-2027
CR23004270,"LAKEVIEW AT THE HAMMOCKS CONDOMINIUM O ASSOCIATION, INC.",9705 HAMMOCKS BLVD MIAMI FL 33196,Homeowner,Issued,No,01-31-2027
CR23004271,"LAKEVIEW AT THE HAMMOCKS CONDOMINIUM P ASSOCIATION, INC.",14373 SW 142 STREET MIAMI FL 33186,Homeowner,Issued,No,01-31-2027
CR23004272,"ELAN AT CALUSA CONDOMINIUM XV ASSOCIATION, INC.",8800 SW 130 CT MIAMI FLORIDA 33186,Condominium,Issued,No,01-31-2027
CR23004273,"ELAN AT CALUSA CONDOMINIUM VI ASSOCIATION, INC.",13012 SW 88TH LANE MIAMI FLORIDA 33173,Condominium,Issued,No,01-31-2027
CR23004274,"16700 CONDOMINIUM ASSOCIATION, INC.",5901 NW 151 ST MIAMI LAKES FLORIDA 33014,Condominium,Issued,No,01-31-2027
CR23004275,"CATALINA VILLAS CONDOMINIUM ASSOCIATION, INC.",5901 NW 151 STREET MIAMI LAKES FLORIDA 33014,Condominium,Issued,No,01-31-2027
CR23004276,"MANGO HILL CONDOMINIUM ASSOCIATION NO. 7, INC.",1163 W 39 TERRACE MIAMI LAKES FLORIDA 33012,Condominium,Issued,No,01-31-2027
CR23004277,"BUENAVISTA LAKES CONDOMINIUM ASSOCIATION, INC.",2655 WEST 52 STREET MIAMI LAKES FLORIDA 33014,Condominium,Issued,No,01-31-2027
CR23004278,"THE TOWNHOMES OF QUAYSIDE - LAKESIDE CONDOMINIUM ASSOCIATION, INC.","3785 NW 82ND AVE, SUITE #109 DORAL FL 33166",Condominium,Issued,No,01-31-2027
CR23004279,"ROYAL BAHAMIAN ASSOCIATION, INC.",1101 NE MIAMI GARDENS DR NMB FLORIDA 33179,Condominium,Expired,Yes,01-31-2025
CR23004280,"THE GARDENS OF KENDALL SOUTH CONDOMINIUM NO. 3 ASSOCIATION, INC.",10855 SW 112 AVE MIAMI FL 33176,Condominium,Issued,No,01-31-2027
CR23004281,"THE LEDGES CONDOMINIUM, INC.",8305 SW 72 AVE MIAMI FL 33143,Condominium,Expired,Yes,01-31-2026
CR23004282,"MARINA COVE AT HARBOR VILLAGE CONDOMINIUM ASSOCIATION, INC.",21388 MARINA COVE CIRCLE AVENTURA FLORIDA 33180,Condominium,Issued,No,01-31-2027
CR23004283,ACQUASTRADA CONDOMINIUM ASSOCIATION INC.,1777 VENICE LANE NORTH MIAMI FL 33181,Condominium,Issued,No,01-31-2027
CR23004284,BEACHWAY CONDOMINIUM ASSOCIATION OF MIAMI BEACH INC.,701 14 STREET MIAMI BEACH FL 33139,Condominium,Issued,No,01-31-2027
CR23004285,TERRACE EAST INCORPORATED,1400 PENNSYLVANIA AVE MIAMI BEACH FL 33139,Condominium,Issued,No,01-31-2027
CR23004286,"THE ELAINE CONDOMINIUM ASSOCIATION, INC.",1502 JEFFERSON AVENUE MIAMI BEACH FL 33139,Condominium,Issued,No,01-31-2027
CR23004288,VARADERO EN LA PEQUENA HAVANA CONDOMINIUM ASSOCIATION INC.,450 SW 3 STREET MIAMI FLORIDA 33130,Condominium,Issued,No,01-31-2027
CR23004290,"RACQUET CLUB OF KENDALE LAKES CONDOMINIUM ASSOCIATION, INC.",14201 SW 66 ST MIAMI FLORIDA 33183,Condominium,Expired,Yes,01-31-2026
CR23004291,"GARDEN FRONT VILLAS CONDOMINIUM ASSOCIATION, INC",3901 SW 109 AVE MIAMI FLORIDA 33165,Condominium,Issued,No,01-31-2027
CR23004292,"FLORIDA 2001 CONDOMINIUM ASSOCIATION, INC.",11755 SW 18TH ST MIAMI FL 33175,Condominium,Issued,No,01-31-2027
CR23004293,"THE ROYAL CLUB CONDOMINIUM ASSOCIATION, INC.",2457 COLLINS AVE MIAMI BEACH FL 33140,Condominium,Issued,No,01-31-2027
CR23004294,"APEX AT PARK CENTRAL CONDOMINIUM NO. 4 ASSOCIATION, INC.",13595 SW 134TH AVE STE 108 MIAMI FLORIDA 33186,Condominium,Issued,No,01-31-2027
CR23004295,"THE COURTS AT BAYSHORE MASTER ASSOCIATION, INC.",13595 SW 134TH AVE STE 108 MIAMI FLORIDA 33186,Master Association,Issued,No,01-31-2027
CR23004297,"CARIBBEAN SPRING VILLAGE CONDOMINIUM ASSOCIATION, INC.","10887 NW 17TH ST, MIAMI FL 33172",Condominium,Issued,No,01-31-2027
CR23004299,"WESTLAND PARK TOWNHOMES ASSOCIATION, INC",5365-5435 W 22 CT HIALEAH FLORIDA 33016,Condominium,Issued,No,01-31-2027
CR23004300,"NARANJA LAKES CONDOMINIUM NO. FIVE, INC",14830 NARANJA LAKES BLVD HOMESTEAD FLORIDA 33032,Condominium,Issued,No,01-31-2027
CR23004301,"VILLAS SAN MIGUEL CONDOMINIUM ASSOCIATION, INC.",399 NW 72ND AVENUE MIAMI FLORIDA 33126,Condominium,Expired,Yes,01-31-2025
CR23004303,"HAVANA GROVE CONDOMINIUM ASSOCIATION, INC.",537 SW 2ND STREET MIAMI FLORIDA 33130,Condominium,Issued,No,01-31-2027
CR23004305,"SOUTH WINDS CONDOMINIUM ASSOCIATION, INC.",10887 NW 17 ST SUITE 202 MIAMI FL 33172,Condominium,Issued,No,01-31-2027
CR23004306,"NORTH GARDEN VILLAS, INC., A CONDOMINIUM",13952 NE 4TH AVE MIAMI FLORIDA 33161,Condominium,Issued,No,01-31-2027
CR23004308,"INDIAN LAKE VILLAGE II CONDOMINIUM ASSOCIATION, INC.",10887 N.W. 17 STREET SUITE 202 MIAMI FL 33172,Condominium,Issued,No,01-31-2027
CR23004309,"BLEAU FONTAINE CONDOMINIUM ASSOCIATION NUMBER THREE, INC.",10887 N.W. 17 STREET SUITE 202 MIAMI FL 33172,Condominium,Issued,No,01-31-2027
CR23004310,"JASMINE AT THE HAMMOCKS ASSOCIATION, INC.",15230 SW 109 TER MIAMI FL 33196,Homeowner,Issued,No,01-31-2027
CR23004311,"THE SB MANOR HOUSE CONDOMINIUM ASSOCIATION, INC.",748-752 EUCLID AVENUE MIAMI BEACH FL 33139,Condominium,Issued,No,01-31-2027
CR23004312,SANDPIPER VILLAS CO-OP APTS INC.,1130 VENETIAN WAY MIAMI FLORIDA 33139,Cooperative,Expired,Yes,02-01-2024
CR23004314,"SUMMIT CHASE CONDOMINIUM ASSOCIATION, INC.",8503 N.W. 8TH STREET MIAMI FL 33126,Condominium,Issued,No,01-31-2027
CR23004317,"IVI, A CONDOMINIUM ASSOCIATION, INC.",1661 WEST 42 STREET MIAMI LAKES FLORIDA 33012,Condominium,Issued,No,01-31-2027
CR23004318,"PASEO REAL CONDOMINIUM ASSOCIATION, INC.",10300 SUNSET DR MIAMI FLORIDA 33173,Condominium,Issued,No,01-31-2027
CR23004320,"PATIOS WEST ONE CONDOMINIUM ASSOCIATION, INC.",11135 NW 7TH ST MIAMI FL 33172,Condominium,Issued,No,01-31-2027
CR23004321,SUNSET PARK TOWN HOUSES ASSOCIATION. INC.,8018-A SW 103 AVENUE MIAMI FL 33173,Homeowner,Issued,No,01-31-2027
CR23004322,"ETHEREAL GARDENS-II CONDOMINIUM ASSOCIATION, INC.",114 NW 95 CT MIAMI FL 33126,Condominium,Issued,No,01-31-2027
CR23004323,PATIO GRANDE II TOWNHOMES CONDOMINIUM ASSOCIATION INC.,500 NW 109 AVE. MIAMI FL 33172,Condominium,Issued,No,01-31-2027
CR23004326,"KEYS GATE CONDOMINIUM NO. ONE ASSOCIATION, INC.",1541 SE 12 AVE HOMESTEAD FLORIDA 33034,Condominium,Issued,No,01-31-2027
CR23004328,"MAGNOLIA LANE CONDOMINIUM ASSOCIATION, INC.",7401 SW 152 AVE MIAMI FL 33193,Condominium,Issued,No,01-31-2027
CR23004329,"CASA GRANDE I TOWERS CONDOMINIUM ASSOCIATION, INC.",104 SW 9 STREET MIAMI FL 33130,Condominium,Expired,Yes,01-31-2025
CR23004330,"398 NE 5TH STREET CONDOMINIUM ASSOCIATION, INC.",398 NE 5TH STREET MIAMI FL 33132,Condominium,Issued,No,01-31-2027
CR23004331,"KEYS GATE CONDOMINIUM NO TWO ASSOCIATION, INC",1541 SE 12 AVE HOMESTEAD FLORIDA 33034,Condominium,Issued,No,01-31-2027
CR23004332,"KEYS GATE CONDOMINIUM NO. THREE ASSOCIATION, INC.",1541 SE 12 AVE HOMESTEAD FLORIDA 33034,Condominium,Issued,No,01-31-2027
CR23004333,"THE SHAMROCK CONDOMINIUM ASSOCIATION, INC.",12615 S.W. 91ST STREET MIAMI FLORIDA 33186,Condominium,Issued,No,01-31-2027
CR23004334,KEYS GATE CONDOMINIUM FOUR ASSOCIATION INC,1541 SE 12 AVE SUITE 37 HOMESTEAD FLORIDA 33034,Condominium,Issued,No,01-31-2027
CR23004335,"KEYS GATE CONDOMINIUM NO. FIVE ASSOCIATION, INC.",1541 SE 12 AVE HOMESTEAD FLORIDA 33034,Condominium,Issued,No,01-31-2027
CR23004336,"DIAMOND CONDOMINIUM ASSOCIATION OF MIAMI, INC.",5600 NW 6 ST MIAMI FLORIDA 33126,Condominium,Issued,No,01-31-2027
CR23004337,"KEYS GATE CONDOMINIUM NO. SIX ASSOCIATION, INC.",1541 SE 12 AVE HOMESTEAD FLORIDA 33034,Condominium,Issued,No,01-31-2027
CR23004338,"KEYS GATE CONDOMINIUM NO. EIGHT ASSOCIATION, INC.",1541 SE 12 AVE HOMESTEAD FLORIDA 33034,Condominium,Issued,No,01-31-2027
CR23004339,"TOWNGATE CONDOMINIUM ONE ASSOCIATION, INC.",1541 SE 12 AVE SUITE 37 HOMESTEAD FLORIDA 33034,Condominium,Issued,No,01-31-2027
CR23004340,"TOWNGATE CONDOMINIUM TWO ASSOCIATION, INC.",1541 SE 12 AVE HOMESTEAD FLORIDA 33034,Condominium,Issued,No,01-31-2027
CR23004341,"TOWNGATE CONDOMINIUM THREE ASSOCIATION, INC.",1541 SE 12 AVE HOMESTEAD FLORIDA 33034,Condominium,Issued,No,01-31-2027
CR23004342,"TOWNGATE CONDOMINIUM FOUR ASSOCIATION , INC",1541 SE 12 AVE HOMESTEAD FLORIDA 33034,Condominium,Issued,No,01-31-2027
CR23004343,"TOWNGATE CONDOMINIUM FIVE ASSOCIATION, INC.",1541 SE 12 AVE HOMESTEAD FLORIDA 33034,Condominium,Issued,No,01-31-2027
CR23004344,"TOWNGATE CONDOMINIUM SIX ASSOCIATION, INC.",1541 SE 12 AVE HOMESTEAD FLORIDA 33034,Condominium,Issued,No,01-31-2027
CR23004345,"TOWNGATE CONDOMINIUM SEVEN ASSOCIATION, INC.",VICINITY OF 2301 SE 24 CT HOMESTEAD FLORIDA 33034,Condominium,Expired,Yes,01-31-2026
CR23004346,"TOWNGATE CONDOMINIUM EIGHT ASSOCIATION, INC.",1541 SE 12 AVE SUITE 37 HOMESTEAD FLORIDA 33034,Condominium,Issued,No,01-31-2027
CR23004347,TOWNGATE CONDO NINE ASSOCIATION INC,1541 SE 12 AVE SUITE 37 HOMESTEAD FLORIDA 33034,Condominium,Issued,No,01-31-2027
CR23004348,"TOWNGATE CONDOMINIUM TEN ASSOCIATION, INC.",1541 SE 12 AVE HOMESTEAD FLORIDA 33034,Condominium,Issued,No,01-31-2027
CR23004349,"TOWNGATE CONDOMINIUM ELEVEN ASSOCIATION, INC.",1541 SE 12 AVE HOMESTEAD FLORIDA 33034,Condominium,Issued,No,01-31-2027
CR23004350,TOWNGATE CONDO THIRTEEN ASSOCIATION INC,1541 SE 12 AVE SUITE 37 HOMESTEAD FLORIDA 33034,Condominium,Issued,No,01-31-2027
CR23004351,AUGUSTA GREENS CONDOMINIUM ASSOCIATION INC,1541 SE 12 AVE SUITE 37 HOMESTEAD FLORIDA 33034,Condominium,Issued,No,01-31-2027
CR23004352,"CELEBRATION POINT MASTER ASSOCIATION, INC.",15517 MIAMI LAKEWAY N MIAMI LAKES FLORIDA 33014,Master Association,Issued,No,01-31-2027
CR23004353,"TOWNGATE CONDOMINIUM TWELVE ASSOCIATION, INC.",1541 SE 12 AVE HOMESTEAD FLORIDA 33034,Condominium,Issued,No,01-31-2027
CR23004355,"1005 MERIDIAN CONDOMINIUM ASSOCIATION, INC",1005 MERIDIAN AVE. MIAMI BEACH FL 33139-2550,Condominium,Issued,No,01-31-2027
CR23004357,"BLEAU GROTTO CONDOMINIUM ASSOCIATION, INC.",10887 N.W. 17 STREET # 202 MIAMI FL 33172,Condominium,Issued,No,01-31-2027
CR23004359,"GREENTREE CONDOMINIUMS ASSOCIATION, INC.",6801 SW 129TH AVE MIAMI FL 33183,Condominium,Issued,No,01-31-2027
CR23004360,VILLAS AT SOUTH BEACH CONDOMINIUM ASSOCIATION INC.,1680 MICHIGAN AVE SUITE 1001 MIAMI BEACH FL 33139,Condominium,Issued,No,01-31-2027
CR23004362,LUXURY CONDOMINIUMS INC,10901 N. KENDALL DRIVE MIAMI FL 33176,Condominium,Issued,No,01-31-2027
CR23004363,MIAMI SHORES CONDOMINIUM ASSOCIATION INC,9020 NE 8 AVE MIAMI SHORES FL 33138,Condominium,Issued,No,01-31-2027
CR23004364,"KEYS GATE COMMUNITY ASSOCIATION, INC.",1541 SE 12 AVE HOMESTEAD FL 33034,Master Association,Issued,No,01-31-2027
CR23004365,"LLEONART BUILDING CONDOMINIUM ASSOCIATION, INC.",2800 SW 7TH STREET MIAMI FL 33135,Condominium,Issued,No,01-31-2027
CR23004366,"CAPTIVA LAKES VILLAS CONDOMINIUM ASSOCIATION, INC.",10887 NW 17TH STREET MIAMI FL 33172,Condominium,Issued,No,01-31-2027
CR23004367,"CALUSA CLUB VILLAGE CONDOMINIUM BLDG. A ASSOCIATION, INC.",10887 N.W. 17 STREET SUITE 202 MIAMI FL 33172,Condominium,Issued,No,01-31-2027
CR23004368,"PARKSIDE OF FONTAINEBLEAU CONDOMINIUM ASSOCIATION, INC.",10887 NW 17TH ST MIAMI FL 33172,Condominium,Issued,No,01-31-2027
CR23004370,"MARINA REAL CONDOMINIUM NO. 1 ASSOCIATION, INC.",12336 NW 11 LANE MIAMI FL 33182,Condominium,Issued,No,01-31-2027
CR23004371,"THE GABLES II TOWNHOMES CONDOMINIUM ASSOCIATION, INC.",8550 NW 3RD LANE MIAMI FL 33126,Condominium,Issued,No,01-31-2027
CR23004374,"POSITANO TOWNHOUSE CONDOMINIUM ASSOCIATION, INC.",600 76 STREET MIAMI BEACH FL 33141,Homeowner,Issued,No,01-31-2027
CR23004375,"FOREST LAKE PARADISE HOMEOWNERS' ASSOCIATION, INC.",16250 SW 56TH TER MIAMI FLORIDA 33193,Homeowner,Issued,No,01-31-2027
CR23004377,"MARINA REAL CONDOMINIUM NO. 4 ASSOCIATION, INC.",1146 NW 123 CT DORAL FL 33182,Condominium,Issued,No,01-31-2027
CR23004378,"LOS PALACIOS CONDOMINIUM ASSOCIATION, INC.",3355 W. 68 ST HIALEAH FLORIDA 33018,Condominium,Issued,No,01-31-2027
CR23004379,"APTH CONDOMINIUM ASSOCIATION, INC.",3057 N.E. 183RD LN AVENTURA FLORIDA 33179,Condominium,Issued,No,01-31-2027
CR23004380,"ELAN AT CALUSA CONDOMINIUM XI ASSOCIATION, INC.",8851 SW 131ST CT MIAMI FL 33186,Condominium,Issued,No,01-31-2027
CR23004381,"KENDALLWOOD VILLAS CONDOMINIUM ASSOCIATION, INC.",10555 SW 108TH AVE MIAMI FL 33176,Condominium,Issued,No,01-31-2027
CR23004384,"BELLA VILLAS A CONDOMINIUM ASSOCIATION, INC.",1300 W 47 PLACE HIALEAH FL 33012,Condominium,Issued,No,01-31-2027
CR23004385,"HIALEAH LAKES OFFICE PARK MASTER ASSOCIATION, INC.",9050 PINES BLVD STE 480 PEMBROKE PINES FLORIDA 33024,Master Association,Closed,Yes,02-01-2024
CR23004386,WATERVIEW CONDOMINIUM ASSOCIATION INC.,14900 SW 82 TER MIAMI FL 33193,Condominium,Issued,No,01-31-2027
CR23004388,"THE FOUNTAINS II CONDOMINIUM ASSOCIATION, INC.",15605 SW 74 CIRCLE DR MIAMI FLORIDA 33173,Condominium,Issued,No,01-31-2027
CR23004389,"POINCIANA AT KENDALL HOMEOWNERS' ASSOCIATION, INC.",11801 SW 92 LN MIAMI FLORIDA 33186,Homeowner,Issued,No,01-31-2027
CR23004390,"THE SAILS CONDOMINIUM ASSOCIATION, INC.",1401 BAY ROAD MIAMI BEACH FL 33139,Condominium,Issued,No,01-31-2027
CR23004392,"COCOWOOD CONDOMINIUM, INC",661 NE 195TH SREET NORTH MIAMI BEACH FL 33179,Condominium,Issued,No,01-31-2027
CR23004393,"DADELAND PARK CONDOMINIUM, INC.",7505 SW 82ND ST MIAMI FL 33143,Condominium,Issued,No,01-31-2027
CR23004395,"VILLAGE OF DORAL LAKES ASSOCIATION, INC.",14275 SW 142 AVE MIAMI FLORIDA 33186,Homeowner,Issued,No,01-31-2027
CR23004396,"CLUB ATLANTIS CONDOMINIUM ASSOCIATION, INC.",2555 COLLINS AVE MIAMI BEACH FL 33140,Condominium,Issued,No,01-31-2027
CR23004397,"LOS PINOS TOWNHOMES CONDOMINIUM ASSOCIATION,INC.",200 NW 71 AVE MIAMI FLORIDA 33126,Condominium,Issued,No,01-31-2027
CR23004398,"N & M TOWNHOUSE CONDOMINIUM ASSOCIATION, INC.",7528 SW 58TH AVE SOUTH MIAMI FL 33143,Condominium,Issued,No,01-31-2027
CR23004399,"SKY LAKE GARDENS NO.3,INC., A CONDOMINIUM",VICINITY OF 18558 NE 18 AVE MIAMI FL 33163,Condominium,Issued,No,01-31-2027
CR23004400,"EDEN POINT NORTH ASSOCIATION, INC.",4000 NE 170TH ST OFFICE NORTH MIAMI BEACH FL 33160,Condominium,Issued,No,01-31-2027
CR23004401,"VILLA ENCANTADA CONDOMINIUM NO. 2 ASSOCIATION, INC.",15751 SW 137 AVE MIAMI FL 33177,Condominium,Issued,No,01-31-2027
CR23004404,"VERSAILLES GARDENS II CONDOMINIUM ASSOCIATION, INC.",9430 W FLAGLER ST MIAMI FL 33174,Condominium,Issued,No,01-31-2027
CR23004405,"TOSCANO CONDOMINIUM ASSOCIATION, INC.",7350 SW 89TH ST MIAMI FL 33156,Condominium,Issued,No,01-31-2027
CR23004407,"THE GOLFVIEW CLUB AT FONTAINEBLEAU PARK, CONDOMINIUM #3, INC.",9686 FONTAINEBLEAU BOULEVARD MIAMI FL 33172,Condominium,Issued,No,01-31-2027
CR23004408,"BRIDGEPORT II TOWNHOUSE ASSOCIATION, INC.",2925 BRIDGEPORT AVENUE MIAMI FL 33133,Condominium,Issued,No,01-31-2027
CR23004409,"CAZADORES COVE HOMEOWNER'S ASSOCIATION, INC.",17080 SW 137 CT - ACCROSS MIAMI FLORIDA 33177,Homeowner,Issued,No,01-31-2027
CR23004410,"MIAMI LAKES LAKE CYNTHIA HOMEOWNERS' ASSOCIATION, INC.",14744 BRECKNESS PLACE MIAMI LAKES FL 33016,Homeowner,Issued,No,01-31-2027
CR23004411,"24 STREET CONDOMINIUM OWNERS, INC. (TWENTY-FOURTH STREET CONDOMINIUM)",1878 NW 24 STREET MIAMI FLORIDA 33142,Condominium,Issued,No,01-31-2027
CR23004412,"VILLA ENCANTADA NO. 3 ASSOCIATION, INC",15711 SW 137 AVE MIAMI FL 33177,Condominium,Issued,No,01-31-2027
CR23004413,"701 EUCLID GARDENS CONDOMINIUM ASSOCIATION, INC.",701 EUCLID AVENUE MIAMI BEACH FL 33139,Condominium,Issued,No,01-31-2027
CR23004414,"LA FONTANA HOMEOWNERS' ASSOCIATION, INC.",11700 SW 103 LANE MIAMI FL 33186,Homeowner,Issued,No,01-31-2027
CR23004415,"BARBADOS TOWNHOMES HOMEOWNERS' ASSOCIATION, INC.",11400 NW 69 TER MIAMI FLORIDA 33178,Homeowner,Expired,Yes,01-31-2026
CR23004416,"COMMODORE CENTRE CONDOMINIUM ASSOCIATION, INC.",3162 COMMODORE PLAZA MIAMI FL 33133,Condominium,Issued,No,01-31-2027
CR23004417,"FISHER ISLAND COMMUNITY ASSOCIATION, INC.",1 FISHER ISLAND DRIVE MIAMI FL 33109,Master Association,Issued,No,01-31-2027
CR23004418,"ASTORIA AT CENTRAL PARK NEIGHBORHOOD ASSOCIATION, INC.",102 AVE NW 88 TERR MIAMI FLORIDA 33186,Homeowner,Issued,No,01-31-2027
CR23004419,"THE FAIRWAY HOMES OF DORAL ESTATES HOMEOWNERS' ASSOCIATION, INC.",14275 SW 142 AVE MIAMI FLORIDA 33186,Homeowner,Issued,No,01-31-2027
CR23004420,"CHATEAUBLEAU VILLAS ASSOCIATION, INC",3878 SW 107 AVE. MIAMI FL 33165,Condominium,Issued,No,01-31-2027
CR23004421,"WALNUT PARK HOMEOWNERS' ASSOCIATION, INC",7440 SW 96 CT MIAMI FL 33173,Homeowner,Issued,No,01-31-2027
CR23004422,"VILLA ENCANTADA CONDOMINIUM NO. 1 ASSOCIATION, INC.",15721 SW 137 AVE MIAMI FL 33186,Condominium,Issued,No,01-31-2027
CR23004424,"MARINA REAL CONDOMINIUM NO. 5 ASSOCIATION, INC.",1192 NW 123 COURT MIAMI FL 33182,Condominium,Issued,No,01-31-2027
CR23004425,ALCALA PLAZA CONDOMINIUM,7466 NW 8TH ST MIAMI FL 33126,Condominium,Abandoned,No,
CR23004426,"PASEOS CASTELLANOS CONDOMINIUM ASSOCIATION, INC.",7466 NW 8TH STREET MIAMI FLORIDA 33126,Condominium,Abandoned,No,
CR23004428,"THE GARDENS AT KENDALE LAKES CONDOMINIUM ASSOCIATION, INC",7466 NW 8TH ST MIAMI FL 33126,Condominium,Abandoned,No,
CR23004429,"SUNSET OAKS HOMEOWNERS ASSOCIATION, INC.",114 PL SW 73 TERRACE MIAMI FLORIDA 33173,Homeowner,Issued,No,01-31-2027
CR23004430,"MARINA REAL CONDOMINIUM NO. 6 ASSOCIATION, INC.",1145 NW 123 COURT MIAMI FL 33182,Condominium,Issued,No,01-31-2027
CR23004431,"MADISON POINTE AT CENTRAL PARK NEIGHBORHOOD ASSOCIATION, INC.",14275 SW 142 AVE MIAMI FLORIDA 33186,Homeowner,Issued,No,01-31-2027
CR23004432,"SUNSET POINT OF SOUTH MIAMI CONDOMINIUM ASSOCIATION, INC.",5839 SW 74 TERRACE MIAMI FL 33143,Condominium,Issued,No,01-31-2027
CR23004433,CASA 40 CONDOMINIUM ASSOCIATION INC.,1061 MICHIGAN AVENUE MIAMI BEACH FL 33139,Condominium,Issued,No,01-31-2027
CR23004436,"DOUGLAS PLACE (MIAMI) CONDOMINIUM ASSOCIATION, INC.",60 NW 37 AVE MIAMI FL 33125,Condominium,Issued,No,01-31-2027
CR23004437,"THE SPRINGS CONDOMINIUM ASSOCIATION, INC.",465 S ROYAL POINCIANA MIAMI SPRINGS FL 33166,Condominium,Issued,No,01-31-2027
CR23004438,"JEFFERSON SOUTH SHORE CONDOMINIUM ASSOCIATION, INC.",631 JEFFERSON AVENUE MIAMI BEACH FLORIDA 33139,Condominium,Issued,No,01-31-2027
CR23004440,"AVENTI AT AVENTURA CONDOMINIUM ASSOCIATION, INC.",2901 NE 185TH STREET AVENTURA FL 33180,Condominium,Issued,No,01-31-2027
CR23004441,"LAGO LINDO TOWNVILLAS CONDOMINIUM ASSOCIATION, INC.",12350 SW 132 COURT # 114 MIAMI FL 33186,Condominium,Issued,No,01-31-2027
CR23004442,"APEX AT PARK CENTRAL CONDOMINIUM NO. 5 ASSOCIATION, INC.",7905 NW 104 AVE DORAL FLORIDA 33178,Condominium,Issued,No,01-31-2027
CR23004443,"GRAND BAY AT DORAL MASTER ASSOCIATION, INC.",8800 NW 100TH PLACE DORAL FL 33178,Master Association,Issued,No,01-31-2027
CR23004444,"COUNTRY WALK COUNTRY VILLAS ASSOCIATION, INC.",14601 COUNTRY WALK DRIVE MIAMI FL 33186,Homeowner,Issued,No,01-31-2027
CR23004445,TOWNGATE VILLAS HOMEOWNERS ASSOCIATION INC.,14275 SW 142ND AVE MIAMI FL 33186,Homeowner,Issued,No,01-31-2027
CR23004446,"KINGS COURT HOMEOWNERS ASSOCIATION, INC.",8600 SW 113 PLACE MIAMI FL 33173,Homeowner,Expired,Yes,01-31-2026
CR23004447,"CUTLER CREEK WEST HOMEOWNERS ASSOCIATION, INC.",14275 SW 142ND AVE MIAMI FL 33186,Homeowner,Issued,No,01-31-2027
CR23004448,"P.A. AT WEST KENDALL BEST HOMEOWNERS ASSOCIATION, INC.",14275 SW 142 AVE MIAMI FLORIDA 33186,Homeowner,Issued,No,01-31-2027
CR23004449,"ELAN AT CALUSA CONDOMINIUM V ASSOCIATION, INC.",14275 SW 142ND AVE MIAMI FL 33186,Homeowner,Issued,No,01-31-2027
CR23004450,"PALM COVE CONDOMINIUM ASSOCIATION, INC.",14275 SW 142ND AVE MIAMI FL 33186,Condominium,Issued,No,01-31-2027
CR23004451,"COURTYARDS AT DEERWOOD ASSOCIATION, INC.",14695 SW 122 PL MIAMI FLORIDA 33186,Homeowner,Issued,No,01-31-2027
CR23004452,"450 CONDOMINIUM ASSOCIATION, INC.",450 77 STREET MIAMI BEACH FLORIDA 33140,Condominium,Issued,No,01-31-2027
CR23004456,"VILLAS DE MAJORCA CONDOMINIUM ASSOCIATION, INC.",231 MAJORCA AVE. CORAL GABLES FL 33134,Condominium,Issued,No,01-31-2027
CR23004457,"ARTECH RESIDENCES AT AVENTURA CONDOMINIUM ASSOCIATION, INC.",2950 NE 188TH STREET AVENTURA FL 33180,Condominium,Issued,No,01-31-2027
CR23004459,"1500 CORAL TOWERS CONDOMINIUM, INC.",1500 NE 127TH STREET NORTH MIAMI FL 33161,Condominium,Issued,No,01-31-2027
CR23004460,"THE INDIES, A CONDOMINIUM INC",195 SUNRISE DRIVE KEY BISCAYNE FLORIDA 33149,Condominium,Issued,No,01-31-2027
CR23004462,"MENORCA AT ISLANDS AT DORAL NEIGHBORHOOD ASSOCIATION, INC.",84 ST NW 115 AVE MIAMI FLORIDA 33178,Homeowner,Issued,No,01-31-2027
CR23004463,"POINT LAKE MASTER ASSOCIATION, INC.",153 AVE SW 76 TER MIAMI FLORIDA 33193,Master Association,Issued,No,01-31-2027
CR23004464,"MENENDEZ PARK CONDOMINIUM ASSOCIATION, INC.",453-499 MENENDEZ AVE CORAL GABLES FL 33143,Condominium,Issued,No,01-31-2027
CR23004465,KEY ISLANDER CONDOMINIUM ASSOCIATION INC.,290 SUNRISE DR KEY BISCAYNE FLORIDA 33149,Condominium,Issued,No,01-31-2027
CR23004466,"NORTH SUNRISE, INC. A CONDOMINIUM",301 SUNRISE DR KEY BISCAYNE FL 33149,Condominium,Issued,No,01-31-2027
CR23004469,"THE PINES AND THE PALMS CONDOMINIUM ASSOCIATION OF MIAMI BEACH, INC.",408 5 STREET MIAMI BEACH FLORIDA 33140,Condominium,Issued,No,01-31-2027
CR23004470,"MISSION PLACE AT THE GROVE CONDOMINIUM ASSOCIATION, INC.",3100-3124 BIRD AVE MIAMI FLORIDA 33133,Condominium,Issued,No,01-31-2027
CR23004471,QUINARY CLUB APTS.,525 CORAL WAY CORAL GABLES FL 33134,Condominium,Issued,No,01-31-2027
CR23004472,"ALMERIA GARDENS CONDOMINIUM, INC.",30 ALMERIA AVE. CORAL GABLES FL 33134,Condominium,Issued,No,01-31-2027
CR23004473,"ALCA CONDOMINIUM ASSOCIATION, INC.",5838 SW 74 TERR SO. MIAMI FL 33143,Condominium,Issued,No,01-31-2027
CR23004474,"THE PALMS ON THE CREEK CONDOMINIUM ASSOCIATION, INC.",2370 NE 135TH STREET NORTH MIAMI FL 33181,Condominium,Issued,No,01-31-2027
CR23004475,45 AVENUE CONDOMINIUM ASSOCIATION INC.,890 NW 45 AVE MIAMI FL 33126,Condominium,Issued,No,01-31-2027
CR23004476,"COCO PALM CONDOMINIUM ASSOCIATION, INC.",3071 SW 27 AVE MIAMI FL 33133,Condominium,Issued,No,01-31-2027
CR23004477,"GRAND PALAZZO CONDOMINIUM ASSOCIATION, INC.",3101 SW 27 AVENUE MIAMI FL 33133,Condominium,Issued,No,01-31-2027
CR23004479,VILLAS OF BIRD GARDENS CONDO ASSOC.,3810-30 S.W. 108 AVENUE MIAMI FL 33155,Condominium,Issued,No,01-31-2027
CR23004480,WEST FONTAINE CONDO ASSN INC,10201 NW 9TH STREET CIR MIAMI FL 33186,Condominium,Closed,Yes,01-31-2025
CR23004481,"MAISON GRANDE CONDOMINIUM ASSOCIATION, INC.",6039 COLLINS AVE MIAMI BEACH FL 33140,Condominium,Issued,No,01-31-2027
CR23004482,"VILLAGE OF DORAL COVE ASSOCIATION, INC.",5121 NW 102 COURT DORAL FL 33178,Homeowner,Issued,No,01-31-2027
CR23004483,"ALAMEDA TOWER 6 CONDOMINIUM ASSOCIATION, INC.",5500-5560 W 21 ST HIALEAH FLORIDA 33016,Condominium,Issued,No,01-31-2027
CR23004485,"THE VILLAS OF AMBERWOOD III CONDOMINIUM ASSOCIATION, INC.",10018 NW 41 STREET MIAMI FL 33178,Condominium,Issued,No,01-31-2027
CR23004486,"PALMS OF PINECREST CONDOMINIUM ASSOCIATION, INC.",8950 SW 69 COURT MIAMI FL 33186,Condominium,Issued,No,01-31-2027
CR23004488,"CAY POLYNESIA APARTMENT ASSOCIATION, INC. A CONDOMINIUM",255 SUNRISE DRIVE KEY BISCAYNE FL 33149,Condominium,Issued,No,01-31-2027
CR23004490,"EL MIRAMAR CONDOMINIUM ASSOCIATION, INC.",2300 SW 3 AVE MIAMI FLORIDA 33129,Condominium,Issued,No,01-31-2027
CR23004491,"THE FOUNTAINVIEW CLUB NO. 2 CONDOMINIUM ASSOCIATION, INC.",2825 GRANADA BLVD CORAL GABLES FLORIDA 33134,Condominium,Issued,No,01-31-2027
CR23004493,"SUNRISE POINT CONDOMINIUM ASSOCIATION, INC.",8265 SW 128 ST HOMESTEAD FL 33156,Condominium,Issued,No,01-31-2027
CR23004494,"PARADISE PLAZA CONDOMINIUM ASSOCIATION, INC.",1000 5TH STREET MIAMI BEACH FLORIDA 33139,Condominium,Issued,No,01-31-2027
CR23004495,"VILLAGES OF HOMESTEAD HOMEOWNERS' ASSOCIATION, INC.",15600 SW 288 ST HOMESTEAD FLORIDA 33033,Homeowner,Issued,No,01-31-2027
CR23004496,"ST. MORITZ AT DORAL CONDOMINIUM ASSOCIATION, INC.",11605 NW 89 STREET DORAL FL 33178,Condominium,Issued,No,01-31-2027
CR23004497,"VERSAILLES PLAZA CONDOMINIUM ASSOCIATION, INC.",1820 W 53 ST HIALEAH FLORIDA 33012,Condominium,Issued,No,01-31-2027
CR23004498,DORAL COLONY HOMEOWNERS ASSOCIATION INC,3300 NW 112 AVE SUITE 13 DORAL FL 33172,Homeowner,Issued,No,01-31-2027
CR23004499,"GATEWAY TO THE GROVE CONDOMINIUM ASSOCIATION, INC.",2600 SW 27TH AVE MIAMI FLORIDA 33133,Condominium,Issued,No,01-31-2027
CR23004500,"SONOMA TOWNHOMES AT DORAL COMMUNITY ASSOCIATION, INC. AFFINITY M",5691 NW 114 AVENUE DORAL FL 33178,Homeowner,Issued,No,01-31-2027
CR23004501,"LAS BRISAS AT DORAL CONDOMINIUM NO. 8 ASSOCIATION, INC.",5670 NW 116TH AVE DORAL FL 33178,Condominium,Issued,No,01-31-2027
CR23004502,SANTA NAVILA VILLAS CONDOMINIUM ASSOCIATION INC.,8416 NW 103 ST HIALEAH GARDENS FLORIDA 33016,Condominium,Issued,No,01-31-2027
CR23004503,"LAS BRISAS TOWNHOUSE APARTMENTS CONDOMINIUM-NO. 3 ASSOCIATION, INC.",1320 W 46 STREET HIALEAH FLORIDA 33012,Condominium,Issued,No,01-31-2027
CR23004504,"DORAL ESTATES HOMEOWNERS ASSOCIATION, INC.",9401 NW 41ST STREET DORAL FL 33172,Homeowner,Issued,No,01-31-2027
CR23004505,"BAYVIEW TOWER CONDOMINIUM ASSOCIATION, INC.",555 NE 30TH STREET MIAMI FL 33137,Condominium,Issued,No,01-31-2027
CR23004506,"PENN TOWERS CONDOMINIUM, INC.",1235 PENNSYLVANIA AVE MIAMI BEACH FL 33139,Condominium,Issued,No,01-31-2027
CR23004507,"DOWNTOWN DORAL TOWNHOMES HOMEOWNER'S ASSOCIATION, INC.",5150 NW 83 CT DORAL FL 33166,Homeowner,Issued,No,01-31-2027
CR23004508,"THE BELCREST CONDOMINIUM ASSOCIATION, INC",1569 EUCLID AVE MIAMI BEACH FL 33139,Condominium,Issued,No,01-31-2027
CR23004509,"FLAGLER SUITES CONDOMINIUM ASSOCIATION, INC",6900 WEST FLAGLER STREET MIAMI FLORIDA 33144,Condominium,Issued,No,01-31-2027
CR23004510,"THE BRISTOL CONDOMINIUM ASSOCIATION, INC",1350 PENNSYLVANIA AVE. MIAMI BEACH FL 33139,Condominium,Issued,No,01-31-2027
CR23004511,"JADE CONDOMINIUM ASSOCIATION, INC",1008 JEFFERSON AVE. MIAMI BEACH FL 33139,Condominium,Issued,No,01-31-2027
CR23004512,"LUNAMAR LOFTS AT LINCOLN CONDOMINIUM ASSOCIATION, INC.",1545 JEFFERSON AVE MIAMI BEACH FL 33139,Condominium,Issued,No,01-31-2027
CR23004514,"BONAVISTA CONDOMINIUM ASSOCIATION, INC",3375 N COUNTRY CLUB DR AVENTURA FL 33180,Condominium,Issued,No,01-31-2027
CR23004515,"LINCOLN ROAD VILLAS CONDOMINIUM ASSOCIATION, INC",1601-1605 LENOX AVENUE MIAMI BEACH FL 33139,Condominium,Issued,No,01-31-2027
CR23004516,"THE MILFRED CONDOMINIUM ASSOCIATION, INC",936 PENNSYLVANIA AVE MIAMI BEACH FL 33139,Condominium,Issued,No,01-31-2027
CR23004517,"TRIBECA CONDOMINIUM ASSOCIATION, INC",1500 MICHIGAN AVE MIAMI BEACH FL 33139,Condominium,Issued,No,01-31-2027
CR23004518,"1211 PENNSYLVANIA CONDOMINIUM ASSOCIATION, INC",1211 PENNSYLVANIA AVE. MIAMI BEACH FL 33119,Condominium,Issued,No,01-31-2027
CR23004519,"WEITZER AT COUNTRY WALK MAINTENANCE ASSOCIATION, INC.",14601 COUNTRY WALK DRIVE MIAMI FLORIDA 33186,Homeowner,Issued,No,01-31-2027
CR23004520,"INDIAN LAKE VILLAGE CONDOMINIUM ASSOCIATION, INC.",10201 FONTAINEBLEAU BLVD MIAMI FLORIDA 33172,Condominium,Issued,No,01-31-2027
CR23004521,"MONTEREY MASTER OWNERS' ASSOCIATION OF DADE COUNTY, INC.",1900 N. UNIVERSITY DRIVE PEMBROKE PINES FL 33024,Homeowner,Abandoned,No,
CR23004522,WESTLAND COURTS CONDOMINIUM ASSOCIATION INC.,1855 W 60 ST HIALEAH FLORIDA 33012,Condominium,Issued,No,01-31-2027
CR23004523,"VISTA ALEGRE, INC.",677 SW 9 AVE MIAMI FLORIDA 33130,Condominium,Issued,No,01-31-2027
CR23004524,"ALCAZAR VILLAS CONDOMINIUM ASSOCIATION, INC.",2258 W 74 STREET HIALEAH FLORIDA 33016,Condominium,Issued,No,01-31-2027
CR23004525,"BARACOA CONDOMINIUM ASSOCIATION, INC.",6091 W 22 CT HIALEAH FLORIDA 33016,Condominium,Issued,No,01-31-2027
CR23004526,"BONITA GOLF VIEW TOWNVILLAS STAGE II CONDOMINIUM ASSOCIATION, INC.",7105 NW 173 DRIVE MIAMI FL 33015,Condominium,Issued,No,01-31-2027
CR23004527,SUNSET PALMS WEST CONDOMINIUM ASSOCIATION INC.,7256 SW 94 PLACE MIAMI FLORIDA 33173,Condominium,Issued,No,01-31-2027
CR23004528,SUNSET PALMS EAST CONDOMINIUM ASSOCIATION INC.,9437 SW 76 STREET MIAMI FLORIDA 33173,Condominium,Issued,No,01-31-2027
CR23004529,"LILANDIA ESTATES CONDOMINIUM ASSOCIATION, INC.",7469 NW 174 TER HIALEAH FLORIDA 33015,Condominium,Issued,No,01-31-2027
CR23004530,"MANGO HILL CONDOMINIUM ASSOCIATION NO.3, INC.",1157 W 42 STREET HIALEAH FLORIDA 33012,Condominium,Issued,No,01-31-2027
CR23004531,"MANGO HILL CONDOMINIUM ASSOCIATION NO 13, INC.",3865 W 8TH CT HIALEAH FLORIDA 33012,Condominium,Issued,No,01-31-2027
CR23004532,"MANGO HILL CONDOMINIUM ASSOCIATIONS NO. 8, INC.",3885 W 11 AVE HIALEAH FLORIDA 33012,Condominium,Issued,No,01-31-2027
CR23004533,GRAND AT DORAL I CONDOMINIUM ASSOCIATION INC.,10950 NW 82 STREET DORAL FLORIDA 33178,Condominium,Issued,No,01-31-2027
CR23004534,"IBIS VILLAS AT DORAL CONDOMINIUM ASSOCIATION, INC.",8851 NW 110TH PL DORAL FLORIDA 33178,Condominium,Issued,No,01-31-2027
CR23004535,"ROYAL PALMETTO CONDOMINIUM, INC.",6095 WEST 19 AVE HIALEAH FLORIDA 33012,Condominium,Issued,No,01-31-2027
CR23004537,"OASIS EN MANGO HILL CONDOMINIUM (MANGO HILL CONDOMINIUM NO. XX) ASSOCIATION, INC.",4110 W 11 COURT HIALEAH FLORIDA 33012,Condominium,Issued,No,01-31-2027
CR23004538,"JEANNIE GARDENS CONDOMINIUM ASSOCIATION, INC.",7011 WEST 29 AVE HIALEAH FLORIDA 33012,Condominium,Issued,No,01-31-2027
CR23004539,"LES FONTAINES CONDOMINIUM ASSOCIATION, INC.",9027 NW 120 TER HIALEAH GARDENS FLORIDA 33018,Condominium,Issued,No,01-31-2027
CR23004540,"GEOMARA GARDENS CONDOMINIUM ASSOCIATION, INC.",6973 W 29 AVE HIALEAH FLORIDA 33018,Condominium,Issued,No,01-31-2027
CR23004541,"RACQUET CLUB ESTATES, INC",8630 SW 94 ST MIAMI FL 33156,Homeowner,Issued,No,01-31-2027
CR23004542,"BRICKELL TOWN HOUSE ASSOCIATION, INC.",2451 BRICKELL AVE MIAMI FLORIDA 33129,Condominium,Issued,No,01-31-2027
CR23004543,"DEVON-AIRE VILLAS HOMEOWNERS ASSOCIATION NO. 4, INC.",12300 SW 111 S CANAL STREET RD MIAMI FL 33186,Homeowner,Issued,No,01-31-2027
CR23004544,"ELAN AT CALUSA CONDOMINIUM III ASSOCIATION, INC.",10300 SUNSET DRIVE SUITE 284 MIAMI FL 33173,Condominium,Issued,No,01-31-2027
CR23004545,"THE FOUNTAINS I CONDOMINIUM ASSOCIATION, INC.",10300 SUNSET DR MIAMI FL 33173,Condominium,Issued,No,01-31-2027
CR23004546,"VILLAGE OF HIALEAH CONDOMINIUM ASSOCIATION, INC.",5150 W 12 AVE MIAMI FL 33173,Condominium,Issued,No,01-31-2027
CR23004547,"VILLAS TOWNHOUSES OF SWEETWATER CONDOMINIUM ASSOCIATION, INC.",10902 SW 2ND ST MIAMI FL 33173,Condominium,Expired,Yes,01-31-2025
CR23004549,"MILLENNIUM TOWER RESIDENCES CONDOMINIUM ASSOCIATION,",1425 BRICKELL AVENUE MIAMI FL 33131,Condominium,Issued,No,01-31-2027
CR23004550,BAL HARBOUR MANOR INC,10190 COLLINS AVENUE MIAMI BEACH FL 33154,Cooperative,Issued,No,01-31-2027
CR23004551,"THE WESTLAND CONDOMINIUM ASSOC., INC.",1800 WEST 54TH STREET HIALEAH FLORIDA 33012,Condominium,Issued,No,01-31-2027
CR23004553,"VILLAS OF MIAMI LAKES CONDOMINIUM ASSOCIATION, INC.",7480 MIAMI LAKES DRIVE MIAMI LAKES FLORIDA 33014,Condominium,Issued,No,01-31-2027
CR23004554,"SHOMA HOMES SPLENDIDO CONDOMINIUM ASSOCIATION, INC.",8111 WEST 36 AVE HIALEAH FLORIDA 33018,Condominium,Expired,No,01-31-2025
CR23004555,"VILLA VIZCAYA CONDOMINIUM ASSOCIATION, INC.",8504 NW 140 TERRACE MIAMI LAKES FLORIDA 33016,Condominium,Issued,No,01-31-2027
CR23004556,"WEST PALM VILLAS III CONDOMINIUM ASSOCIATION, INC.",2505 W 76 STREET HIALEAH FLORIDA 33016,Condominium,Issued,No,01-31-2027
CR23004558,"LAKEVIEW GARDENS CONDOMINIUM ASSOCIATION, INC.",5575 SW 77 CT MIAMI FLORIDA 33155,Condominium,Issued,No,01-31-2027
CR23004559,"THE VILLAS AT BRISTOL PARK CONDOMINIUM ASSOCIATION, INC.",360 NW 114 AVE MIAMI FLORIDA 33172,Condominium,Expired,Yes,01-31-2026
CR23004560,"VILLA CANARIAS CONDOMINIUM, INC.",7749 W36 AVE HIALEAH FLORIDA 33018,Condominium,Issued,No,01-31-2027
CR23004561,"ALAMEDA TOWER 1 CONDOMINIUM ASSOCIATION, INC.",5290 W 21 CT HIALEAH FLORIDA 33016,Condominium,Issued,No,01-31-2027
CR23004563,"SEA BEACH TOWERS CONDOMINIUM, INC.",1776 JAMES AVE MIAMI FL 33130,Condominium,Issued,No,01-31-2027
CR23004564,DORSET HOUSE ASSOCIATION INC,2500 NE 135TH ST NORTH MIAMI FL 33181,Condominium,Issued,No,01-31-2027
CR23004565,"ROYAL PALMS CONDOMINIUM ASSOCIATION, INC. OF HIALEAH",7400 W 20 AVE HIALEAH FLORIDA 33016,Condominium,Issued,No,01-31-2027
CR23004566,"CYPRESS VILLAGE CONDOMINIUM ASSOCIATION, INC.",7240 MIAMI LAKES DR. HIALEAH FLORIDA 33014,Condominium,Expired,Yes,01-31-2026
CR23004567,"WESTLAND-EDEN CONDOMINIUM ASSOCIATION I, INC.",1950 W 54 ST. HIALEAH FLORIDA 33012,Condominium,Issued,No,01-31-2027
CR23004568,"LAKE LAURA CONDOMINIUM ASSOCIATON, INC",13873 SW 84 STREET MIAMI FLORIDA 33183,Condominium,Issued,No,01-31-2027
CR23004569,"SEVILLA TERRACE CONDOMINIUM ASSOCIATION, INC.",1070 W 79 STREET HIALEAH FLORIDA 33014,Condominium,Issued,No,01-31-2027
CR23004570,"BELLA COLINA CONDOMINIUM ASSOCIATION, INC.",7301 NW 173 DR HIALEAH FLORIDA 33015,Condominium,Issued,No,01-31-2027
CR23004571,"THE GARDENS OF KENDALL SOUTH CONDOMINIUM NO. 4 ASSOCIATION, INC.",10845 SW 112 ST MIAMI FL 33176,Homeowner,Issued,No,01-31-2027
CR23004572,"HERITAGE SQUARE ASSOCIATION, INC",17170 SW 94 AVE MIAMI FL 33157,Condominium,Issued,No,01-31-2027
CR23004573,"BELLA VENEZIA CONDOMINIUM ASSOCIATION, INC.",575 W 69 STREET HIALEAH FLORIDA 33014,Condominium,Issued,No,01-31-2027
CR23004574,"PALM SPRINGS GARDENS BUILDING FOUR CONDOMINIUM ASSOCIATION, INC",140 ROYAL PALM RD HIALEAH GARDENS FLORIDA 33016,Condominium,Issued,No,01-31-2027
CR23004575,"W.G.C. CONDOMINIUM ASSOCIATION, INC.",1350 W 53 STREET HIALEAH FLORIDA 33012,Condominium,Issued,No,01-31-2027
CR23004577,"GALLOWOOD CONDOMINIUM ASSOCIATION, INC.",8601 SW 94 STREET MIAMI FLORIDA 33156,Condominium,Issued,No,01-31-2027
CR23004578,"WOODS LANDING CONDOMINIUM ASSOCIATION, INC.",6765 NW 169 STREET HIALEAH FLORIDA 33015,Condominium,Expired,Yes,01-31-2026
CR23004579,"MANGO HILL CONDOMINIUM ASSOCIATION NO. 4, INC.",1062 W 43 PL HIALEAH FLORIDA 33012,Condominium,Issued,No,01-31-2027
CR23004580,"WESTLAND GARDENS EAST CONDOMINIUM ASSOCIATION, INC.",1855 W 62 ST HIALEAH FLORIDA 33012,Condominium,Issued,No,01-31-2027
CR23004581,"3881 WEST FLAGLER CONDOMINIUM ASSOCIATION, INC.",3881 WEST FLAGLER MIAMI FLORIDA 33134,Condominium,Issued,No,01-31-2027
CR23004582,"VILLA BAY VISTA CONDONIMIUM ASSOCIATION, INC",2016 BAY DR. MIAMI BEACH FLORIDA 33141,Condominium,Issued,No,01-31-2027
CR23004583,"MELROSE TOWNHOMES CONDOMINIUM ASSOCIATION, INC.",2650 NW 25 AVE MIAMI FLORIDA 33142,Condominium,Expired,No,01-31-2025
CR23004584,"MANGO HILL CONDOMINIUM ASSOCIATION NO. 11, INC.",3835 W 9 CT HIALEAH FLORIDA 33012,Condominium,Issued,No,01-31-2027
CR23004585,"WEST FLAGLER HERITAGE NUMBER ONE - A CONDOMINIUM ASSOCIATION, INC.",10850 W FLAGLER ST MIAMI FL 33174,Condominium,Issued,No,01-31-2027
CR23004587,"ESPRIT CONDOMINIUM II ASSOCIATION, INC.",9624 SW 138TH AVE MIAMI FL 33186,Condominium,Closed,No,01-31-2025
CR23004588,"VILA MARA CONDOMINIUM ASSOCIATION, INC",1027 - 1029 EUCLID AVENUE MIAMI BEACH FL 33139-2550,Condominium,Issued,No,01-31-2027
CR23004589,"CARMEL LAKES CONDOMINIUM NO. 2 ASSSOCIATION, INC.",451 NE 207 LN MIAMI FL 33179,Condominium,Issued,No,01-31-2027
CR23004590,"CARMEL LAKES CONDOMINIUM NO. 3 ASSOCIATION, INC.",20760 4TH CT MIAMI FLORIDA 33170,Condominium,Issued,No,01-31-2027
CR23004591,"TROPICO CONDOMINIUM ASSOCIATION, INC",1614 EUCLID AVENUE MIAMI BEACH FL 33139-2550,Condominium,Issued,No,01-31-2027
CR23004592,"CARMEL LAKES CONDOMINIUM NO. 4 ASSOCIATION, INC.",20680 NE 4TH CT MIAMI FL 33179,Condominium,Issued,No,01-31-2027
CR23004593,"FRIENDLY CORNER ASSOCIATION, INC",932 - 940 SEVENTH STREET MIAMI BEACH FL 33139,Condominium,Issued,No,01-31-2027
CR23004594,"LINCOLN PLACE RESIDENCES CONDOMINIUM ASSOCIATION, INC",1610 LENOX AVENUE MIAMI BEACH FL 33139,Condominium,Issued,No,01-31-2027
CR23004595,"OCEAN FIVE CONDOMINIUM ASSOCIATION, INC",458 OCEAN DRIVE MIAMI BEACH FL 33139,Condominium,Issued,No,01-31-2027
CR23004596,"MERIDIAN COURT CONDOMINIUM ASSOCIATION, INC.",901 - 911 MERIDIAN COURT MIAMI BEACH FL 33139,Condominium,Issued,No,01-31-2027
CR23004597,THE MEADOWS LAKE NORTH CONDOMINIUM ASSOCIATION INC.,13793 SW KENDALE LAKES CIR MIAMI FL 33183,Condominium,Issued,No,01-31-2027
CR23004598,"514 SANTANDER CONDOMINIUM ASSOCIATION, INC",514 SANTANDER AVE PEMBROKE PINES FL 33134,Condominium,Issued,No,01-31-2027
CR23004599,"PALMA REAL TOWNHOMES CONDOMINIUM ASSOCIATION, INC.",1754 W 58 STREET HIALEAH FLORIDA 33012,Condominium,Issued,No,01-31-2027
CR23004600,"LOS PORTALES PHASE III CONDOMINIUM, INC.",119 E 4 STREET HIALEAH FLORIDA 33010,Condominium,Issued,No,01-31-2027
CR23004601,"COUNTRY WALK PATIO HOMES ASSOCIATION, INC.",14601 COUNTRY WALK DR MIAMI FL 33186,Homeowner,Issued,No,01-31-2027
CR23004602,"HIGHPOINT CONDOMINIUM ASSOCIATION OF MIAMI, INC.",616 NW 26TH AVE MIAMI FL 33125,Condominium,Issued,No,01-31-2027
CR23004603,"SWEET VILLAGE CONDOMINIUM ASSOCIATION, INC.",10881 SW 6 ST MIAMI FL 33174,Homeowner,Issued,No,01-31-2027
CR23004606,"THE DARIA CONDOMINIUM ASSOCIATION, INC.",1551 WEST AVE MIAMI BEACH FL 33139,Condominium,Issued,No,01-31-2027
CR23004607,"FAIRVIEW CONDOMINIUM ASSOCIATION OF MIAMI BEACH, INC.",1754 MERIDIAN AVE MIAMI BEACH FL 33139,Condominium,Issued,No,01-31-2027
CR23004608,"COLLINS VISTA CONDOMINIUM ASSOCIATION, INC.",1150 COLLINS AVE. MIAMI BEACH FL 33139,Condominium,Issued,No,01-31-2027
CR23004610,EAST BREEZE CONDOMINIUM INCORPORATED,1234 EUCLID AVENUE MIAMI BEACH FLORIDA 33139,Condominium,Issued,No,01-31-2027
CR23004611,"THE TROPICAL RESORT CONDOMINIUM, INC.",6865 BAY DRIVE MIAMI BEACH FL 33141,Condominium,Issued,No,01-31-2027
CR23004612,"WEST SILVER CREST CONDOMINIUM ASSOCIATION, INC.",1240 NW 102 ST MIAMI FL 33176,Condominium,Issued,No,01-31-2027
CR23004614,"KIM AIMEE CONDOMINIUM ASSOCIATION, INC.",4015-4025 N. MERIDIAN AVE MIAMI BEACH FL 33140,Condominium,Issued,No,01-31-2027
CR23004615,"BAY DRIVE CONDOMINIUM ASSOCIATION, INC.",6881 BAY DRIVE MIAMI BEACH FL 33141,Condominium,Issued,No,01-31-2027
CR23004616,"BAY COURT CONDOMINIUM ASSOCIATION, INC.",6905 BAY DRIVE MIAMI BEACH FL 33141,Condominium,Issued,No,01-31-2027
CR23004617,"915 LENOX, INC., A CONDOMINIUM",915 LENOX AVE MIAMI BEACH FL 33139,Condominium,Issued,No,01-31-2027
CR23004618,"COUNTRY WALK ESTATE HOMES ASSOCIATION, INC.",14601 COUNTRY WALK DRIVE MIAMI FL 33186,Homeowner,Issued,No,01-31-2027
CR23004620,"1475 TERRA TOWERS CONDOMINIUM, INC.",1475 NE 125TH TERRACE NORTH MIAMI FL 33161,Condominium,Issued,No,01-31-2027
CR23004621,"SALZEDO PLAZA, A CONDOMINIUM ASSOCIATION, INC.",1100 SALZEDO ST CORAL GABLES FL 33134,Condominium,Expired,Yes,01-31-2026
CR23004622,"MAISON GROVE ASSOCIATION, INC.",3221-47 MARY ST MIAMI FL 33133,Condominium,Expired,Yes,01-31-2026
CR23004623,"SILVER GARDENS VILLAS CONDOMINIUM ASSOCIATION, INC.",10101 W OKEECHOBEE RD HIALEAH GARDENS FL 33016,Homeowner,Issued,No,01-31-2027
CR23004624,"MILLENNIUM TOWER CONDOMINIUM HOTEL ASSOCIATION, INC.",1435 BRICKELL AVENUE MIAMI FL 33131,Condominium,Expired,Yes,01-31-2026
CR23004625,"BELLA SALZEDO II CONDOMINIUM ASSOCIATION, INC.",1314 SALZEDO STREET MIAMI FL 33134,Condominium,Expired,Yes,01-31-2026
CR23004626,"MIRADOR 1125 CONDOMINIUM ASSOCIATION, INC.",1125 WEST AVE MIAMI BEACH FL 33139,Condominium,Issued,No,01-31-2027
CR23004627,AMBASSADOR CONDOMINIUM ASSOCIATION INC,1000 MERIDIAN AVE MIAMI BEACH FL 33139,Condominium,Issued,No,01-31-2027
CR23004628,"JOCKEY CLUB CONDOMINIUM APARTMENTS UNIT II, INC.",11111 BISCAYNE BLVD MIAMI FLORIDA 33181,Condominium,Issued,No,01-31-2027
CR23004629,"CORAL LAKES MASTER ASSOCIATION, INC",12301 SW 132 CT MIAMI FL 33186,Master Association,Issued,No,01-31-2027
CR23004630,VILLA ENCANTADA MASTER HOMEOWNERS ASSOCIATION INC,12301 SW 132ND COURT MIAMI FL 33186,Master Association,Abandoned,No,
CR23004631,"INTERNATIONAL PARK CONDOMINIUM II ASSOCIATION, INC.",11790 & 11800 SW 18 ST MIAMI FL 33185,Condominium,Issued,No,01-31-2027
CR23004633,"MIRADOR PLAZA CONDOMINIUM ASSOCIATION, INC.",1337 NW 1 STREET MIAMI FL 33125,Condominium,Expired,Yes,01-31-2026
CR23004634,INTERNATIONAL PRINCESS CONDOMINIUM ASSOCIATION INC.,1655 SW 122 AVE MIAMI FLORIDA 33175,Condominium,Issued,No,01-31-2027
CR23004635,"LA HACIENDA IN THE GABLES CONDOMINIUM ASSOCIATION, INC.",1400 SALZEDO STREET. CORAL GABLES FLORIDA 33134,Condominium,Issued,No,01-31-2027
CR23004636,"WEST FONTAINE CONDOMINIUM ASSOCIATION, INC.",10201 NW 9 STREET CIR MIAMI FLORIDA 33186,Condominium,Issued,No,01-31-2027
CR23004637,"NORMANDY SHORES YACHT AND COUNTRY CLUB, INC.",130 S SHORE DR MIAMI BEACH FL 33141,Condominium,Issued,No,01-31-2027
CR23004638,"PARKVIEW HOUSE, INC., A CONDOMINIUM",1000 MICHIGAN AVE MIAMI BEACH FL 33139,Condominium,Issued,No,01-31-2027
CR23004639,"DAKOTA PARK SOUTH CONDOMINIUM ASSOCIATION, INC.",1046 LENOX AVENUE MIAMI BEACH FL 33139,Condominium,Issued,No,01-31-2027
CR23004640,MIRADOR 1035 CONDOMINIUM ASSOCIATION,1035 WEST AVENUE MIAMI BEACH FL 33139,Condominium,Abandoned,No,
CR23004641,"THE BAMBOO HOUSE CONDOMINIUM ASSOCIATION, INC.",1242 ALTON ROAD MIAMI BEACH FL 33139,Condominium,Issued,No,01-31-2027
CR23004642,GUERNICA CONDOMINIUM ASSOCIATION INC.,142 SW 18TH AVENUE MIAMI FLORIDA 33135,Condominium,Issued,No,01-31-2027
CR23004643,"BRICKELL ROADS ATRIUMS CONDOMINIUM ASSOCIATION, INC.",1712 SW 2ND AVE MIAMI FLORIDA 33129,Condominium,Expired,Yes,01-31-2026
CR23004644,"CORANES CONDOMINIUM ASSOCIATION, INC.",1450 WEST 39 PLACE HIALEAH FL 33012,Condominium,Issued,No,01-31-2027
CR23004646,CHRISTY'S PLACE VILLAS & TOWNHOMES CONDOASSN INC,12005/12015/12025/12035 SW 14 ST MIAMI FL 33184,Condominium,Issued,No,01-31-2027
CR23004647,"AGUADULCE VILLAS CONDOMINIUM ASSOCIATION, INC.",10973 SW 4 ST MIAMI FL 33174,Condominium,Issued,No,01-31-2027
CR23004648,"HALCON VILLAS CONDOMINIUM NO. 6 ASSOCIATION, INC",1345 W 41 ST HIALEAH FL 33012,Condominium,Issued,No,01-31-2027
CR23004649,"LINCOLN PARK VILLAS CONDO ASSOCIATION, INC.",2981 JACKSON AVE MIAMI FLORIDA 33133,Condominium,Issued,No,01-31-2027
CR23004650,"MAJORCA TOWERS CONDOMINIUM, INC.",11930 NORTH BAYSHORE DRIVE NORTH MIAMI FL 33181,Condominium,Expired,Yes,01-31-2026
CR23004651,"KENLAND POINTE CONDOMINIUM III, INC.",9280 SOUTHWEST 123RD CT MIAMI FL 33186,Condominium,Issued,No,01-31-2027
CR23004652,"MONTEGO BAY CONDOMINIUM ASSOCIATION, INC.",1095 W 77TH STREET HIALEAH FL 33014,Condominium,Closed,No,02-01-2024
CR23004654,"ROYAL SPRINGS CONDOMINIUM ASSOCIATION, INC.",5901 NW 151 STREET MIAMI LAKES FLORIDA 33014,Condominium,Issued,No,01-31-2027
CR23004655,"ALAMEDA BY THE LAKE HOMEOWNERS ASSOCIATION, INC.",2780 WEST 54 STREET HIALEAH FL 33014,Homeowner,Issued,No,01-31-2027
CR23004656,"MIAMI BEACH TOWNHOUSES CONDOMINIUM ASSOCIATION, INC.",1743 MICHIGAN AVENUE MIAMI BEACH FL 33139,Condominium,Issued,No,01-31-2027
CR23004657,"SOUTHERN STAR CONDOMINIUM, INC.",441 COLLINS AVE MIAMI BEACH FL 33139,Condominium,Issued,No,01-31-2027
CR23004658,"THE WILSHIRE CONDOMINIUM ASSOCIATION, INC.",1250 NE MIAMI GARDENS DRIVE MIAMI D FL 33179,Condominium,Issued,No,01-31-2027
CR23004659,"LARO GALLOWAY VILLAS CONDOMINIUM I, INC.",1122 SW 87TH AVE UNIT A6 MIAMI FL 33174,Condominium,Issued,No,01-31-2027
CR23004660,"LAS PALMAS OF HIALEAH CONDOMINIUM ASSOCIATION, INC.",5375 PALM AVE HIALEAH FL 33012-2771,Condominium,Issued,No,01-31-2027
CR23004661,"HALCON VILLAS CONDOMINIUM NO. 5 ASSOCIATION, INC.",1265 WEST 41 ST HIALEAH FL 33012,Homeowner,Issued,No,01-31-2027
CR23004662,"LA SAMANNA II CONDOMINIUM ASSOCIATION, INC.",1134 NW 5 ST MIAMI FL 33145,Condominium,Issued,No,01-31-2027
CR23004663,"POINCIANA LAKES VILLAS CONDOMINIUM ONE ASSOCIATION, INC.",17680 NW 78 AVE SUITE 103 HIALEAH FL 33015,Condominium,Expired,Yes,01-31-2026
CR23004664,"THE GEORGIAN CONDOMINIUM ASSOCIATION, INC.",1621 COLLINS AVE MIAMI BEACH FL 33139,Condominium,Expired,Yes,01-31-2026
CR23004665,THE VINTAGE EAST CONDOMINIUM ASSOCIATION OF SOUTH BEACH INC,1250 DREXEL AVE MIAMI FL 33139,Condominium,Issued,No,01-31-2027
CR23004666,HAVANA MOON CONDO ASSOCIATION INC.,1043 NW 2ND STREET MIAMI FL 33128,Condominium,Issued,No,01-31-2027
CR23004667,PARK GARDENS ASSOCIATION INC.,1045 10TH ST MIAMI BEACH FL 33139,Condominium,Issued,No,01-31-2027
CR23004668,"LAKESHORE 4 CONDOMINIUM ASSOCIATION, INC.",1270 S. FRANKLIN AVE. HOMESTEAD FL 33034,Condominium,Abandoned,No,
CR23004669,"RIDGEVIEW GARDENS CONDOMINIUM ""1"" ASSOCIATION,INC",15600 SW 288 ST #406 HOMESTEAD FL 33033,Condominium,Issued,No,01-31-2027
CR23004671,"LAKESHORE 1 CONDOMINIUM ASSOCIATION, INC.",1270 S. FRANKLIN AVE. HOMESTEAD FL 33034,Condominium,Abandoned,No,
CR23004672,"STONEGATE MANOR HOMEOWNER'S ASSOCIATION, INC.",7426 SW 49 PL. MIAMI FL 33143,Homeowner,Issued,No,01-31-2027
CR23004674,"LAKESHORE 2 CONDOMINIUM ASSOCIATION, INC.",1270 N FRANKLIN HOMESTEAD FL 33034,Condominium,Abandoned,No,
CR23004675,"LAKESHORE 3 CONDOMINIUM ASSOCIATION, INC.",1270 SOUTH FRANKLIN AVENUE HOMESTEAD FL 33034,Condominium,Abandoned,No,
CR23004676,"LAKESHORE 5 CONDOMINIUM ASSOCIATION, INC.",1270 S FRANKLIN AVE HOMESTEAD FL 33034,Condominium,Abandoned,No,
CR23004677,"LAKESHORE 6 CONDOMINIUM ASSOCIATION, INC.",1270 S FRANKLIN AVE HOMESTEAD FL 33034,Condominium,Abandoned,No,
CR23004678,"SUNWOOD CONDOMINIUM ASSOCIATION OF MIAMI, INC.",4600 SW 67TH AVE MIAMI FL 33155,Condominium,Issued,No,01-31-2027
CR23004680,"VENTURE AT AVENTURA EAST CONDOMINIUM ASSOCIATION, INC.",18800 NE 29TH AVE AVENTURA FL 33180,Condominium,Issued,No,01-31-2027
CR23004681,PALM BREEZE CONDO ASSOCIATION INC,1661 SW 3RD STREET APT #28 MIAMI FL 33135,Homeowner,Issued,No,01-31-2027
CR23004682,"BRIGHTON'S MEADOW TRACE HOMEOWNERS' ASSOCIATION, INC.",VICINITY OF 14321 SW 151 CT HOMESTEAD FL 33033,Homeowner,Issued,No,01-31-2027
CR23004683,"PORTALEGRE CONDOMINIUM ASSOCIATION, INC.",2175 NE 107TH STREET NORTH MIAMI BEACH FL 33162,Condominium,Expired,No,01-31-2026
CR23004684,"VENTURE AT AVENTURA MASTER ASSOCIATION, INC.",18800 NE 29TH AVE AVENTURA FL 33180,Master Association,Issued,No,01-31-2027
CR23004686,LAKESHORE 7 CONDO ASSN INC,999 HAMILTON DR HOMESTEAD FL 33034,Condominium,Issued,No,01-31-2027
CR23004687,"KENDALL BREEZE HOMEOWNERS' ASSOCIATION, INC.",12300 SW 125 COURT MIAMI FL 33186,Homeowner,Issued,No,01-31-2027
CR23004688,"LAKESHORE 8 CONDOMINIUM ASSOCIATION, INC.",1270 S. FRANKLIN AVENUE HOMESTEAD FL 33034,Condominium,Abandoned,No,
CR23004689,"LAKESHORE 9 CONDOMINIUM ASSOCIATION, INC.",1270 S. FRANKLIN AVENUE HOMESTEAD FL 33034,Condominium,Abandoned,No,
CR23004690,"THE RIVIERA CONDOMINIUM APARTMENTS, INC.",1100 NE 191TH STREET NORTH MIAMI BEACH FL 33179,Condominium,Issued,No,01-31-2027
CR23004691,"LAKESHORE 10 CONDOMINIUM ASSOCIATION, INC.",1270 S FRANKLIN AVE HOMESTEAD FL 33034,Condominium,Abandoned,No,
CR23004692,"LAKESHORE 11 CONDOMINIUM ASSOCIATION, INC.",1270 S FRANKLIN AVENUE HOMESTEAD FL 33034,Condominium,Abandoned,No,
CR23004693,"DEVON-AIRE VILLAS HOMEOWNERS ASSOCIATION NO. 1, INC",SW 110 STREET AND SW 122 AVENUE MIAMI FL 33186,Homeowner,Issued,No,01-31-2027
CR23004694,"TIERRA WEST CONDOMINIUM ASSOCIATION, INC.",1470 W 41 ST HIALEAH FL 33012,Condominium,Issued,No,01-31-2027
CR23004695,"MUNNE HOMEOWNERS' ASSOCIATION, INC.",12171 SW 131 AVENUE MIAMI FL 33186,Homeowner,Issued,No,01-31-2027
CR23004696,MIAMI PARK VIEW HOUSE INC.,1229 MERIDIAN AVE MIAMI BEACH FL 33139,Condominium,Issued,No,01-31-2027
CR23004699,"TRAIL RUN ASSOCIATION, INC.",1151 SW 131 PL. CIR. N MIAMI FL 33184,Homeowner,Issued,No,01-31-2027
CR23004700,"POINT ROYALE CONDOMINIUM ASSOCIATION NO. 6, INC.",19350-19356 SW 103 CT MIAMI FLORIDA 33157,Condominium,Issued,No,01-31-2027
CR23004701,"BAYVIEW TERRACE ASSOCIATION, INC.",1228 WEST AVE MIAMI BEACH FLORIDA 33139,Condominium,Issued,No,01-31-2027
CR23004702,"GLAMAR CONDOMINIUM ASSOCIATION, INC.",15130 FINTRY PLACE MIAMI LAKES FL 33016-1426,Homeowner,Issued,No,01-31-2027
CR23004705,"WASHINGTON PARK CONDOMINIUM ASSOCIATION, INC.",1751-1755 WASHINGTON AVE MIAMI BEACH FL 33139,Condominium,Issued,No,01-31-2027
CR23004706,"NORMANDY PALMS CONDOMINIUM ASSOCIATION, INC.",6941 BAY DRIVE MIAMI BEACH FL 33141,Condominium,Issued,No,01-31-2027
CR23004707,"ALHAMBRA ONE CONDOMINIUM ASSOCIATION,INC.",1645 W 42 ST MIAMI SPRINGS FL 33012,Condominium,Issued,No,01-31-2027
CR23004708,"SECOND WEST LAKE CONDOMINIUM ASSOCIATION, INC.",5440 W 21ST AVE MIAMI FL 33016,Condominium,Issued,No,01-31-2027
CR23004709,"21ST AVENUE CONDOMINIUM ASSOCIATION, INC.",2128 SW 9TH ST MIAMI FL 33135,Condominium,Issued,No,01-31-2027
CR23004710,ARBAH CONDOMINIUM ASSOCIATION INC.,1258 MARSEILLE DRIVE MIAMI BEACH FL 33141,Condominium,Expired,Yes,01-31-2026
CR23004711,"LINCOLN WEST TOWERS CONDOMINIUM, INC.",1331 LINCOLN RD MIAMI BEACH FL 33139,Condominium,Issued,No,01-31-2027
CR23004712,"SILVER PALMS AT DADELAND CONDOMINIUM ASSOCIATION, INC.",7401 SW 82 ST MIRAMAR FL 33143,Condominium,Issued,No,01-31-2027
CR23004713,"DELVISTA TOWERS CONDOMINIUM ASSOCIATION, INC.",20225 NE 34 COURT AVENTURA FL 33180,Condominium,Issued,No,01-31-2027
CR23004714,"101 CONDOMINIUM ASSOCIATION, INC.",101 SUNRISE DRIVE KEY BISCAYNE FLORIDA 33149,Condominium,Issued,No,01-31-2027
CR23004715,HALCON VILLAS CONDOMINIUM #7 ASSOCIATION INC,1365 WEST 41 ST HIALEAH FL 33012,Condominium,Issued,No,01-31-2027
CR23004716,"WESTLAND PARK CONDOMINIUM ASSOCIATION, INC., # 4",1760 W 60TH ST #4 HIALEAH FL 33012-6880,Condominium,Issued,No,01-31-2027
CR23004717,"LUZ DE ANDALUCIA CONDO ASSOCIATION, INC",13791 SW 160TH STREET MIAMI FL 33177-1249,Condominium,Issued,No,01-31-2027
CR23004718,"KENDALE LAKES VILLAS HOMES ASSOCIATION, INC.",13712 KENDALE LAKES DR HOMESTEAD FL 33183,Homeowner,Issued,No,01-31-2027
CR23004719,"DEERWOOD TOWNHOMES ASSOCIATION, INC.",15600 SW 288 STREET #406 HOMESTEAD FL 33033,Homeowner,Issued,No,01-31-2027
CR23004720,"BELLA SALZEDO I CONDOMINIUM ASSOCIATION, INC.",1300 SALZEDO ST CORAL GABLES FL 33134,Condominium,Expired,No,01-31-2026
CR23004721,THE PALMS OF MIAMI CONDOMINIUM ASSOCIATION,1300 NE 109 STREET MIAMI FL 33161,Condominium,Issued,No,01-31-2027
CR23004722,"THE OAKS AT MIAMI GARDENS CONDOMINIUM ASSOCIATION, INC.",5600 S.W. 135 AVENUE MIAMI FL 33183,Condominium,Issued,No,01-31-2027
CR23004723,"LAKE PLACID CONDOMINIUM ASSOCIATION, INC.",13910 LAKE PLACID CT MIAMI LAKES FL 33014,Condominium,Issued,No,01-31-2027
CR23004724,"WESTLAND PARK CONDO ASSOC #7, INC.",1720 W 60 ST HIALEAH FL 33012,Condominium,Issued,No,01-31-2027
CR23004725,"LAS BRISAS AT DORAL CONDOMINIUM NO. 7 ASSOCIATION, INC.",5660 NW 115 CT DORAL FL 33178,Condominium,Expired,Yes,01-31-2026
CR23004726,GARDEN APARTMENTS CONDOMINIUM ASSOCIATION INC,248 MAJORCA AVENUE CORAL FLORIDA 33134,Condominium,Issued,No,01-31-2027
CR23004727,"OXFORD COURT CONDOMINIUM ASSOCIATION, INC",13655 NE 10 AVE NORTH MIAMI FLORIDA 33161,Condominium,Expired,Yes,02-01-2024
CR23004728,"ALAMEDA JARDINS CONDOMINIUM ASSOCIATION, INC.",2310-2390 WEST 74TH STREET HIALEAH FL 33016,Condominium,Issued,No,01-31-2027
CR23004729,"11 11 RESIDENCES CONDOMINIUM ASSOCIATION, INC.",1665 ALTON RD MIAMI FL 33139,Condominium,Issued,No,01-31-2027
CR23004730,"11 11 EAST RESIDENCES CONDOMINIUM ASSOCIATION, INC.",1664 LENOX AVE MIAMI FL 33139,Condominium,Issued,No,01-31-2027
CR23004732,"TERZETTO VILLAS HOMEOWNERS' ASSOCIATION, INC.",18430 NE 27 CT AVENTURA FLORIDA 33160,Homeowner,Issued,No,01-31-2027
CR23004733,"SOLE MIA PROPERTY OWNERS ASSOCIATION, INC.",2207 SOLE MIA SQUARE LANE NORTH MIAMI FLORIDA 33181,Master Association,Issued,No,01-31-2027
CR23004734,"TERZETTO MASTER ASSOCIATION, INC",18430 NE 27TH CT AVENTURA FLORIDA 33160,Master Association,Issued,No,01-31-2027
CR23004735,"THE NEW FRENCH VILLAGE CONDOMINIUM ASSOCIATION, INC.",2600 SEGOVIA STREET CORAL GABLES FL 33134,Condominium,Issued,No,01-31-2027
CR23004736,"BECKFORD PLACE CONDOMINIUM ASSOCIATION, INC.",413 SWALLOW DRIVE MIAMI SPRINGS FL 33166,Condominium,Issued,No,01-31-2027
CR23004737,"EL GRECO CONDOMINIUM ASSOCIATION, INC.",7905-7995 WEST 30 COURT HIALEAH FL 33018,Condominium,Issued,No,01-31-2027
CR23004738,"CAMBRIDGE TOWNHOUSES CONDOMINIUM ASSOCIATION, INC.",1141 99TH STREET MIAMI FL 33184,Condominium,Issued,No,01-31-2027
CR23004739,"HARRIET COURT CONDOMINIUM ASSOCIATION, INC",1500 PENNSYLVANIA AVE MIAMI BEACH FL 33139,Condominium,Issued,No,01-31-2027
CR23004740,"HIGHLAND PARK LOFTS CONDOMINIUM ASSOCIATION, INC.",1350 NW 8TH COURT MIAMI FL 33156,Condominium,Issued,No,01-31-2027
CR23004741,"RO MONT GARDENS ANDOVER CONDOMINIUM ""G"" , INC",100 NW 204TH STREET BOX 24 MIAMI GARDENS FL 33179,Condominium,Issued,No,01-31-2027
CR23004742,"OAKVIEW VILLAS CONDOMINIUM ASSOCIATION, INC",3103 OAK AVE MIAMI FL 33133,Condominium,Issued,No,01-31-2027
CR23004743,"LASER CONDOMINIUM ASSOCIATION, INC.",201 JEFFERSON AVE MIAMI BEACH FL 33139,Condominium,Issued,No,01-31-2027
CR23004744,"WEST SIDE PLAZA CONDO ASSOCIATION,INC., A CONDOMINIUM",1439 WEST AVENUE MIAMI BEACH FL 33139,Condominium,Issued,No,01-31-2027
CR23004745,"VILLAS AT 33RD AVENUE CONDOMINIUM ASSOCIATION, INC.",2764 SW 33 AVE MIAMI FL 33133,Condominium,Issued,No,01-31-2027
CR23004746,"OCEAN SHORE COOP. APTS., INC.",200 76TH STREET MIAMI BEACH FL 33141,Cooperative,Expired,Yes,01-31-2026
CR23004747,MICHIGAN MANOR CONDOMINIUM INC,1590 MICHIGAN AVE MIAMI BEACH FL 33139,Condominium,Issued,No,01-31-2027
CR23004748,"GROVE TROPIC CONDO ASSOCIATION, INC.",3111 SHIPPING AVE MIAMI FL 33133,Condominium,Expired,Yes,01-31-2026
CR23004749,"THE EDGES AT 4TH ST. CONDOMINIUM ASSOCIATION, INC.",1040 SW 4 ST MIAMI FL 33130,Condominium,Issued,No,01-31-2027
CR23004750,"GREEN HILLS PARK WEST NO. 5, INC.",17070 SW 112 COURT MIAMI FL 33157,Condominium,Abandoned,No,
CR23004751,"GREEN HILLS PARK WEST NO. 2, INC.",17070 SW 112 COURT MIAMI FL 33157,Condominium,Issued,No,01-31-2027
CR23004753,"GREEN HILLS PARK WEST NO. 3, INC.",17070 SW 112 COURT MIAMI FL 33157,Condominium,Issued,No,01-31-2027
CR23004754,"GREEN HILLS PARK WEST NO. 4, INC.",17070 SW 112 CT MIAMI FL 33157,Condominium,Issued,No,01-31-2027
CR23004755,"GREEN HILLS PARK WEST NO. 1, INC.",17070 SW 112 COURT MIAMI FL 33157,Condominium,Issued,No,01-31-2027
CR23004756,"EASTERN WATERWAY CONDOMINIUM ASSOCIATION, INC",701 SOUTH ROYAL POINCIANA BLVD MIAMI LAKES FL 33166,Condominium,Issued,No,01-31-2027
CR23004757,"BRICKELL TEN CONDOMINIUM ASSOCIATION, INC.",1010 SW 2ND AVE MIAMI FL 33130,Condominium,Issued,No,01-31-2027
CR23004759,"KOHINOOR I CONDOMINIUM ASSOCIATION, INC.",3085- 3087 MCDONALD STREET 3171-3173 SHIPPING AVENUE MIAMI FL 33133,Condominium,Issued,No,01-31-2027
CR23004760,"PINEBROOKE CONDOMINIUM W ASSOCIATION, INC.",9460 SW 146TH STREET MIAMI FL 33176,Condominium,Issued,No,01-31-2027
CR23004761,"EXPO TOWERS CONDOMINIUM ASSOCIATION, INC.",2295 WEST 53 PLACE HIALEAH FL 33016,Condominium,Issued,No,01-31-2027
CR23004762,"VANDERBILT PARK TOWNHOUSES CONDOMINIUM ASSOCIATION, INC.","16 AVE NE 151 ST MIAMI LAKES, FL 33016 FLORIDA 33162",Condominium,Expired,Yes,01-31-2026
CR23004763,"LAS BRISAS TOWNHOUSE APARTMENTS CONDOMINIUM-NO. 2 ASSOCIATION, INC.",4100-4136 WEST 14TH AVENUE HIALEAH FL 33012,Condominium,Issued,No,01-31-2027
CR23004764,"FOREST VIEW CONDOMINIUM ASSOCIATION, INC.",3124 JACKSON AVE MIAMI FL 33133,Condominium,Issued,No,01-31-2027
CR23004765,"STAR LAKES ASSOCIATION, INC. (A CONDOMINIUM ASSOCIATION)",19100 NE 3RD AVENUE MIAMI FLORIDA 33179,Condominium,Expired,Yes,02-01-2024
CR23004766,"WESTLAND VALLEY CONDOMINIUM, A CONDOMINIUM ASSOCIATION, INC.",1660 W. 58TH STREET HIALEAH FL 33012,Condominium,Issued,No,01-31-2027
CR23004767,1235 MERIDIAN CONDO ASSOCIATION CORP.,1235 MERIDIAN AVENUE MIAMI BEACH FL 33139,Condominium,Issued,No,01-31-2027
CR23004769,"LAKES CLUBHOUSE, INCORPORATED",14551 SW 136 PLACE MIAMI FL 33186,Homeowner,Issued,No,01-31-2027
CR23004770,"SUNSHINE BAY CONDOMINIUM ASSOCIATION, INC",1441 LINCOLN ROAD MIAMI BEACH FL 33139,Condominium,Issued,No,01-31-2027
CR23004771,"LAKEBELLE CONDOMINIUM NO. THREE, INC.",5815-5883 WEST 28TH AVENUE HIALEAH FL 33012,Condominium,Issued,No,01-31-2027
CR23004772,"RIVERWOOD CONDOMINIUM ASSOCIATION, INC.",19204 NE 25TH AVE NORTH MIAMI BEACH FL 33180,Condominium,Expired,Yes,01-31-2026
CR23004773,KENDALE LAKES NORTH SECTION NINE HOA INC,9100 S. DADELAND BLVD. SUITE 1500 MIAMI FL 33156,Homeowner,Issued,No,01-31-2027
CR23004774,"1245 WEST AVENUE CONDOMINIUM ASSOCIATION, INC.",1245 WEST AVENUE MIAMI FL 33156,Condominium,Issued,No,01-31-2027
CR23004775,"BRISAS DEL LAGO CONDOMINIUM ASSOCIATION, INC.",2030 SW 122 AVE MIAMI FL 33156,Condominium,Issued,No,01-31-2027
CR23004776,"LES FLAMANTS CONDO ASSN., INC.",5631 W 28 AVE MIAMI FL 33156,Condominium,Issued,No,01-31-2027
CR23004777,"INTERNATIONAL TOWERS CONDOMINIUM ASSOCIATION, INC.",2055 SW 122 AVENUE MIAMI FL 33175,Condominium,Issued,No,01-31-2027
CR23004778,"CORAL TOWERS (DADE COUNTY) CONDOMINIUM ASSOCIATION, INC.",2075 SW 122 AVE MIAMI FL 33156,Condominium,Issued,No,01-31-2027
CR23004779,"1785 MARSEILLE DRIVE CONDOMINIUM ASSOCIATION, INC.",1785 MARSEILLE DR MIAMI BEACH FL 33141,Condominium,Expired,Yes,01-31-2026
CR23004780,PARADISE POINTE COMMUNITY ASSOCIATION INC.,11020 SW 196TH STREET MIAMI FL 33157,Master Association,Issued,No,01-31-2027
CR23004781,"OPERA TOWER CONDOMINIUM ASSOCIATION, INC.",1750 NORTH BAYSHORE DRIVE MIAMI FL 33132,Condominium,Issued,No,01-31-2027
CR23004782,"ROYAL SINGAPORE LAKE TOWNHOUSE ASSOCIATION, INC.",19735 WEST LAKE DR HIALEAH FLORIDA 33015,Homeowner,Issued,No,01-31-2027
CR23004783,"RIVER BREEZE CONDOMINIUM ASSOCIATION, INC.",134 SW 7TH AVE MIAMI FLORIDA 33130,Condominium,Issued,No,01-31-2027
CR23004784,"HAMPSHIRE HOMES AT DEERWOOD ASSOCIATION, INC.",SW 127TH AVE & SW 143 STREET HOMESTEAD FLORIDA 33033,Homeowner,Issued,No,01-31-2027
CR23004785,"ASHLEY B CONDOMINIUM ASSOCIATION, INC.",1753 SW 13TH ST MIAMI FL 33145,Condominium,Issued,No,01-31-2027
CR23004786,"COCOWALK ESTATES HOMEOWNER'S ASSOCIATION, INC.",220 NE 12 AVENUE HOMESTEAD FL 33030,Homeowner,Issued,No,01-31-2027
CR23004787,"WINSTON TOWERS 400 ASSOCIATION, INC.",231 174 ST MIAMI BEACH FL 33160,Condominium,Expired,Yes,02-01-2024
CR23004788,"GRETA CONDOMINIUM ASSOCIATION, INC.",920 EUCLID AVE MIAMI BEACH FL 33139,Condominium,Issued,No,01-31-2027
CR23004789,"MAR-LEN GARDENS MANAGEMENT CORPORATION, INC.",16800 NE 14 AVE NORTH MIAMI BEACH FL 33162-2836,Master Association,Issued,No,01-31-2027
CR23004791,THE BERKELEY CONDOMINIUM ASSOCIATION INC.,10900 SW 104 STREET MIAMI FLORIDA 33176,Condominium,Issued,No,01-31-2027
CR23004792,"G.I.D. ASSOCIATION OF CONDOMINIUMS, INC.",3144 GIFFORD LANE MIAMI FL 33133,Condominium,Issued,No,01-31-2027
CR23004793,"2927 DAY AVENUE CONDOMINIUM ASSOCIATION, INC.",2927 DAY AVENUE MIAMI FL 33133,Condominium,Issued,No,01-31-2027
CR23004795,"LAS PALMAS LITTLE HAVANA CONDOMINIUM ASSOCIATION, INC.",140 NW 14TH AVE MIAMI FL 33125,Condominium,Issued,No,01-31-2027
CR23004796,"BELLA VISTA AT NORMANDY ISLES CONDOMINIUM ASSOCIATION, INC.",1950-1960 BIARRITZ DRIVE MIAMI FL 33141,Condominium,Issued,No,01-31-2027
CR23004797,"HALCON VILLAS CONDOMINIUM NO. 8 ASSOCIATION, INC",1375-1395 WEST 41ST STREET HIALEAH FL 33012,Condominium,Issued,No,01-31-2027
CR23004798,"3070-3072 NEWYORK CONDOMINIUM ASSOCIATION, INC",3070 NEW YORK STREET MIAMI FLORIDA 33133,Condominium,Issued,No,01-31-2027
CR23004799,"NATALIE SUITES CONDOMINIUM ASSOCIATION, INC.",2301-2325 WEST 60TH STREET HIALEAH FL 33016,Condominium,Issued,No,01-31-2027
CR23004800,"VILLAS AT WOODSIDE I CONDOMINIUM ASSOCIATION, INC.",1621 SW 23RD STREET MIAMI FL 33145,Homeowner,Closed,Yes,02-01-2024
CR23004801,"COBALT CONDO ASSN, INC",2195 BAY DR MIAMI BEACH FL 33141,Condominium,Issued,No,01-31-2027
CR23004802,"COCONUT GROVE NEW YORK STREET 3092-3094 CONDOMINIUM ASSOCIATION, INC.",3092-3094 NEW YORK ST MIAMI FLORIDA 33133,Homeowner,Issued,No,01-31-2027
CR23004803,"RKR CONDOMINIUM ASSOCIATION, INC.",2967 BRIDGEPORT AVE MIAMI FLORIDA 33133,Condominium,Issued,No,01-31-2027
CR23004804,"PALM SPRINGS GARDENS BUILDING ONE CONDOMINIUM ASSOCIATION, INC.",110 ROYAL PALM ROAD HIALEAH GARDENS FL 33016,Condominium,Issued,No,01-31-2027
CR23004805,"PALM SPRINGS GARDENS BUILDING SIX CONDOMINIUM ASSOCIATION, INC.",160 ROYAL PALM ROAD HIALEAH FL 33016,Condominium,Issued,No,01-31-2027
CR23004806,"PORTOFINO BAY PROPERTY OWNERS ASSOCIATION, INC.",2293 NE 37 ROAD HOMESTEAD FL 33033,Homeowner,Issued,No,01-31-2027
CR23004807,"VILLAS OF DEERWOOD HOMEOWNERS' ASSOCIATION, INC.",15600 SW 288 STREET 406 HOMESTEAD FL 33033,Homeowner,Issued,No,01-31-2027
CR23004808,"KING COLE CONDOMINIUM ASSOCIATION, INC.",900 BAY DRIVE MIAMI BEACH FL 33141,Condominium,Issued,No,01-31-2027
CR23004809,"LINDGREN LAKE HOMEOWNERS ASSOCIATION, INC.",13020 SW 116 ST MIAMI FL 33186,Homeowner,Expired,Yes,01-31-2026
CR23004811,"SUNSET CONDOR CONDOMINIUM ASSOC., INC.",15600 SW 288 STREET 406 HOMESTEAD FL 33033,Condominium,Issued,No,01-31-2027
CR23004812,"JOURNEY'S END HOMEOWNERS ASSOCIATION, INC.",9590 JOURNEY'S END LANE CORAL GABLES FL 33156,Homeowner,Issued,No,01-31-2027
CR23004813,"GABLES POINT III CONDOMINIUM ASSOCIATION, INC.",4580 SW 68 CT CIR MIAMI FL 33155,Condominium,Issued,No,01-31-2027
CR23004814,"2975 JACKSON CONDOMINIUM ASSOCIATION , INC.",2975 JACKSON AVE MIAMI FL 33133,Homeowner,Issued,No,01-31-2027
CR23004818,"3050-52 DAY CONDOMINIUM ASSOCIATION, INC.",3050 DAY AVENUE MIAMI FL 33133,Homeowner,Issued,No,01-31-2027
CR23004819,"ST. MAARTEN AT GRAND BAY CONDOMINIUM ASSOCIATION, INC.",8930 NW 97 AVE DORAL FL 33178,Condominium,Issued,No,01-31-2027
CR23004820,"LAGO CONDOMINIUM, INC.",295 NW 72ND AVE MIAMI FL 33126-4359,Condominium,Issued,No,01-31-2027
CR23004821,"WOODBURY HOMEOWNERS ASSOCIATION, INC.",4601 SW 136 PLACE MIAMI FL 33175,Homeowner,Issued,No,01-31-2027
CR23004822,"1520 SALZEDO CONDOMINIUM ASSOCIATION, INC.",1520 SALZEDO ST CORAL GABLES FL 33134-3912,Condominium,Issued,No,01-31-2027
CR23004823,"ESPERANZA CONDOMINIUM ASSOCIATION, INC.",1575 SW 2ND ST MIAMI FL 33135,Condominium,Issued,No,01-31-2027
CR23004824,"2920-22 WEST TRADE CONDOMINIUM ASSOCIATION, INC.",2922 W TRADE AVE MIAMI FL 33133,Condominium,Issued,No,01-31-2027
CR23004825,"COLLONADE CONDOMINIUM ASSOCIATION, INC.",2237 NE 122 ST NORTH MIAMI FL 33181,Condominium,Expired,Yes,01-31-2026
CR23004827,"SHIPPING STREET CONDOMINIUM ASSOCIATION, INC",3111-3113 MARY ST MIAMI FL 33126,Condominium,Issued,No,01-31-2027
CR23004828,"3054 DAY AVENUE CONDOMINIUM ASSOCIATION, INC.",3054 DAY AVENUE #2 MIAMI FLORIDA 33133,Condominium,Issued,No,01-31-2027
CR23004829,"BISCAYNE LAKE GARDENS BUILDING ""A"", CORP., INC.",2865 NE 201 TER AVENTURA FLORIDA 33180,Cooperative,Issued,No,01-31-2027
CR23004830,"TRAPP AVENUE CONDOMINIUM ASSOCIATION, INC.",2566 TRAPP AVE MIAMI FL 33133,Condominium,Issued,No,01-31-2027
CR23004832,"TROPICAL COURT VILLAS CONDOMINIUM NO. 1 ASSOCIATION, INC.",8000-8090 W 28 CT HIALEAH FL 33018,Condominium,Issued,No,01-31-2027
CR23004833,"ROYAL PALM ESTATES HOMEOWNERS' ASSOCIATION, INC.",8290 NW 154 TERR MIAMI LAKES FL 33016,Homeowner,Issued,No,01-31-2027
CR23004836,"BARINZ CONDOMINIUM ASSOCIATION, INC.",1188 MARSEILLE DR MIAMI BEACH FL 33141,Condominium,Issued,No,01-31-2027
CR23004837,THE ASHEVILLE CONDOMINIUM ASSOCIATION INC.,3048 VIRGINIA ST MIAMI FLORIDA 33133,Homeowner,Issued,No,01-31-2027
CR23004839,"WESTLAND VILLAGE CONDOMINIUM ASSOCIATION, INC.",5285-5385 WEST 22 COURT HIALEAH FL 33012,Condominium,Issued,No,01-31-2027
CR23004840,"1236 DREXEL CONDOMINIUM ASSOCIATION, INC.",1236 DREXEL AVENUE MIAMI BEACH FL 33139,Condominium,Expired,Yes,01-31-2026
CR23004841,"PENN ELEVEN CO., INC.",1060 PENNSYLVANIA AVE MIAMI BEACH FL 33139,Cooperative,Issued,No,01-31-2027
CR23004842,"BISCAYNE LAKE GARDENS BUILDING ""B"", INC.",2880 NE 203 ST AVENTURA FL 33180,Cooperative,Issued,No,01-31-2027
CR23004843,"BISCAYNE LAKE GARDENS BUILDING ""J"" INC.",20200 NE 27 CT AVENTURA FL 33180,Cooperative,Issued,No,01-31-2027
CR23004844,"BISCAYNE LAKE GARDENS CONDOMINIUM NO. 2, INC.",2865 NE 201 TER AVENTURA FL 33180,Condominium,Issued,No,01-31-2027
CR23004845,"BISCAYNE LAKE GARDENS CONDOMINIUM NO. 1, INC.",2865 NE 201 TER AVENTURA FL 33180,Condominium,Issued,No,01-31-2027
CR23004846,"ENCLAVE AT THE PARK CONDOMINIUM ASSOCIATION, INC.",20520 NW 15 AVE MIAMI GARDENS FLORIDA 33169,Condominium,Expired,Yes,01-31-2026
CR23004848,"SOUTH BEACH RESIDENCES CONDOMINIUM ASSOCIATION, INC.",831 10TH STREET MIAMI BEACH FL 33139,Condominium,Issued,No,01-31-2027
CR23004849,"LA BOUTIQUE CONDOMINIUM ASSOCIATION, INC.",2560 NE 190 STREET MIAMI FL 33180,Condominium,Issued,No,01-31-2027
CR23004850,"CORAL PALMS CONDOMINIUM ASSOCIATION, INC.",2400 SW 3 AVE MIAMI FL 33129,Condominium,Issued,No,01-31-2027
CR23004851,"CENTER PEQUENA HABANA CONDOMINIUM ASSOCIATION, INC.",1351 SW 4 STREET MIAMI FL 33135,Condominium,Issued,No,01-31-2027
CR23004852,"VILLA ISABELLA CONDOMINIUM ASSOCIATION, INC",322 MADEIRA AVE CORAL GABLES FLORIDA 33134,Condominium,Issued,No,01-31-2027
CR23004853,"COUNTRY CLUB OF MIAMI 44 NORTH ASSOCIATION, INC.",19600 BOB-O-LINK DRIVE MIAMI FL 33015,Homeowner,Issued,No,01-31-2027
CR23004854,"BISCAYA III CONDOMINIUM ASSOCIATION, INC.","20500 W COUNTRY CLUB DR AVENTURA, FL FL 33180",Condominium,Issued,No,01-31-2027
CR23004855,TWIN HOMES VILLAGE II CONDOMINIUM ASSOCIATION INC.,2463 SW 11 ST MIAMI FL 33135,Condominium,Issued,No,01-31-2027
CR23004856,"WOODGATE ASSOCIATION, INC.",6908 SW 128TH CT HOMESTEAD FL 33033,Homeowner,Issued,No,01-31-2027
CR23004859,"CENTURY LAKES TOWNHOMES ASSOCIATION, INC.",15600 SW 288 ST HOMESTEAD FLORIDA 33033,Homeowner,Issued,No,01-31-2027
CR23004861,"CENTER COCOANUT GROVE CONDOMINIUM ASSOCIATION, INC.",2918 CENTER STREET MIAMI FL 33133,Condominium,Issued,No,01-31-2027
CR23004863,"ASSOCIATION OF HOMEOWNERS AT OAKRIDGE ESTATES II, INC.",9657 SW 124 ST HOMESTEAD FL 33176,Homeowner,Issued,No,01-31-2027
CR23004865,ROYAL PALM 47 CONDOMINIUM ASSOCIATION INC.,170-180 ROYAL PALM RD HIALEAH GARDENS FL 33016,Condominium,Issued,No,01-31-2027
CR23004866,OAK PLACE CONDO ASSN INC,3070 MATILDA STREET MIAMI FL 33133,Condominium,Closed,Yes,01-31-2025
CR23004867,CENTRO CONDOMINIUM ASSOCIATION INC.,9 EAST 4TH STREET HIALEAH FL 33010,Condominium,Issued,No,01-31-2027
CR23004868,"FONTANAR TOWNHOMES CONDOMINIUM ASSOCIATION, INC.",1680 WEST 59 ST HIALEAH FL 33012,Condominium,Issued,No,01-31-2027
CR23004869,"MONTICELLO ARMS CONDOMINIUM ASSOCIATION, INC.",901 JEFFERSON AVENUE MIAMI BEACH FL 33139,Condominium,Issued,No,01-31-2027
CR23004870,"THE CLIPPER CONDOMINIUM ASSOCIATION, INC.",880 NE 69 STREET MIAMI FL 33138,Condominium,Issued,No,01-31-2027
CR23004871,"THE AXIS ON BRICKELL II CONDOMINIUM ASSOCIATION, INC.",1111 SW 1ST AVNUE MIAMI FL 33130,Condominium,Issued,No,01-31-2027
CR23004873,"DEERWOOD HOMEOWNERS ASSOCIATION, INC.",14675 SW 122 AVE MIAMI FL 33186,Master Association,Issued,No,01-31-2027
CR23004874,"TEE TIME CONDO ASSN, INC",1000 5TH STREET SUITE 1316 MIAMI BEACH FL 33139,Condominium,Abandoned,No,
CR23004875,"2201 COLLINS AVENUE CONDOMINIUM ASSOCIATION, INC.",2201 COLLINS AVENUE MIAMI BEACH FL 33139,Condominium,Expired,Yes,01-31-2026
CR23004876,"COUNTRY LANE CONDOMINIUM NO. 2 ASSOCIATION, INC.",17000 NW 67 AVE MIAMI FL 33015,Condominium,Issued,No,01-31-2027
CR23004877,"WINGS II TOWNHOUSE APARTMENTS CONDOMINIUM ASSOCIATION, INC.",696-688 FORREST DRIVE MIAMI SPRINGS FL 33166,Condominium,Issued,No,01-31-2027
CR23004878,"SUNNY GROVE CONDOMINIUM ASSOCIATION, INC.",2637 SW 34 AVE MIAMI FL 33133,Condominium,Issued,No,01-31-2027
CR23004880,"THE KETTLES CONDOMINIUM ASSOCIATION, INC.",3148-3154 MARY ST MIAMI FL 33133,Condominium,Issued,No,01-31-2027
CR23004881,"ORANGE PARC CONDOMINIUM ASSOCIATION, INC.",3051 ORANGE ST MIAMI FLORIDA 33133,Condominium,Expired,Yes,01-31-2026
CR23004882,"GROVE COVE CONDOMINUM ASSOCIATION, INC.",3121 MARY ST B MIAMI FL 33133,Condominium,Issued,No,01-31-2027
CR23004883,"SHERBROOKE APTS., INC.",901 COLLINS AVE MIAMI BEACH FL 33139,Cooperative,Issued,No,01-31-2027
CR23004884,"TIGERTAIL VILLAS CONDOMINIUM ASSOCIATION, INC.",2637 TIGERTAIL AVE MIAMI FL 33133,Condominium,Issued,No,01-31-2027
CR23004885,"GIFFORD PLACE CONDOMINIUM ASSOCIATION, INC.",3091 GIFFORD LANE MIAMI FLORIDA 33133,Condominium,Issued,No,01-31-2027
CR23004887,"3025-3037 ELIZABETH STREET CONDOMINIUM ASSOCIATION, INC.",3027 ELIZABETH ST MIAMI FL 33133,Condominium,Issued,No,01-31-2027
CR23004888,"BYRON TOWERS, INC. A CONDOMINIUM",8001 BYRON AVE MIAMI BEACH FL 33141,Condominium,Issued,No,01-31-2027
CR23004889,"THE TOWNHOMES OF QUAYSIDE - BAYFRONT CONDOMINIUM ASSOCIATION, INC.",5000 NE QUAYSIDE TERRACE MIAMI SHORES FLORIDA 33138,Condominium,Issued,No,01-31-2027
CR23004891,"DORAL GRAND CONDOMINIUM, INC.",5755 NW 109TH AVENUE MIAMI LAKES FL 33178,Condominium,Issued,No,01-31-2027
CR23004892,"THE FOUNTAINVIEW CLUB NO. IV, INC.",925 PALERMO AVENUE CORAL GABLES FL 33134,Cooperative,Issued,No,01-31-2027
CR23004893,"B. L. G. CONDOMINIUM, INC.",7990 CRESPI BLVD MIAMI BEACH FL 33141,Condominium,Issued,No,01-31-2027
CR23004894,ALHAMBRA VI CONDOMINIUM ASSOCIATION INC.,2260 WEST 55TH STREET HIALEAH FLORIDA 33016,Condominium,Issued,No,01-31-2027
CR23004895,"WEST LANE TOWNHOMES CONDOMINIUM ASSOCIATION, INC.",5490 WEST 22 LANE UNIT #7 HIALEAH FL 33016,Condominium,Issued,No,01-31-2027
CR23004896,BRICKELL VISTA CONDOMINIUM ASSOCIATION INC.,900 SW 8TH ST MIAMI FLORIDA 33130,Condominium,Issued,No,01-31-2027
CR23004897,"SUNNY GROVE #2 CONDOMINIUM ASSOCIATION, INC.",2936 SW 23RD TER MIAMI FL 33145,Condominium,Issued,No,01-31-2027
CR23004898,"DEVON-AIRE VILLAS HOMEOWNERS ASSOCIATION NO. 3, INC.",112 ST SW 124 AVE (INTERSECTION) MIAMI FL 33186,Homeowner,Issued,No,01-31-2027
CR23004900,"VILLAS OF HOMESTEAD CONDOMINIUM ASSOCIATION, INC.",59 NW 10 ST MIAMI FL 33173,Condominium,Issued,No,01-31-2027
CR23004902,CORAL POINTE TOWNHOMES CONDOMINIUM ASSOCIATION INC.,8540 NW 6 LANE DORAL FL 33172,Condominium,Issued,No,01-31-2027
CR23004903,"CORAL TERRACE CONDO ASSOCIATION OF MIAMI, INC.",7000 SW 23 ST MIAMI FLORIDA 33155,Condominium,Issued,No,01-31-2027
CR23004904,"SANDALWOOD CONDOMINIUM ASSOCIATION, INC.",802-854 NW 87 AVE MIAMI FL 33172,Condominium,Issued,No,01-31-2027
CR23004906,MIAMI BEACH VICTORIA CONDOMINIUM ASSOCIATION INCORPORATED,818 MERIDIAN AVENUE MIAMI BEACH FLORIDA 33139,Condominium,Issued,No,01-31-2027
CR23004907,"FOUNTAIN PARK VILLAGE HOMES COMMUNITY ASSOCIATION, INC.",6700 - 6998 NW 166 TERRACE MIAMI LAKES FL 33014,Condominium,Issued,No,01-31-2027
CR23004908,"FIRST WEST LAKE CONDOMINIUM ASSOCIATION, INC.",5361 W 20TH CT HIALEAH FL 33016,Condominium,Issued,No,01-31-2027
CR23004909,"SUMMERTREE VILLAGE AT THE CALIFORNIA CLUB CONDOMINIUM ASSOCIATION,INC.",551 IVES DAIRY RD MIAMI FL 33179,Condominium,Issued,No,01-31-2027
CR23004910,"COCONUT KEY CONDOMINIUM ASSOCIATION, INC.",3046 ORANGE STREET MIAMI FL 33133,Condominium,Issued,No,01-31-2027
CR23004911,"PENN PLAZA ASSOCIATION, INC.",1530 PENNSYLVANIA AVENUE MIAMI BEACH FL 33139,Homeowner,Issued,No,01-31-2027
CR23004912,"THE BEACH CLUB AT FONTAINEBLEAU PARK CONDOMINIUM ASSOCIATION, INC.",9361 FONTAINEBLEAU BLVD MIAMI FLORIDA 33172,Condominium,Expired,Yes,01-31-2026
CR23004914,"CORNER VIEW TOWNHOMES AT EASTERN SHORES CONDOMINIUM ASSOCIATION, INC",3505 NE 166 ST NORTH MIAMI BEACH FLORIDA 33160,Homeowner,Issued,No,01-31-2027
CR23004915,"CASA REAL CONDOMINIUM ASSOCIATION, INC.",1480 WEST 46 STREET HIALEAH FL 33012,Condominium,Issued,No,01-31-2027
CR23004916,"THE GRAMERCY CONDOMINIUM ASSOCIATION OF SOUTH BEACH, INC",911 3RD ST MIAMI BEACH FLORIDA 33139,Condominium,Issued,No,01-31-2027
CR23004917,"DAYLIGHT'S CONDOMINIUM ASSOCIATION, INC",3001 DAY AVE MIAMI FL 33133,Condominium,Issued,No,01-31-2027
CR23004918,"TEQUESTA POINT AT BRICKELL KEY HOMEOWNERS' ASSOCIATION, INC.",808 BRICKELL KEY DR MIAMI FL 33131,Homeowner,Issued,No,01-31-2027
CR23004920,"JEFFERSON PLACE DEVELOPMENT CONDOMINIUM ASSOCIATION, INC.",826 7 ST MIAMI BEACH FL 33139,Condominium,Issued,No,01-31-2027
CR23004921,"COSTA LINDA CONDOMINIUM ASSOCIATION, INC.",5446 NW 107TH AVE DORAL FL 33166,Condominium,Issued,No,01-31-2027
CR23004922,"KENLAND POINTE CONDO IV, INC.",9255 SW 125TH AVE MIAMI BEACH FL 33139,Condominium,Issued,No,01-31-2027
CR23004923,"SHOLOM HOUSE, INC.",260 OCEAN DR MIAMI BEACH FL 33139,Condominium,Issued,No,01-31-2027
CR23004925,"COSTA DEL SOL ASSOCIATION, INC.",1 COSTA DEL SOL BLVD DORAL FLORIDA 33178,Condominium,Issued,No,01-31-2027
CR23004926,"EL LAGO N.W. 7TH CONDOMINIUM ASSOCIATION, INC.",5501-5505 NW 7 ST MIAMI FLORIDA 33126,Condominium,Issued,No,01-31-2027
CR23004927,"BIRD VILLAS CONDOMINIUM ASSOCIATION, INC.",3680-3936 SW 69 AVE MIAMI FL 33155,Condominium,Issued,No,01-31-2027
CR23004928,"WESTCHESTER POINT CONDOMINIUM ASSOCIATION, INC.",995 SW 84 AVE MIAMI FL 33144,Condominium,Issued,No,01-31-2027
CR23004929,"PARKWAY TOWERS CONDOMINIUM ASSOCIATION, INC.",15600 NW 7TH AVENUE MIAMI FL 33169,Condominium,Issued,No,01-31-2027
CR23004930,"VISIONS AT FOUNTAINBLEAU PARK II, CONDOMINIUM ASSOCIATION, INC",8401 NW 8 ST MIAMI FLORIDA 33126,Condominium,Issued,No,01-31-2027
CR23004931,"EVERGREEN HOMES VILLAGE HOMEOWNERS ASSOCIATON, INC.","13155 SW 42ND ST MIAMI, FL FL 33175",Homeowner,Issued,No,01-31-2027
CR23004932,"SPRINGWOOD TOWNHOUSES CONDOMINIUM ASSOCIATION, INC",3805 SW 103 AVENUE MIAMI FL 33165,Condominium,Issued,No,01-31-2027
CR23004933,"ALLAMANDA VILLAS CONDOMINIUM ASSOCIATION, INC.",3047 ALLAMANDA STREET MIAMI FL 33133,Condominium,Issued,No,01-31-2027
CR23004934,"KEYSTONE PARK CONDOMINIUM ASSOCIATION, INC.",4242 NW 2ND ST MIAMI FL 33126,Condominium,Issued,No,01-31-2027
CR23004936,"SUNRISE #2 CONDOMINIUM ASSOCIATION, INC.",400 NE 18 AVE HOMESTEAD FL 33033,Condominium,Issued,No,01-31-2027
CR23004937,"CASA ZAMORA CONDOMINIUM ASSOCIATION, INC.",406 ZAMORA AVE CORAL GABLES FL 33134,Condominium,Issued,No,01-31-2027
CR23004938,"3055-3057 MIAMI CONDOMINIUM ASSOCIATION, INC.",3057 SOUTHWEST 21ST TERRACE MIAMI FL 33145-2321,Condominium,Issued,No,01-31-2027
CR23004940,"INDIANA GROVE CONDOMINIUM ASSOCIATION, INC.",3050 INDIANA STREET MIAMI FLORIDA 33133,Condominium,Issued,No,01-31-2027
CR23004941,"WATERWAY PLAZA, INC.",7900 TATUM WATERWAY DR MIAMI BEACH FL 33141,Condominium,Issued,No,01-31-2027
CR23004942,"MIAMI BEACH TOWNHOUSES CONDOMINIUM ASSOCIATION, INC.",619 MICHIGAN AVE MIAMI BEACH FLORIDA 33139,Condominium,Issued,No,01-31-2027
CR23004943,"WESTCHESTER LUXURY, INC",8990 SW 24 STREET MIAMI FL 33165,Condominium,Issued,No,01-31-2027
CR23004944,"GROVE AT ALLAMANDA CONDOMINIUM ASSOCIATION, INC.",3059 ALLAMANDA ST MIAMI FL 33133,Condominium,Issued,No,01-31-2027
CR23004945,"PENT CONDOMINIUM ASSOCIATION, INC.",3035-3041 ORANGE STREET MIAMI FL 33133,Condominium,Issued,No,01-31-2027
CR23004946,"3041 MARY STREET CONDOMINIUM ASSOCIATION, INC.",3041 MARY ST MIAMI FL 33133,Condominium,Issued,No,01-31-2027
CR23004947,"COCONUT VILLAS CONDOMINIUM ASSOCIATION, INC.",3221 VIRGINIA STREET MIAMI FL 33133,Condominium,Issued,No,01-31-2027
CR23004948,"2870 PINE TREE CONDOMINIUM ASSOCIATION, INC.",287O PINE TREE DRIVE MIAMI BEACH FLORIDA 33140,Condominium,Issued,No,01-31-2027
CR23004949,THE FOUNTAINVIEW CLUB NO. III,935 PALERMO AVENUE CORAL GABLES FL 33134,Cooperative,Issued,No,01-31-2027
CR23004950,"CYNERGI CONDOMINIUM ASSOCIATION, INC.",2700 NORTH MIAMI AVE MIAMI FL 33127,Condominium,Issued,No,01-31-2027
CR23004951,"FLAMINGO LAKE ASSOCIATION, INC.",1665 W 72 ST HIALEAH FL 33014,Homeowner,Abandoned,No,
CR23004952,WAYSIDE CONDOMINIUM ASSOCIATION INC,7710 SW 98TH ST MIAMI FL 33155,Condominium,Issued,No,01-31-2027
CR23004953,"TRANQUILITY HOUSE , INC.",358 EUCLID AVE MIAMI BEACH FL 33139,Cooperative,Closed,Yes,02-01-2024
CR23004954,"3211 DAY AVENUE CONDOMINIUM ASSOCIATION, INC.",3211 DAY AVE MIAMI FL 33131,Condominium,Issued,No,01-31-2027
CR23004955,"WEST OAKS CONDOMINIUM ASSOCIATION, INC",833 WEST AVENUE MIAMI BEACH FLORIDA 33139,Condominium,Issued,No,01-31-2027
CR23004958,"LA CANADIENNE CONDOMINIUM ASSOCIATION, INC.",3545 NE 167 ST NORTH MIAMI BEACH FL 33160,Condominium,Issued,No,01-31-2027
CR23004959,"CHRISTINE VILLAS CONDOMINIUM ASSOCIATION, INC.",5425-5461 W 26 AVE HIALEAH FL 33016,Condominium,Issued,No,01-31-2027
CR23004960,"CORAL ISLE WEST ASSOCIATION, INC",3545 NE 166 STREET NORTH MIAMI FLORIDA 33160,Condominium,Issued,No,01-31-2027
CR23004961,"3036 MATILDA STREET CONDOMINIUM ASSOCIATION, INC.",3036 MATILDA ST MIAMI FLORIDA 33133,Condominium,Issued,No,01-31-2027
CR23004962,"EL POLO CONDOMINIUM ASSOCIATION, INC.",401 SW 109 AVENUE MIAMI FLORIDA 33174,Condominium,Issued,No,01-31-2027
CR23004963,"LEJEUNE MANOR CONDOMINIUM ASSOCIATION, INC.",1201 SW 42 AVE MIAMI FL 33134,Condominium,Issued,No,01-31-2027
CR23004964,"MANGO HILL CONDOMINIUM ASSOCIATION NO.6, INC.",11 LANE AND 40 STREET HIALEAH FL 33012,Condominium,Issued,No,01-31-2027
CR23004965,"RIVER BREEZE II CONDOMINIUM ASSOCIATION, INC.",1453 SW 3RD STREET MIAMI FL 33135,Condominium,Issued,No,01-31-2027
CR23004966,"TOWER 1800 CONDOMINIUM, INC.",1800 COLLINS AVE MIAMI BEACH FL 33139,Condominium,Issued,No,01-31-2027
CR23004967,"THE ODESSA CONDOMINIUM, INC.",7625 HARDING AVE MIAMI FL 33141,Condominium,Issued,No,01-31-2027
CR23004968,"1218 DREXEL CONDOMINIUM ASSOCIATION, INC.",1218 DREXEL MIAMI BEACH FL 33139,Condominium,Issued,No,01-31-2027
CR23004970,"PUEBLO DEL SOL HOMEOWNERS ASSOCIATION, INC.",10500 SW 68 STREET MIAMI FLORIDA 33173,Homeowner,Issued,No,01-31-2027
CR23004971,"MONTE BELLO TOWNHOUSES CONDOMINIUM ASSOCIATION, INC.",1025 WEST 77 STREET HIALEAH FL 33014,Condominium,Issued,No,01-31-2027
CR23004972,"RO-MONT GARDENS ANDOVER CONDOMINIUM ""H"", INC.",50 NW 204TH ST BUILDING H MIAMI FL 33169,Condominium,Issued,No,01-31-2027
CR23004973,"TIERRA DEL SOL CONDOMINIUM ASSOCIATION, INC.",6625 W 4TH AVE HIALEAH FL 33012,Condominium,Issued,No,01-31-2027
CR23004974,"1000 ISLAND BOULEVARD CONDOMINIUM ASSOCIATION, INC.",1000 ISLAND BOULEVARD AVENTURA FL 33160,Condominium,Issued,No,01-31-2027
CR23004975,"SUNSHORES CONDOMINIUM ASSOCIATION, INC.",3527 NE 18 AVE. MIAMI FLORIDA 33179,Condominium,Issued,No,01-31-2027
CR23004976,"THE CORVETTE CONDOMINIUM ASSOCIATION, INC.",7440 BYRON AVE MIAMI BEACH FL 33141,Condominium,Expired,Yes,01-31-2026
CR23004977,"ROLLING GREEN CONDO C, INC",1501 NE 191 ST MIAMI FL 33179,Condominium,Issued,No,01-31-2027
CR23004978,"CAMELOT HOUSE CONDOMINIUM ASSOCIATION, INC.",8101 ABBOTT AVE MIAMI BEACH FLORIDA 33141,Condominium,Issued,No,01-31-2027
CR23004980,"BISCAYNE BREEZE CONDOMINIUM ASSOCIATION, INC.",4240 ROYAL PALM AVE MIAMI BEACH FL 33140,Condominium,Issued,No,01-31-2027
CR23004981,"ROYAL POINCIANA CONDOMINIUM, INC.",309 S ROYAL POINCIANA BLVD MIAMI SPRINGS FL 33166,Condominium,Issued,No,01-31-2027
CR23004982,AARON ARMS CONDOMINIMUM ASSOCIATION INC,201-221 NW 1777 STREET MIAMI GARDENS FL 33169,Condominium,Issued,No,01-31-2027
CR23004983,"SHAMROCK BY THE GABLES CONDOMINIUM ASSOCIATION, INC.",2280 SW 32 AVE MIAMI FL 33186,Condominium,Issued,No,01-31-2027
CR23004984,"EL PARAISO CONDOMINIUM ASSOCIATION, INC.",1700 WEST 66TH PLACE HIALEAH FL 33012,Condominium,Issued,No,01-31-2027
CR23004985,VILLAS DE ASTURIAS CONDOMINIUM ASSOCIATION INC.,7194 SW 47 STREET MIAMI FL 33155,Condominium,Expired,Yes,01-31-2026
CR23004986,"CHANTILLY CONDOMINIUM, INC.",900 NE 195TH STREET MIAMI FL 33179,Condominium,Issued,No,01-31-2027
CR23004987,"DOMINO ONE CONDOMINIUM, INC.",8001 CRESPI BLVD MIAMI BEACH FL 33141,Condominium,Issued,No,01-31-2027
CR23004988,"WESTLAND MANOR CONDOMINIUM ASSOCIATION, INC",6675 WEST 4 AVENUE HIALEAH FL 33012,Condominium,Issued,No,01-31-2027
CR23004990,"GREEN OAKS CONDOMINIUM ASSOCIATION, INC",5585 W 26 AVE HIALEAH FL 33016,Condominium,Closed,No,01-31-2025
CR23004991,"DAY AVENUE AND HIBISCUS CONDOMINIIUM ASSOCIATION, INC.",3503 DAY AVE MIAMI FL 33133,Condominium,Issued,No,01-31-2027
CR23004992,"3145-3147 JACKSON AVENUE CONDOMINIUN ASSOCIATION, INC",3145 JACKSON AVE MIAMI FL 33133,Condominium,Issued,No,01-31-2027
CR23004993,"RIO VISTA MIAMI CONDOMINIUM ASSOCIATION, INC.",718 NW 4 STREET MIAMI FLORIDA 33130,Condominium,Closed,No,01-31-2025
CR23004996,RITTENHOUSE SQUARE CONDOMINIUM INC,6217 SW 78TH STREET SOUTH MIAMI FL 33143,Condominium,Issued,No,01-31-2027
CR23004997,"BEVERLY TERRACE MANOR CONDOMINIUM ASSOCIATION, INC.",3224 BISCAYNE BLVD. MIAMI FL 33137,Condominium,Issued,No,01-31-2027
CR23004998,644 EUCLID AVE CONDOMINIUM ASSOCIATION,644 EUCLID AVE MIAMI BEACH FL 33139,Condominium,Issued,No,01-31-2027
CR23004999,"701 MERIDIAN CONDOMINIUM ASSOCIATION, INC.",701 MERIDIAN AVE MIAMI BEACH FL 33139,Condominium,Issued,No,01-31-2027
CR23005000,"SANTANA CONDOMINIUM ASSOCIATION, INC.",741 15TH ST MIAMI BEACH FL 33139,Condominium,Issued,No,01-31-2027
CR23005001,"EIGHTY-SECOND TERRACE, INC.",411 82ND TERRACE MIAMI BEACH FL 33141,Cooperative,Issued,No,01-31-2027
CR23005002,"BYRON PARK ASSOCIATION, INC.",7921 BYRON AVENUE MIAMI BEACH FL 33141,Condominium,Issued,No,01-31-2027
CR23005003,"SOUTH BEACH BAYSIDE CONDOMINIUM ASSOCIATION II, INC.",3025 INDIAN CREEK DRIVE MIAMI BEACH FL 33140,Condominium,Closed,Yes,02-01-2024
CR23005004,"SUNSHINE CONDOMINIUM, A CONDOMINIUM",21 EAST 3RD STREET MIAMI FLORIDA 33010,Condominium,Issued,No,01-31-2027
CR23005005,"GROVE REFUGE CONDOMINIUM ASSOCIATION, INC.",2926 BIRD AVE MIAMI FL 33133,Condominium,Issued,No,01-31-2027
CR23005006,"WEST LAKE VILLAGE II CONDOMINIUM ASSOCIATION, INC.",410 WEST PARK DRIVE MIAMI FL 33172,Condominium,Issued,No,01-31-2027
CR23005007,"MALIBU BAY COMMUNITY ASSOCIATION, INC.",3785 NW 82ND AVE DORAL FL 33166,Master Association,Issued,No,01-31-2027
CR23005008,"AMERICAN GARDENS CONDOMINIUM ASSOCIATION, INC.",7840-50-60 HARDING AVENUE MIAMI BEACH FL 33141,Condominium,Issued,No,01-31-2027
CR23005009,"1525 PENNSYLVANIA CONDOMINIUM ASSOCIATION, INC.",1525 PENNSYLVANIA AVE MIAMI BEACH FL 33139,Condominium,Issued,No,01-31-2027
CR23005010,BISMARK HOME AT VENEZIA HOMEOWNER'S ASSOCIATION INC,3398 SW 153 PLACE MIAMI FL 33185,Homeowner,Issued,No,01-31-2027
CR23005011,"3251-53 SW 32ND AVENUE CONDOMINIUM ASSOCIATION, INC.",3251-53 SW 32ND AVENUE MIAMI FL 33133,Condominium,Issued,No,01-31-2027
CR23005012,"DEBORA CONDOMINIUM ASSOCIATION, INC.","7633 HARDING AVENUE, 102 MIAMI BEACH FLORIDA 33141",Condominium,Issued,No,01-31-2027
CR23005013,"PROVENCE VILLAGE IN THE GROVE CONDOMINIUM ASSOCIATION, INC.",3035-3077 CENTER ST MIAMI FL 33133,Condominium,Issued,No,01-31-2027
CR23005014,"PEPPERTREE VILLAGE TOWNHOUSE CONDOMINIUM ASSOCIATION, INC.",2960 DAY AVENUE MIAMI FL 33133,Condominium,Issued,No,01-31-2027
CR23005015,"RO-MONT GARDENS ANDOVER CONDOMINIUM ""K"", INC.",52 N.E. 204TH STREET MIAMI GARDENS FL. FL 33179,Condominium,Issued,No,01-31-2027
CR23005016,520 - 79TH STREET INC A CONDOMINIUM,520 79TH STREET MIAMI BEACH FL 33141,Condominium,Issued,No,01-31-2027
CR23005020,"BYRON MARINA ASSOCIATION, INC.",8100 BYRON AVE MIAMI BEACH FL 33141,Condominium,Issued,No,01-31-2027
CR23005021,"SKY LAKE GARDENS NO 1, INC. A CONDOMINIUM",1601-1649 N.E. MIAMI GARDENS DRIVE MIAMI FLORIDA 33179,Condominium,Issued,No,01-31-2027
CR23005022,"1551 CONDOMINIUM ASSOCIATION, INC.",1551 LENOX AVE MIAMI BEACH FL 33139,Condominium,Issued,No,01-31-2027
CR23005024,"1560 JEFFERSON AVENUE CONDOMINIUM ASSOCIATION, INC.",1560 JEFFERSON AVE MIAMI BEACH FL 33139,Condominium,Issued,No,01-31-2027
CR23005025,"S&T CONDOMINIUM ASSOCIATION, INC.",644 13 STREET MIAMI BEACH FL 33139,Condominium,Issued,No,01-31-2027
CR23005026,"MARBELLA OF SOUTH BEACH CONDOMINIUM ASSOCIATION, INC.",1561 LENOX AVE MIAMI BEACH FL 33139,Condominium,Issued,No,01-31-2027
CR23005027,"""V"" CONDOMINIUM ASSOCIATION, INC.",340 JEFFERSON AVE MIAMI BEACH FL 33139,Condominium,Issued,No,01-31-2027
CR23005028,ROYAL POINCIANA VILLAGE CONDOMINIUM ASSOCIATION INC.,357 NORTH ROYAL POINCIANA BLVD HIALEAH FLORIDA 33166,Condominium,Issued,No,01-31-2027
CR23005029,"631 EUCLID AVENUE CONDOMINIUM ASSOCIATION, INC.",631 EUCLID AVE MIAMI BEACH FL 33139,Condominium,Issued,No,01-31-2027
CR23005030,"CASTLE BEACH CLUB CONDOMINIUM ASSOCIATION, INC.",5445 COLLINS AVE MIAMI BEACH FL 33140,Condominium,Issued,No,01-31-2027
CR23005031,"GROVE GARDENS, INC.",2498 SW 17TH AVE MIAMI FL 33145-3844,Condominium,Issued,No,01-31-2027
CR23005032,CORAL BREEZE HOMEOWNER'S ASSOCIATION INC.,2370 SW 123 AVENUE MIAMI FL 33175,Homeowner,Issued,No,01-31-2027
CR23005033,"KENDALL BREEZE EAST HOMEOWNERS' ASSOCIATION, INC.",12024 SW 126 TERR. MIAMI FL 33186,Homeowner,Issued,No,01-31-2027
CR23005034,"1446 LENOX CONDOMINIUM ASSOCIATION, INC",1446 LENOX AVE MIAMI BEACH FL 33139,Condominium,Issued,No,01-31-2027
CR23005035,"1610 PENNSYLVANIA CONDOMINIUM ASSOCIATION, INC.",1610 PENNSYLVANIA AVE MIAMI BEACH FL 33139,Condominium,Issued,No,01-31-2027
CR23005036,"THE ALLIAGE CONDOMINIUM ASSOCIATION, INC.",1428 WEST AVE MIAMI BEACH FL 33139,Condominium,Issued,No,01-31-2027
CR23005037,"STUDIO 744 CONDOMINIUM ASSOCIATION, INC.",744 LENOX AVE MIAMI BEACH FL 33139,Condominium,Issued,No,01-31-2027
CR23005038,"3373-75 DAY AVENUE CONDOMINIUM ASSOCIATION, INC.",3373/75 DAY AVENUE MIAMI FL 33133,Condominium,Closed,Yes,02-01-2024
CR23005039,"AQUAVISTA OF MIAMI-DADE CONDOMINIUM ASSOCIATION, INC.",3911 NE 170TH ST NORTH MIAMI BEACH FL 33160,Condominium,Issued,No,01-31-2027
CR23005040,GABLES PLAZA CONDOMINIUM ASSOCIATION INC.,625 BILTMORE WAY CORAL GABLES FLORIDA 33134,Condominium,Issued,No,01-31-2027
CR23005041,"GABLES POINT I CONDOMINIUM ASSOCIATION, INC.",4500 SW 68 CT CIR MIAMI FL 33155,Condominium,Issued,No,01-31-2027
CR23005042,"WESTLAND GARDENS CONDOMINIUM ASSOCIATION, INC.",5625-5775 W 20 AVE HIALEAH FL 33012,Condominium,Issued,No,01-31-2027
CR23005044,"BRICKELL COURTS TOWNHOUSE CONDOMINIUM ASSOCIATION, INC.",235 SW 17 RD MIAMI FL 33129,Condominium,Issued,No,01-31-2027
CR23005045,"MYSTIC POINTE MASTER ASSOCIATION, INC.",3595 MYSTIC POINTE DR AVENTURA FL 33180-2553,Master Association,Issued,No,01-31-2027
CR23005046,"ANTILLA PLAZA CONDOMINIUM, INC.",50 ANTILLA AVE CORAL GABLES FL 33134,Condominium,Expired,Yes,01-31-2026
CR23005047,"DICKENS GARDENS CONDOMINIUM ASSOCIATION, INC.",7830 DICKENS AVE HOLLYWOOD FL 33021,Condominium,Expired,Yes,01-31-2026
CR23005048,"LA GORCE PALACE CONDOMINIUM ASSOCIATION, INC.",6301 COLLINS AVENUE MIAMI BEACH FL 33141,Condominium,Issued,No,01-31-2027
CR23005050,"EASTERN SHORES WHITE HOUSE ASSOCIATION, INC.",3660 NE 166 STREET NORTH MIAMI BEACH FLORIDA 33160,Condominium,Issued,No,01-31-2027
CR23005051,3190 MATILDA STREET CONDOMINIUM ASSOCIATION INC.,3190 - 3192 MATILDA STREET MIAMI FLORIDA 33133,Condominium,Issued,No,01-31-2027
CR23005054,"THE MARITIME CONDOMINIUM ASSOCIATION, INC.",1616 EUCLID AVE MIAMI BEACH FL 33139,Condominium,Issued,No,01-31-2027
CR23005055,"PINEBROOKE CONDOMINIUM D, E, F, G & H ASSOCIATION, INC.",9032 S W 159 TERRACE MIAMI FL 33157,Homeowner,Issued,No,01-31-2027
CR23005056,"ATLANTIS CONDOMINIUM ASSOCIATION OF MIAMI BEACH, INC.",1751 JAMES AVE MIAMI BEACH FL 33139,Condominium,Issued,No,01-31-2027
CR23005057,"SWALLOW NEST CONDOMINIUM HOMEOWNERS ASSOCIATION, INC.",441 SWALLOW DRIVE MIAMI SPRINGS FL 33014,Condominium,Issued,No,01-31-2027
CR23005058,"RIVERSIDE VISTAS CONDOMINIUM ASSOCIATION, INC.",990 NW 1 AVE MIAMI FL 33128,Condominium,Issued,No,01-31-2027
CR23005059,"MERIDIAN PLACE CONDOMINIUM ASSOCIATION, INC.",325 MERIDIAN AVENUE MIAMI BEACH FL 33139,Condominium,Issued,No,01-31-2027
CR23005060,"ASSOCIATION OF HOMEOWNERS AT OAK RIDGE ESTATES, INC.",9300 SW 123 TERRACE MIAMI FL 33176,Homeowner,Issued,No,01-31-2027
CR23005061,"THE BAYLIS CONDOMINIUM ASSOCIATION, INC.",501 12TH ST MIAMI BEACH FL 33139,Condominium,Issued,No,01-31-2027
CR23005062,"23 BISCAYNE BAY CONDOMINIUM ASSOCIATION, INC.",601 NE 23 ST MIAMI FL 33137,Condominium,Issued,No,01-31-2027
CR23005063,"BEACH COLONY CONDOMINIUM ASSOCIATION, INC.",208 JEFFERSON AVE MIAMI BEACH FL 33139,Condominium,Expired,Yes,01-31-2025
CR23005064,"THE CENTRAL CONDOMINIUM ASSOCIATION, INC.",928 PENNSYLVANIA AVE MIAMI BEACH FL 33139,Condominium,Issued,No,01-31-2027
CR23005065,"THE COCONUT OF SOUTH BEACH CONDOMINIUM ASSOCIATION, INC.",1018 MERIDIAN AVE MIAMI BEACH FL 33139,Condominium,Issued,No,01-31-2027
CR23005067,"THE DELPHINE CONDOMINIUM ASSOCIATION OF MIAMI BEACH, INC.",635 12TH ST MIAMI BEACH FL 33139,Condominium,Issued,No,01-31-2027
CR23005068,"DON-BAR CONDOMINIUM ASSOCIATION, INC.",1571 PENNSYLVANIA AVE MIAMI BEACH FL 33139,Condominium,Issued,No,01-31-2027
CR23005069,"ONE BAY CONDOMINIUM ASSOCIATION, INC.",455 NE 39TH STREET MIAMI FL 33137,Condominium,Issued,No,01-31-2027
CR23005070,"THE LOFTS AT BYRON CONDOMINIUM ASSOCIATION, INC.",501 74ST MIAMI BEACH FLORIDA 33141,Condominium,Issued,No,01-31-2027
CR23005071,"ESPANOLA COURT CONDOMINIUM ASSOCIATION, INC.",750 ESPANOLA WAY MIAMI BEACH FL 33139,Condominium,Issued,No,01-31-2027
CR23005072,"EUCLID TOWNHOUSES CONDOMINIUM, INC.",1220 EUCLID AVE MIAMI BEACH FL 33139,Condominium,Issued,No,01-31-2027
CR23005073,PINEBARK CONDOMINIUM ASSOCIATION INC.,820 NW 87TH AVE DORAL FL 33172,Condominium,Issued,No,01-31-2027
CR23005074,"ROADS END VILLAGE CONDOMINIUM ASSOCIATION, INC.",927 SW 10 ST MIAMI FLORIDA 33130,Condominium,Issued,No,01-31-2027
CR23005075,"MILANA CONDOMINIUM ASSOCIATION, INC.",652 NE 63 ST MIAMI LAKES FL 33138,Condominium,Issued,No,01-31-2027
CR23005076,"PINAR CONDOMINIUM ASSOCIATION, INC.",107 SW 18 COURT MIAMI FL 33135,Condominium,Issued,No,01-31-2027
CR23005077,"HELENE MARIE CONDDOMINIUM ASSOCIATION, INC.",1050 JEFFERSON AVE MIAMI BEACH FL 33139,Condominium,Issued,No,01-31-2027
CR23005078,"POINCIANA AT FIRST, A CONDOMINIUM ASSOCIATION, INC.",1644 NW 1 ST MIAMI FL 33245,Condominium,Issued,No,01-31-2027
CR23005079,"JEFFERSON GARDENS CONDOMINIUM ASSOCIATION, INC.",1740 JEFFERSON AVE MIAMI BEACH FL 33139,Condominium,Expired,Yes,01-31-2026
CR23005080,"JEFFERSON HEIGHTS CONDOMINIUM ASSOCIATION, INC.",825 JEFFERSON AVE MIAMI BEACH FL 33139,Condominium,Issued,No,01-31-2027
CR23005081,"MARQUESA CONDOMINIUM ASSOCIATION ON ESPANOLA WAY, INC.",724 ESPANOLA WAY MIAMI BEACH FL 33139,Condominium,Issued,No,01-31-2027
CR23005082,"ABBOTT HOUSE, INC., A CONDOMIMIUM",7735 ABBOTT AVENUE MIAMI BEACH FL 33141,Condominium,Issued,No,01-31-2027
CR23005083,MAYFAIR VILLAS CONDOMINIUM ASSOCIATION OF MIAMI BEACH,824 JEFFERSON AVE MIAMI BEACH FL 33139,Condominium,Issued,No,01-31-2027
CR23005084,"GABLES WAY CONDOMINIUM, INC.",650 CORAL WAY CORAL GABLES FLORIDA 33134,Condominium,Issued,No,01-31-2027
CR23005085,"ST. ANDREWS COURT CONDOMINIUM ASSOCIATION, INC.",1555 WEST 44 PL HIALEAH FLORIDA 33012,Condominium,Issued,No,01-31-2027
CR23005087,"THE ENCLAVE AT SOUTH MIAMI CONDOMINIUM ASSOCIATION, INC","7520 SW 59TH PLACE, UNIT 4D SOUTH MIAMI FL 33143",Condominium,Issued,No,01-31-2027
CR23005088,"RESIDENCE 1611 CONDOMINIUM ASSOCIATION, INC.",1611 EUCLID AVENUE MIAMI BEACH FLORIDA 33139,Condominium,Issued,No,01-31-2027
CR23005089,"EUCLID CONDOMINIUM ASSOCIATION, INC.",820 EUCLID AVENUE MIAMI BEACH FL 33119,Condominium,Issued,No,01-31-2027
CR23005090,"ANGELA CONDOMINIUM ASSOCIATION, INC.",2290 W 56 ST HIALEAH FL 33016-0002,Condominium,Issued,No,01-31-2027
CR23005091,"KENDALL SPRINGS HOMEOWNER'S ASSOCIATION, INC.",6470 SW 132 COURT CIRCLE MIAMI FL 33183,Homeowner,Issued,No,01-31-2027
CR23005092,KINGS MEADOW MASTER ASSOCIATION INC.,12973 SW 112 ST MIAMI FLORIDA 33186,Master Association,Issued,No,01-31-2027
CR23005093,"LAS PALMAS ASSOCIATION, INC.",4370 NW 11 STREET MIAMI FLORIDA 33126,Condominium,Issued,No,01-31-2027
CR23005095,"FREEDOM HOUSE, INC.",655-659 MERIDIAN AVE MIAMI BEACH FL 33139,Cooperative,Issued,No,01-31-2027
CR23005096,"MERIDIAN BEACH CONDOMINIUM ASSOCIATION, INC.",1551 MERIDIAN AVE MIAMI BEACH FL 33139,Condominium,Issued,No,01-31-2027
CR23005097,MERIDIAN PARK CONDOMINIUM ASSOCIATION,1341 MERIDIAN AVE MIAMI BEACH FL 33139,Condominium,Issued,No,01-31-2027
CR23005098,"GRAND VISTA CONDOMINIUM ASSOCIATION, INC.",8851 NW 119 ST HIALEAH GARDENS FLORIDA 33018,Condominium,Issued,No,01-31-2027
CR23005099,"DI BLANCA CONDOMINIUM ASSOCIATION, INC.",442-460 E 27TH ST HIALEAH FLORIDA 33013,Condominium,Issued,No,01-31-2027
CR23005100,"RIO GARDENS ASSOCIATION, INC.",444 SW 2ND ST MIAMI FL 33130,Homeowner,Issued,No,01-31-2027
CR23005101,"MOULIN ROUGE CONDOMINIUM ASSOCIATION, INC.",731 6TH ST MIAMI BEACH FL 33139,Condominium,Issued,No,01-31-2027
CR23005103,"PENN PLAZA CONDOMINIUM ASSOCIATION, INC.",1027 PENNSYLVANIA AVE MIAMI BEACH FL 33139,Condominium,Issued,No,01-31-2027
CR23005104,SOUTH MOON CONDOMINIUM ASSOCIATION,750 PENNSYLVANIA AVE MIAMI BEACH FL 33139,Condominium,Issued,No,01-31-2027
CR23005106,"OASIS AT ANTILLA CONDOMINIUM ASSOCIATION, INC.",35 ANTILLA AVENUE DORAL FL 33126,Condominium,Closed,No,01-31-2026
CR23005107,"YUBA CONDOMINIUM, INC","846 MICHIGAN AVE MIAMI BEACH, FL FLORIDA 33139",Homeowner,Issued,No,01-31-2027
CR23005108,"PALMETTO TRAILER ESTATES ASSOCIATION, INC.",3205 W 16 AVE HIALEAH FL 33012,Condominium,Issued,No,01-31-2027
CR23005109,"ANA TOWERS CONDOMINIUM NO. 1, INC.",711 JEFFERSON AVE MIAMI BEACH FL 33139,Condominium,Issued,No,01-31-2027
CR23005110,"OAKGROVE CONDOMINIUM ASSOCIATION, INC.",2717 SW 22 AVE MIAMI FL 33133,Condominium,Issued,No,01-31-2027
CR23005111,"HOMES OF DORAL LANDINGS COMMUNITY ASSOCIATION, INC.",5098 NW 113 PLACE DORAL FL 33178,Homeowner,Issued,No,01-31-2027
CR23005112,"CORAL HAVEN ASSOCIATION, INC.",10217 SW 21 TERRACE MIAMI FL 33165,Homeowner,Issued,No,01-31-2027
CR23005113,"LITTLE GROVE NO.2 CONDOMINIUM ASSOCIATION, INC.",2880 SW 37TH COURT MIAMI FL 33134,Homeowner,Issued,No,01-31-2027
CR23005114,"VILLAS AT SANTANDER CONDOMINIUM ASSOCIATION, INC.","615 SANTANDER AVE, UNIT E CORAL GABLES FLORIDA 33134",Condominium,Issued,No,01-31-2027
CR23005116,"THE VANDERBILT CONDOMINIUM ASSOCIATION OF MIAMI BEACH,INC.",810 PENNSYLVANIA AVE MIAMI BEACH FL 33139,Condominium,Issued,No,01-31-2027
CR23005117,"VILLA LUCCA CONDOMINIUM ASSOCIATION, INC.","1025,1027,1037 & 1045 MICHIGAN AVE MIAMI BEACH FL 33139",Condominium,Issued,No,01-31-2027
CR23005118,"DOUGLAS MANOR PARK CONDO. ASSOC., INC.",3757 SW 27TH LN MIAMI FL 33134,Homeowner,Issued,No,01-31-2027
CR23005119,GOLF VILLAGE OF KENDALL INC.,6241 SW 138 CT. MIAMI FL 33183,Homeowner,Issued,No,01-31-2027
CR23005120,"IL LAGO COUNTRY CLUB TOWNHOUSES OWNERS ASSOCIATION, INC.",5757 SW 142 AVE. MIAMI FL 33183,Homeowner,Issued,No,01-31-2027
CR23005121,"510-512 FERNWOOD ROAD CONDOMINIUM ASSOCIATION, INC.",901 BRICKELL KEY BLVD 1704 MIAMI FLORIDA 33131,Condominium,Issued,No,01-31-2027
CR23005122,"735 CONDOMINIUM ASSOCIATION, INC.",735 14 PLACE MIAMI BEACH FL 33139,Condominium,Expired,Yes,01-31-2026
CR23005123,"VILLA LUCCA SOUTH CONDOMINIUM ASSOCIATION, INC.",945 10TH ST MIAMI BEACH FL 33139,Condominium,Issued,No,01-31-2027
CR23005124,"WHISPER CONDOMINIUM ASSOCIATION, INC.",815 EUCLID AVE MIAMI BEACH FL 33139,Condominium,Issued,No,01-31-2027
CR23005125,"WINDSOR TERRACE CONDO ASSOCIATION, INC.",1021 MICHIGAN AVE MIAMI BEACH FL 33139,Condominium,Expired,Yes,01-31-2025
CR23005126,"ISABELLA CONDOMINIUM ASSOCIATION, INC.",3034 ALLAMANDA ST MIAMI FLORIDA 33133,Condominium,Issued,No,01-31-2027
CR23005127,"ALMERIA PARK CONDOMINIUM, INC","357 ALMERIA AVE, STE 100 CORAL GABLES FL 33134-5801",Condominium,Issued,No,01-31-2027
CR23005128,"525 NE 63RD STREET CONDOMINUM ASSOCIATION,INC.","525 NE 63RD ST, APT 3 MIAMI FL 33138",Condominium,Issued,No,01-31-2027
CR23005129,"BAYVIEW CONDOMINIUM, INC.",1345 LINCOLN ROAD #306 MIAMI BEACH FLORIDA 33139,Condominium,Issued,No,01-31-2027
CR23005130,"THE BRICKELL INN CONDOMINIUM ASSOCIATION, INC.",1950 BRICKELL AVE MIAMI FL 33128,Condominium,Issued,No,01-31-2027
CR23005131,"EXPO I CONDOMINIUM ASSOCIATION, INC",605 NW 72 AVE MIAMI FLORIDA 33126,Condominium,Issued,No,01-31-2027
CR23005133,"CADIZ I CONDOMINIUM ASSOCIATION, INC.",6215 W. 22 CT HIALEAH FL 33016,Condominium,Issued,No,01-31-2027
CR23005134,"D'GEMS CONDOMINIUM ASSOCIATION, INC.",619 MERIDIAN AVE MIAMI BEACH FL 33139,Condominium,Issued,No,01-31-2027
CR23005135,"GARDEN VISTA CONDOMINIUM ASSOCIATION, INC.",4758 WEST FLAGLER STREET MIAMI FLORIDA 33134,Condominium,Abandoned,No,
CR23005136,"EL JARDIN DE HIALEAH CONDOMINIUM, INC.",782 NW 42 AVENUE MIAMI FL 33126,Condominium,Issued,No,01-31-2027
CR23005137,"MAPIA CONDOMINIUM ASSOCIATION, INC.",7915 HARDING AVENUE MIAMI BEACH FLORIDA 33142,Condominium,Issued,No,01-31-2027
CR23005138,"THE BANK CONDOMINIUM ASSOCIATION, INC.",8101 BISCAYNE BLVD MIAMI FL 33138,Condominium,Expired,Yes,01-31-2026
CR23005139,"GRAND CONCOURSE CONDOMINIUM ASSOCIATION, INC.",421 GRAND CONCOURSE MIAMI SHORES FL 33138,Condominium,Expired,Yes,01-31-2026
CR23005140,ALTOS DEL MAR OF MIAMI BEACH CONDOMINIUM ASSOCIATION INC.,8041 HARDING AVE MIAMI BEACH FL 33141,Condominium,Issued,No,01-31-2027
CR23005141,"WATERWAY ISLES CONDOMINIUM ASSOCIATION, INC.",3860 NE 170TH ST NORTH MIAMI BEACH FL 33160,Condominium,Abandoned,No,
CR23005142,"ESPANA VILLAS, A CONDOMINIUM ASSOCIATION, INC.","1795 W 41 ST HIALEAH, FL FLORIDA 33012",Condominium,Issued,No,01-31-2027
CR23005143,"950 PARK HAVEN CONDOMINIUM ASSOCIATION, INC.",950 PENNSYLVANIA AVE MIAMI BEACH FL 33139,Condominium,Issued,No,01-31-2027
CR23005144,"MORADA NUMBER ONE-A CONDOMINIUM ASSOCIATION, INC",6190 W 19TH AVE HIALEAH FLORIDA 33012,Condominium,Issued,No,01-31-2027
CR23005145,"CHESTNUT HILL CONDOMINIUM, INC.",9999 NE 2ND AVENUE MIAMI SHORES FLORIDA 33138,Condominium,Abandoned,No,
CR23005146,"CITY VIEW BY THE GROVE CONDOMINIUM ASSOCIATION, INC.",2441 SW 31ST AVE MIAMI FL 33145,Condominium,Issued,No,01-31-2027
CR23005147,"CAPISTRANO PALMS CONDOMINIUM ASSOCIATION, INC.",433 SWALLOW DRIVE MIAMI SPRINGS FL 33166,Condominium,Issued,No,01-31-2027
CR23005148,"MASADA II CONDOMINIUM ASSOCIATION, INC.",3737 INDIAN CREEK DR MIAMI BEACH FL 33140,Condominium,Issued,No,01-31-2027
CR23005149,"RO-MONT GARDENS, ANDOVER CONDOMINIUM ""B"", INC.",55 NW 204 STREET MIAMI GARDENS FLORIDA 33169,Condominium,Expired,Yes,01-31-2026
CR23005150,"THE MANOR ON 10TH CONDOMINIUM ASSOCIATION, INC.",953 SW 10TH STREET MIAMI FLORIDA 33130,Condominium,Issued,No,01-31-2027
CR23005151,"CEDAR GLENN CONDOMINIUM APTS., INC.",671 NE 195 ST NORTH MIAMI BEACH FL 33179,Condominium,Issued,No,01-31-2027
CR23005152,"ANDOR PLAZA ASSOCIATION, INC.",16850 SOUTH GLADES DRIVE NORTH MIAMI BEACH FL 33162,Condominium,Issued,No,01-31-2027
CR23005153,"THE BELLAGIO CONDOMINIUM ASSOCIATION, INC.",421 NE 68 ST MIAMI FLORIDA 33134,Condominium,Issued,No,01-31-2027
CR23005154,"CARMEL LAKES CONDOMINIUM NO. 11 ASSOCIATION, INC.",20741 NE 4 CT MIAMI FL 33179,Condominium,Issued,No,01-31-2027
CR23005155,"SUNSET PALM VILLAS CONDOMINIUM, INC.",9999 NE 2ND AVENUE MIAMI SHIRES FLORIDA 33138,Condominium,Abandoned,No,
CR23005156,"WESTLAND PLAZA GARDENS CONDOMINIUM, INC.",9999 NE 2ND AVENUE MIAMI SHORES FLORIDA 33138,Condominium,Abandoned,No,
CR23005157,"LAKES OF THE MEADOW VILLAGE HOMES MASTER MAINTENANCE ASSOCIATION, INC.",4450 SW 152ND AVE MIAMI FLORIDA 33186,Master Association,Issued,No,01-31-2027
CR23005158,"VILLA GATSBY CONDOMINIUM ASSOCIATION, INC.",928 EUCLID AVE MIAMI BEACH FL 33139,Condominium,Issued,No,01-31-2027
CR23005159,"MAR RONDA CONDOMINIUM, INC.",55 E 11TH ST HIALEAH FL 33010,Condominium,Issued,No,01-31-2027
CR23005160,"INDIANA VILLAS CONDOMINIUM ASSOCIATION, INC.",3142 INDIANA STREET MIAMI FL 33133,Condominium,Issued,No,01-31-2027
CR23005162,"YVETTE CONDOMINIUM, INC.",3309 NORTHWEST 13TH TERRACE MIAMI FL 33125,Condominium,Issued,No,01-31-2027
CR23005163,"MIMO ON THE BEACH VI CONDOMINIUM ASSOCIATION, INC.",6831 ABBOTT AVE MIAMI BEACH FLORIDA 33141,Condominium,Issued,No,01-31-2027
CR23005164,"MUTINY ON THE BAY CONDOMINIUM ASSOCIATION, INC.",2951 S BAYSHORE DR MIAMI FLORIDA 33133,Condominium,Issued,No,01-31-2027
CR23005165,"BLUE RESORT CONDOMINIUM ASSOCIATION, INC.",5300 NW 87TH AVE DORAL FLORIDA 33178,Condominium,Issued,No,01-31-2027
CR23005166,"FLORIDA 2000 CONDOMINIUM ASSOCIATION, INC.",8582 NW 7TH STREET MIAMI FLORIDA 33126,Condominium,Issued,No,01-31-2027
CR23005167,"ARAGON TOWERS CONDOMINIUM ASSOCIATION, INC.",12905 SW 132 STREET #5 MIAMI FL 33186,Condominium,Issued,No,01-31-2027
CR23005168,"WEST GARDENS VILLAGE CONDOMINIUM ASSOCIATION, INC",650-690 WEST PARK DR MIAMI FLORIDA 33172,Condominium,Issued,No,01-31-2027
CR23005169,"LUCY OWNER'S ASSOCIATION, INC.",2033 CALAIS DRIVE MIAMI BEACH FLORIDA 33141,Condominium,Issued,No,01-31-2027
CR23005170,"KENDALE WOODS NORTH CONDOMINIUM ASSOCIATION, INC.",6301 SW 138 CT MIAMI FL 33183,Condominium,Expired,Yes,01-31-2026
CR23005172,PINEWOOD HOUSE INCORPORATED,520 EUCLID AVE MIAMI BEACH FLORIDA 33139,Condominium,Issued,No,01-31-2027
CR23005173,"OCEAN VIEW TOWNHOMES-I CONDOMINIUM ASSOCIATION, INC.",16657 NE 35 AVE NORTH MIAMI BEACH FL 33160,Condominium,Issued,No,01-31-2027
CR23005174,"LAS VILLAS DE SEGOVIA CONDOMINIUM ASSOCIATION, INC.",5641 WEST 24TH AVENUE HIALEAH FL 33016,Condominium,Issued,No,01-31-2027
CR23005175,"EASTSIDE AT AVENTURA CONDOMINIUM ASSOCIATION, INC.",3000 NE 188 STREET AVENTURA FL 33180,Condominium,Issued,No,01-31-2027
CR23005176,"HIDEAWAY AT SOUTH MIAMI CONDOMINIUM ASSOCIATION, INC.",7901 SW 64 AVENUE SOUTH MIAMI FL 33143,Condominium,Issued,No,01-31-2027
CR23005177,"SERENDIPITY IN THE GROVE, INC.",3229 MCDONALD STREET MIAMI FLORIDA 33133,Condominium,Closed,Yes,01-31-2025
CR23005178,"THE ARBORS CONDOMINIUM ASSOCIATION, INC.",7701 SW 55 AVE MIAMI FLORIDA 33143,Condominium,Issued,No,01-31-2027
CR23005179,"LITTLE GROVE NO. 1 CONDOMINIUM ASSOCIATION, INC.",2931-33 SW 27TH TERRACE MIAMI FL 33133,Condominium,Issued,No,01-31-2027
CR23005181,"RO-MONT SOUTH EXECUTIVE COUNCIL, INC.",20314 NE 2ND AVE MIAMI FL 33179,Master Association,Closed,Yes,02-01-2024
CR23005182,"BIRD GROVE CONDOMINIUM ASSOCIATION, INC.",2734 BIRD GROVE MIAMI FL 33186,Condominium,Issued,No,01-31-2027
CR23005183,"MIMO ON THE BEACH III CONDOMINIUM ASSOCIATION, INC.",305 69TH STREET MIAMI BEACH FL 33141,Condominium,Issued,No,01-31-2027
CR23005184,TOWNLEY CONDOMINIUM INC.,4010 N MERIDIAN AVENUE #9 MIAMI BEACH FLORIDA 33140,Condominium,Issued,No,01-31-2027
CR23005185,"MYSTIC CONDOMINIUM ASSOCIATION, INC.",577 NE 62 ST MIAMI FL 33138,Condominium,Expired,Yes,01-31-2026
CR23005186,"THE NOLOBI CONDOMINIUM ASSOCIATION, INC.",935 EUCLID AVENUE MIAMI BEACH FL 33139,Condominium,Issued,No,01-31-2027
CR23005188,"GALIANO CONDOMINIUM ASSOCATION, INC.",498 SW 2ND ST MIAMI FL 33130,Condominium,Expired,Yes,01-31-2026
CR23005194,"SIXTH HORIZONS CONDOMINIUM, INC.",1450 NE 191 ST MIAMI FL 33179,Condominium,Issued,No,01-31-2027
CR23005197,"JACKSON GROVE CONDOMINIUM ASSOCIATION, INC.",2967 JACKSON AVE MIAMI FL 33133,Condominium,Issued,No,01-31-2027
CR23005198,"BELLA VISTA VILLAS CONDOMINIUM NO. ONE ASSOCIATION, INC.",4538 W 14 CT DORAL FL 33172,Condominium,Issued,No,01-31-2027
CR23005199,"COMAR ESTATES CONDOMINIUM ASSOCIATION, INC",5793 - 5835 W 26 AVE HIALEAH FL 33016,Condominium,Issued,No,01-31-2027
CR23005201,"THE GROVE AT WATERSTONE HOA, INC.",4148 NE 16 ST HOMESTEAD FL 33033,Homeowner,Issued,No,01-31-2027
CR23005202,"PINEBROOKE CONDOMINIUM J ASSOCIATION, INC.",16240 SW 101 AVENUE MIAMI FL 33157,Condominium,Issued,No,01-31-2027
CR23005203,WINDSOR ESTATES CONDOMINIUM NO. 3 INC.,435 NE 121 ST NORTH MIAMI FL 33161,Condominium,Expired,Yes,01-31-2025
CR23005204,"3060-62 CONDOMINIUM ASSOCIATION, INC.",3060 NEW YORK ST MIAMI FL 33133,Homeowner,Issued,No,01-31-2027
CR23005205,"LENOX ON THE BEACH CONDOMINIUM ASSOCIATION, INC",1040 7TH ST MIAMI BEACH FL 33139,Condominium,Expired,Yes,01-31-2025
CR23005206,"THE WILLIAM LEE, INC.",7720 HARDING AVENUE MIAMI BEACH FLORIDA 33141,Condominium,Abandoned,No,
CR23005207,"ALAMEDA TOWER 4 CONDOMINIUM ASSOCIATION, INC.",5440 W. 21 CT #406 HIALEAH FLORIDA 33016,Condominium,Issued,No,01-31-2027
CR23005208,"SANTAMARIA ESTATES I CONDOMINIUM ASSOCIATION, INC.",2200 WEST 53RD PLACE HIALEAH FL 33016,Condominium,Issued,No,01-31-2027
CR23005209,"VALENCIA TOWNHOUSE ASSOCIATION, INC.",400 VALENCIA AVE CORAL GABLES FL 33134,Condominium,Issued,No,01-31-2027
CR23005211,"KENLAND POINTE CONDOMINIUM I, INC.",9022 SW 23 CT MIAMI FLORIDA 33186,Condominium,Issued,No,01-31-2027
CR23005212,"PALMETTO GARDENS NORTH CONDOMINIUM ASSOCIATION, INC",6125 W 20 AVE HIALEAH FL 33012,Condominium,Issued,No,01-31-2027
CR23005213,"SUNRISE AT SUNSET VIEW CONDOMINIUM ASSOCIATION, INC.",7540 SW 152 AVE MIAMI FLORIDA 33193,Condominium,Issued,No,01-31-2027
CR23005215,"EL CHIOGGIOTTO CONDOMINIUM ASSOCIATION, INC.",761 EUCLID AVE MIAMI BEACH FL 33139,Condominium,Issued,No,01-31-2027
CR23005216,"BRICKELL WEST, A CONDOMINIUM ASSOCIATION INC.",445 SW 11 ST MIAMI FL 33130,Condominium,Issued,No,01-31-2027
CR23005217,"VILLA NAVARRA CONDOMINIUM ASSOCIATION, INC.",444 SW 4 ST MIAMI FL 33130,Condominium,Expired,Yes,01-31-2026
CR23005218,"INTERNATIONAL VILLAS CONDOMINIUM ASSOCIATION, INC.",11400 - 11615 NW 4 TER MIAMI FL 33175,Condominium,Issued,No,01-31-2027
CR23005219,"LA LUNA CONDOMINIUM ASSOCIATION, INC.",2775 W 52 ST HIALEAH FL 33016,Condominium,Issued,No,01-31-2027
CR23005220,"VISTA LAKE CONDOMINIUM ASSOCIATION, INC.",4854 NW 7 ST MIAMI FLORIDA 33126,Condominium,Issued,No,01-31-2027
CR23005222,"SANTA FE CONDOMINIUM ASSOCIATION, INC.",1051/1053 MICHIGAN AVENUE MIAMI BEACH FL 33139,Condominium,Issued,No,01-31-2027
CR23005223,"GROVE COURTVIEW CONDOMINIUM ASSOCIATION, INC.",3288 GIFFORD LANE MIAMI FL 33133,Condominium,Issued,No,01-31-2027
CR23005224,"WILLOWBROOK GARDENS - A CONDOMINIUM ASSOCIATION, INC",449 SWALLOW DRIVE MIAMI SPRINGS FL 33166,Condominium,Issued,No,01-31-2027
CR23005225,"NEW WORLD CONDOMINIUM APARTMENTS III CONDOMINIUM ASSOCIATION, INC.",251-271-291 NW 177 STREET MIAMI FL 33169,Condominium,Issued,No,01-31-2027
CR23005226,"VENETIAN MANOR CONDOMINIUM ASSOCIATION, INC.",934 MICHIGAN AVE MIAMI FL 33139,Condominium,Issued,No,01-31-2027
CR23005228,"VILLA CALABRIA CONDOMINIUM ASSOCIATION, INC.",20 CALABRIA AVENUE CORAL GABLES FL 33134,Condominium,Issued,No,01-31-2027
CR23005229,"GLEN ROYAL CONDOMINIUM ASSOCIATION, INC.",2270 NW 1ST STREET MIAMI FL 33125,Condominium,Issued,No,01-31-2027
CR23005230,"150 SUNRISE DRIVE CONDOMINIUM ASSOCIATION, INC.",150 SUNRISE DRIVE KEY BISCAYNE FL 33149,Condominium,Issued,No,01-31-2027
CR23005231,"FLORENCE AT CRYSTAL LAKES HOMEOWNERS' ASSOCIATION, INC.",677 NE 35 AVENUE HOMESTEAD FL 33033,Homeowner,Expired,Yes,01-31-2026
CR23005232,"CALUSA CLUB VILLAGE CONDOMINIUM BLDG. C SOUTH ASSOCIATION, INC.",13255 SW 88 LANE MIAMI FL 33186,Condominium,Issued,No,01-31-2027
CR23005233,"734 MICHIGAN CONDOMINIUM ASSOCIATION, INC.",1900 N BAYSHORE DRIVE SUITE 1A-107 MIAMI FL 33132,Homeowner,Abandoned,No,
CR23005234,"POINCIANA ROYALE VILLAS CONDOMINIUM II ASSOCIATION, INC.",7512-7532 W 20 AVE HIALEAH FL 33016,Condominium,Issued,No,01-31-2027
CR23005236,"CALUSA CLUB VILLAGE CONDOMINIUM BLDG. C EAST ASSOCIATION, INC.",12905 SW 132 CT MIAMI FL 33186,Condominium,Issued,No,01-31-2027
CR23005237,KRENWAL CORPORATION,220 COLLINS AVE MIAMI BEACH FL 33139,Cooperative,Closed,Yes,01-31-2025
CR23005238,"3090-92 LIME COURT CONDOMINIUM ASSOCIATION, INC.",3090-92 LIME COURT MIAMI FL 33133,Condominium,Issued,No,01-31-2027
CR23005239,"PLAZA VILLAS TOWNHOUSES ASSOCIATION, INC.",728 SW 2ND ST MIAMI FL 33130,Condominium,Issued,No,01-31-2027
CR23005240,"2020 LOFTS CONDOMINIUM ASSOCIATION, INC.",2020 PRAIRIE AVE MIAMI BEACH FL 33139,Condominium,Issued,No,01-31-2027
CR23005241,"SANTANDER CORAL GABLES CONDOMINIUM ASSOCIATION, INC.",649 SANTANDER AVE MIAMI FL 33131,Condominium,Issued,No,01-31-2027
CR23005244,"LUDLAM GARDENS CONDO ASSOC, INC",4590 SW 67 AVE MIAMI FLORIDA 33155,Condominium,Issued,No,01-31-2027
CR23005247,"BAYVIEW GARDENS CONDOMINIUM ASSOCIATION, INC.",1673 BAY RD MIAMI BEACH FLORIDA 33139,Condominium,Issued,No,01-31-2027
CR23005248,"VENETIA GARDENS CONDOMINIUM ASSOCIATION, INC.",2670 SE 12TH PLACE HOMESTEAD FLORIDA 33035,Condominium,Issued,No,01-31-2027
CR23005250,"BARCELONA COURT CONDOMINIUM ASSOCIATION, INC.",820 SALZEDO ST APT 401 CORAL GABLES FL 33134,Condominium,Issued,No,01-31-2027
CR23005251,"URBAN VILLAS CONDOMINIUM ASSOCIATION, INC.",3403-3409 DAY AVE MIAMI FLORIDA 33133,Condominium,Issued,No,01-31-2027
CR23005253,"MARINA LAKES TOWNHOMES HOMEOWNERS ASSOCIATION, INC.",5000 SW 72 AVENUE MIAMI FL 33155,Homeowner,Issued,No,01-31-2027
CR23005254,"SOUTHVIEW AT AVENTURA CONDOMINIUM ASSOCIATION, INC.",3350 & 3440 NE 192 ST AVENTURA FL 33180,Condominium,Issued,No,01-31-2027
CR23005255,"208 MERIDIAN CONDOMINIUM, INC.",208 MERIDIAN AVE MIAMI BEACH FL 33139,Condominium,Abandoned,No,
CR23005256,"THE TREASURY CONDOMINIUM ASSOCIATION, INC.",1635 WEST 44 PLACE HIALEAH FL 33012,Condominium,Issued,No,01-31-2027
CR23005257,"HARDING HALL CONDOMINIUM, INC.",8233 HARDING AVE MIAMI FL 33141,Condominium,Issued,No,01-31-2027
CR23005259,"59 SUNSET PLACE CONDOMINIUM ASSOCIATION, INC.",7440 SW 59 PLACE SOUTH MIAMI FL 33143,Condominium,Issued,No,01-31-2027
CR23005262,"421 COLLINS BUILDING, INC.",421 COLLINS AVE MIAMI BEACH FL 33139,Condominium,Issued,No,01-31-2027
CR23005263,"THE TREETOPS-LOFTS CONDOMINIUM ASSOCIATION, INC.",460 NE 77 ST RD HOLLYWOOD FL 33128,Condominium,Issued,No,01-31-2027
CR23005264,1610 EUCLID AVENUE CONDOMINIUM INC,1610 EUCLID AVE MIAMI BEACH FL 33139,Condominium,Issued,No,01-31-2027
CR23005265,"TERRA LAKE VILLAS CONDOMINIUM ASSOCIATION, INC.",6320 SW 130 AVE MIAMI FL 33183,Condominium,Issued,No,01-31-2027
CR23005266,"THE MERCURY SOUTH BEACH CONDOMINIUM ASSOCIATION, INC.",100 COLLINS AVE MIAMI BEACH FL 33139,Condominium,Issued,No,01-31-2027
CR23005267,"EL VICENTIN CONDOMINIUM ASSOCIATION, INC.",1021 EUCLID AV MIAMI BEACH FL 33139,Condominium,Abandoned,No,
CR23005268,"FOUNTAIN BLUE TOWNHOUSES II CONDOMINIUM ASSOCIATION, INC.",8370 NW 8TH ST MIAMI FL 33126,Homeowner,Issued,No,01-31-2027
CR23005269,"7911 CARLYLE CONDOMINIUM ASSOCIATION, INC.",7911 CARLYLE AVENUE MIAMI BEACH FLORIDA 33141,Condominium,Issued,No,01-31-2027
CR23005270,"ELAN AT CALUSA CONDOMINIUM IX ASSOCIATION, INC.",13027 SW 88 LN MIAMI FL 33186,Condominium,Issued,No,01-31-2027
CR23005271,"KING'S COVE CONDOMINIUM ASSOCIATION, INC.",1335 W 68 STREET HIALEAH FLORIDA 33014,Condominium,Issued,No,01-31-2027
CR23005272,"918 OCEAN DRIVE CONDOMINIUM ASSOCIATION, INC.",918 OCEAN DR MIAMI BEACH FL 33139,Condominium,Issued,No,01-31-2027
CR23005273,"ALOHA CONDOMINIUM ASSOCIATION OF SOUTH BEACH, INC.",1457 MERIDIAN AVENUE MIAMI BEACH FL 33139,Condominium,Issued,No,01-31-2027
CR23005275,"1390 OCEAN DRIVE CONDOMINIUM ASSOCIATION, INC",1390 OCEAN DRIVE MIAMI BEACH FL 33139,Condominium,Issued,No,01-31-2027
CR23005276,"NAVARRE PARK CONDOMINIUM ASSOCIATION, INC.",290 NAVARRE AVE CORAL GABLES FL 33134,Condominium,Issued,No,01-31-2027
CR23005279,LOS ALTOS CONDOMINIUM ASSOCIATION INC.,383 EAST 4TH STREET HIALEAH FL 33010,Condominium,Issued,No,01-31-2027
CR23005280,"CLAIREMONT VILLAGE, A CONDOMINIUM, INC.",2050 NE 140 STREET NORTH MIAMI BEACH FL 33181,Condominium,Issued,No,01-31-2027
CR23005281,"SHEMART VILLAS CONDOMINIUM ASSOCIATION, INC.",1460 WEST 43RD PLACE HIALEAH FL 33012,Condominium,Issued,No,01-31-2027
CR23005283,"THUNDER CONDO ASSOCIATION, INC.",1650-1666 WEST 42 STREET HIALEAH FL 33012,Condominium,Issued,No,01-31-2027
CR23005284,"EQUES PARK CONDOMINIUM ASSOCIATION, INC",407 EAST 30TH STREET HIALEAH FL 33013,Condominium,Issued,No,01-31-2027
CR23005285,VIZCAYA HEIGHTS CONDO INC.,3001 SW 1ST AVE MIAMI FL 33129,Condominium,Abandoned,No,
CR23005286,"FOCSA CONDOMINIUM, INC.",6055 WEST 19 AVENUE HIALEAH FL 33012,Condominium,Issued,No,01-31-2027
CR23005287,"LAKESIDE XI CONDOMINIUM ASSOCIATION, INC.",15699 SW 73 CIR TER MIAMI FL 33193,Condominium,Issued,No,01-31-2027
CR23005289,"WESTGATE RESIDENCE CONDOMINIUM ASSOCIATION, INC.",1515 WEST AVENUE MIAMI BEACH FL 33139,Condominium,Issued,No,01-31-2027
CR23005290,"BYBLOS APARTMENTS CONDOMINIUM ASSOCIATION, INC.",95 SOUTH SHORE DR MIAMI BEACH FL 33141,Condominium,Issued,No,01-31-2027
CR23005292,"PALM VILLAS OF HIALEAH, A CONDOMINIUM ASSOCIATION, INC.",650 PALM AVE HIALEAH FL 33010,Condominium,Issued,No,01-31-2027
CR23005293,"TRAIL HEIGHTS GARDENS CONDOMINIUM ASSOCIATION, INC.",1000 SW 104 CT MIAMI FL 33174,Condominium,Issued,No,01-31-2027
CR23005294,"SHORES PLAZA WEST CONDOMINIUM, INC.",PO BOX 530428 MIAMI SHORES FLORIDA 33138,Condominium,Abandoned,No,
CR23005296,"RONNY CONDOMINIUM ASSOCIATION, INC.",710 MICHIGAN AVE MIAMI BEACH FLORIDA 33139,Condominium,Issued,No,01-31-2027
CR23005297,"3030-32 VIRGINIA STREET CONDOMINIUM ASSOCIATION, INC.",3032 VIRGINIA ST MIAMI FL 33133,Condominium,Issued,No,01-31-2027
CR23005298,"VISTA ALEGRE TOWNHOMES VILLAS STAGE I CONDOMINIUM ASSOCIATION, INC.",15250 SW 134 PL MIAMI FL 33177,Condominium,Issued,No,01-31-2027
CR23005300,"VISTA ALEGRE TOWNHOMES VILLAS STAGE II CONDOMINIUM ASSOCIATION, INC.",15400 SW 134 PL MIAMI FL 33177,Condominium,Issued,No,01-31-2027
CR23005301,"VISTA ALEGRE TOWNHOMES VILLAS STAGE III CONDOMINIUM ASSOCIATION, INC.",15421 SW 133 PL MIAMI FL 33177,Condominium,Issued,No,01-31-2027
CR23005302,"VISTA ALEGRE TOWNHOUSES VILLA STAGE V CONDOMINIUM ASSOCIATION, INC.",13334 SW 152 ST MIAMI FL 33177,Condominium,Issued,No,01-31-2027
CR23005303,"VISTA ALEGRE TOWNHOMES VILLAS STAGE IV CONDOMINIUM ASSOCIATION, INC.",13371 SW 153 ST MIAMI FL 33177,Condominium,Issued,No,01-31-2027
CR23005304,"COUNTRY CLUB OF MIAMI FAIRWAY TOWNHOUSES ASSOCIATION NO. 1, INC.",18900 - 19454 BOBOLINK DRIVE HIALEAH FL 33015,Homeowner,Issued,No,01-31-2027
CR23005305,"VIRGINIA GROVE CONDOMINIUM ASSOCIATION, INC.",3134 VIRGINIA STREET MIAMI FL 33133,Condominium,Issued,No,01-31-2027
CR23005306,TROPICANA II CONDOMINIUM ASSOCIATION INC.,5430-5450 W 22 CT HIALEAH FL 33016,Condominium,Issued,No,01-31-2027
CR23005307,"PENN 10 MANOR CONDOMINIUM, INC",949 PENNSYLVANIA AVE MIAMI BEACH FL 33139,Condominium,Issued,No,01-31-2027
CR23005308,"CUTLER GARDNES HOMEOWNERS ASSOCIATION, INC.",20000 SW 123 DRIVE MIAMI FL 33177,Homeowner,Abandoned,No,
CR23005309,"SPRING LAKES VILLAGE CONDOMINIUM ASSOCIATION, INC.",9905 NW 5TH LN MIAMI FL 33172,Condominium,Issued,No,01-31-2027
CR23005311,ASSOCIATION NAME,123 SW 45 ST MIAMI FL 33133,Condominium,Abandoned,No,
CR23005312,TEST ASSOCIATION,92 SW 3 ST MIAMI FL 33012,Condominium,Abandoned,No,
CR23005313,"THE VISTAS CONDOMINIUM (DADE COUNTY) ASSOCIATION, INC.",1 CENTURY LANE MIAMI BEACH FL 33139,Condominium,Issued,No,01-31-2027
CR23005314,"RO-MONT SOUTH CONDOMINIUM ""F"", INC.",100 NE 203 TERRACE MIAMI GARDENS FLORIDA 33179,Condominium,Issued,No,01-31-2027
CR23005315,"SAN REMO OF SOUTH BEACH CONDOMINIUM ASSOCIATION, INC.",1335-1337 PENNSYLVANIA AVE MIAMI BEACH FL 33139,Condominium,Issued,No,01-31-2027
CR23005316,"COCOVANA CONDOMINIUM ASSOCIATION, INC.",405 SW 29TH CT APT 2A MIAMI FL 33135,Condominium,Issued,No,01-31-2027
CR23005317,"POMELO PARK ""B"" CONDOMINIUM ASSOCIATION, INC.",2861 SW 33 CT & 2851 SW 33 CT MIAMI FL 33133,Condominium,Issued,No,01-31-2027
CR23005318,"THE ESPLANADE BEACH CONDOMINIUM ASSOCIATION, INC.",900 16TH STREET MIAMI BEACH FL 33139,Condominium,Issued,No,01-31-2027
CR23005319,"THE PARC VENDOME CONDOMINIUM ASSOCIATION, INC",736 13TH STREET MIAMI BEACH FL 33139,Condominium,Issued,No,01-31-2027
CR23005320,"RO-MONT GARDENS ANDOVER CONDOMINIUM ""E"", INC.",51 NE 204 STREET MIAMI GARDENS FLORIDA 33179,Condominium,Issued,No,01-31-2027
CR23005321,3210-12 MATILDA STREET CONDO ASSN INC,3210-12 MATILDA ST MIAMI FL 33133,Condominium,Issued,No,01-31-2027
CR23005322,"UNIVERSITY VILLAS HOMEOWNERS ASSOCIATION, INC.",710 SW 114 AVE MIAMI FLORIDA 33165,Homeowner,Issued,No,01-31-2027
CR23005323,"THE GIBSON OF SOUTH BEACH CONDOMINIUM ASSOCIATION, INC.",1520 EUCLID AVENUE MIAMI BEACH FL 33139,Condominium,Issued,No,01-31-2027
CR23005324,"HELEN MAR CONDOMINIUM ASSOCIATION, INC.",2421 & 2445 LAKE PANCOAST DR MIAMI BEACH FL 33140,Condominium,Expired,Yes,01-31-2026
CR23005325,"NORTHLAKE VILLAGE AT THE CALIFORNIA CLUB CONDOMINIUM ASSOCIATION, INC.",760 NE 199TH STREET MIAMI FLORIDA 33179,Condominium,Abandoned,No,
CR23005326,"VILLAS AT WOODSIDE III CONDOMINIUM ASSOCIATION, INC",1409 SW 23RD STREET MIAMI FL 33145,Condominium,Issued,No,01-31-2027
CR23005327,"VILLAS ON THE GREEN HOMEOWNER'S ASSOCIATION, INC.",518 NE 195 ST. MIAMI FLORIDA 33179,Homeowner,Issued,No,01-31-2027
CR23005328,"ROYAL PALM GARDENS CONDOMINIUM ASSOCIATION, INC.",4655 PALM AVENUE MIAMI LAKES FL 33014,Condominium,Issued,No,01-31-2027
CR23005329,"ISLANDER CONDOMINIUM ASSOCIATION, INC",1255 COLLINS AVENUE MIAMI BEACH FL 33139,Condominium,Issued,No,01-31-2027
CR23005330,TROPICANA CONDOMINIUM III ASSOCIATION INC.,5400-5420 WEST 22 CT HIALEAH FL 33016,Condominium,Issued,No,01-31-2027
CR23005331,"VILLAS LINDAS TOWNHOUSES ASSOCIATION, INC.",1754-1790 W 59 STREET HIALEAH FL 33012,Condominium,Issued,No,01-31-2027
CR23005333,"RO-MONT SOUTH EXECUTIVE COUNCIL, INC.",20327 NE 2 AVE NORTH MIAMI FLORIDA 33179,Condominium,Issued,No,01-31-2027
CR23005334,"PALM AVENUE GARDEN CONDOMINIUM, INC.",3800 PALM AVE HIALEAH FL 33012,Condominium,Issued,No,01-31-2027
CR23005335,PALM-EAST GARDENS INC.,1850 W 56TH ST HIALEAH FLORIDA 33012,Condominium,Issued,No,01-31-2027
CR23005336,WESTLAND PARK CONDO NO 11,1660 WEST 60 STREET HIALEAH FL 33012,Condominium,Issued,No,01-31-2027
CR23005350,SALZEDO IN THE GABLES CONDOMINIUM,1014 SALZEDO ST CORAL GABLES FL 33134,Condominium,Abandoned,No,
CR23005351,"BACARAT AT 328 EUCLID AVENUE CONDOMINIUM ASSOCIATION, INC.",328 EUCLID AVE MIAMI BEACH FL 33139,Condominium,Issued,No,01-31-2027
CR23005353,3433-3435 CONDOMINIUM ASSOCIATION INC.,3435 SW 1ST AVE MIAMI FLORIDA 33145,Condominium,Issued,No,01-31-2027
CR23005354,"EL CID CONDOMINIUM ASSOCIATION, INC.",5201 NW 7TH ST MIAMI FL 33126,Condominium,Issued,No,01-31-2027
CR23005355,"MICHIGAN PLACE CONDOMINIUM ASSOCIATION, INC.",1600 MICHIGAN AVE MIAMI BEACH FL 33139,Condominium,Issued,No,01-31-2027
CR23005364,"KENDALE WOODS SOUTH CONDOMINIUM ASSOCIATION, INC.",6345 SW 138 CT MIAMI FL 33183,Homeowner,Issued,No,01-31-2027
CR24000007,"FAIRWAY GOLFVIEW HOMES CONDOMINIUM ASSOCIATION, INC.",151 FAIRWAY DR HIALEAH FL 33012,Condominium,Issued,No,01-31-2027
CR24000008,1523 WEST CONDOMINIUM ASSOCIATION INC,1523 WEST AVE MIAMI BEACH FLORIDA 33139,Condominium,Issued,No,01-31-2027
CR24000011,"OASIS - A CONDOMINIUM ASSOCIATION, INC.",4700 SW 67 AVENUE MIAMI FLORIDA 33155,Condominium,Issued,No,01-31-2027
CR24000022,"AMBIENCE HOMEOWNERS ASSOCIATION, INC.",8930 SW 101ST ST MIAMI FL 33176-3093,Homeowner,Issued,No,01-31-2027
CR24000025,"PALM RIDGE GARDENS HOMEOWNERS' ASSOCIATION, INC.",2941 SE 3RD ST HOMESTEAD FL 33033,Homeowner,Issued,No,01-31-2027
CR24000027,"MADEIRA II AT ISLANDS AT DORAL NEIGHBORHOOD ASSOCIATION, INC.",8701 NW 110 AVE MIAMI FL 33172,Homeowner,Issued,No,01-31-2027
CR24000028,"RIVER RUN SOUTH CONDOMINIUM ASSOCIATION, INC.",2415 NW 16 ST RD MIAMI FL 33125,Condominium,Issued,No,01-31-2027
CR24000031,"ELAN AT CALUSA CONDOMINIUM VIII ASSOCIATION, INC.",13003 SW 88 LN MIAMI FL 33186,Condominium,Issued,No,01-31-2027
CR24000036,"KING RICHARD CONDOMINIUM ASSOCIATION, INC.",4141 COLLINS AVE MIAMI BEACH FL 33140,Condominium,Issued,No,01-31-2027
CR24000037,"LANDMARK AT DORAL HOMEOWNER'S ASSOCIATION, INC.",10220 NW 66TH STREET DORAL FLORIDA 33178,Master Association,Issued,No,01-31-2027
CR24000041,"SOUTH LAKE VILLAS CONDOMINIUM ASSOCIATION, INC.","8470 SW 156TH CT, MIAMI, FL 33193 MIAMI FLORIDA 33193",Condominium,Issued,No,01-31-2027
CR24000049,"WALDEN TOWNHOMES HOMEOWNERS' ASSOCIATION, INC.",1376 NW 214 TER MIAMI GARDENS FLORIDA 33179,Homeowner,Issued,No,01-31-2027
CR24000050,"DORAL COURT CONDOMINIUM ASSOCIATION, INC.",8011 LAKE DRIVE DORAL FLORIDA 33166,Condominium,Issued,No,01-31-2027
CR24000052,CORONADO CONDOMINIUM ASSOCIATION INC,"20301 W. COUNTRY CLUB DRIVE AVENTURA, FL 33180 FL 33180",Condominium,Closed,No,01-31-2025
CR24000056,"57 OCEAN CONDOMINIUM ASSOCIATION, INC.",5775 COLLINS AVE MIAMI BEACH FL 33140,Condominium,Issued,No,01-31-2027
CR24000058,"APEX AT PARK CENTRAL CONDOMINIUM NO. 2 ASSOCIATION, INC.",8195 NW 104TH AVE DORAL FL 33178,Condominium,Closed,No,01-31-2025
CR24000060,"5000 BAYVIEW AT FISHER ISLAND CONDOMINIUM ASSOCIATION, INC.",5000 FISHER ISLAND DR MIAMI BEACH FLORIDA 33139,Condominium,Issued,No,01-31-2027
CR24000064,"FIRST HORIZONS CONDOMINIUM, INC.",1550 NE 191 STREET NORTH MIAMI BEACH FL 33179,Condominium,Issued,No,01-31-2027
CR24000065,"770 CONDOMINIUM ASSOCIATION, INC",770 NE 128TH STREET MIAMI FL 33161,Condominium,Issued,No,01-31-2027
CR24000066,"TEMPO CONDOMINIUM ASSOCIATION, INC.",4275 NW 18 ST MIAMI FLORIDA 33126,Condominium,Issued,No,01-31-2027
CR24000069,"EMERALD PLAZA ON CORAL WAY CONDOMINIUM ASSOCIATION, INC.",3410 CORAL WAY MIAMI FLORIDA 33145,Condominium,Issued,No,01-31-2027
CR24000071,RAINBOW CONDOMINIUM,331 COLLINS AVENUE MIAMI BEACH FL 33139,Condominium,Issued,No,01-31-2027
CR24000082,"LA CASTELLANA CONDOMINIUM, INC.",13390 NE 7TH AVENUE NORTH MIAMI FLORIDA 33161,Condominium,Issued,No,01-31-2027
CR24000085,"COUNTRY CLUB VILLAS TOWNHOMES CONDOMINIUM ASSOCIATION, INC.",20440 NW 15 AVE MIAMI FL 33165,Condominium,Issued,No,01-31-2027
CR24000086,NORTHGATE TOWNHOUSE CONDO ASSOCIATION,1701 NE 115 STREET NORTH MIAMI FL 33181,Condominium,Abandoned,No,
CR24000087,"GEMINI IV TOWNHOUSE ASSOCIATION, INC.",3201 BIRD AVENUE MIAMI FL 33133,Homeowner,Revoked,No,01-31-2026
CR24000089,"GEMINI AT BAYSHORE VIEW ASSOCIATION, INC.",2455 S BAYSHORE DRIVE MIAMI FL 33133,Homeowner,Abandoned,No,
CR24000092,900 EUCLID AVENUE INC A CONDOMINIUM,900 EUCLID AVENUE MIAMI BEACH FL 33139,Condominium,Issued,No,01-31-2027
CR24000101,"MANGO HILL PROPERTY OWNERS ASSOCIATION, INC",4408 WEST 10 CT HIALEAH FL 33012,Condominium,Issued,No,01-31-2027
CR24000102,"910 JEFFERSON TOWERS, INC., A CONDOMINIUM",910 JEFFERSON AVENUE MIAMI BEACH FL 33139,Condominium,Issued,No,01-31-2027
CR24000107,CENTURY GARDENS SOUTH HOMEOWNERS ASSOCIATION. INC.,157TH AVENUE SW 136TH STREET MIAMI FL 33196,Homeowner,Issued,No,01-31-2027
CR24000112,"ALAMEDA IV - WEST CONDOMINIUM ASSOCIATION, INC.",12059 SW 10 STREET MIAMI FLORIDA 33184,Condominium,Issued,No,01-31-2027
CR24000115,"EASTVIEW VILLAS CONDOMINIUM ASSOCIATION, INC.",950 EUCLID AVENUE MIAMI BEACH FL 33139,Condominium,Issued,No,01-31-2027
CR24000117,"CAZADORES SOUTH HOMEOWNER'S ASSOCIATION, INC.",16900 SW 137TH AVE MIAMI FL 33177,Homeowner,Abandoned,No,
CR24000121,"ALAMEDA IV - EAST CONDOMINIUM ASSOCIATION, INC.",12031 SW 10TH ST. MIAMI FL 33184,Condominium,Issued,No,01-31-2027
CR24000123,"7434 HARDING CONDOMINIUM, INC.",7434 HARDING AVE MIAMI BEACH FLORIDA 33141,Condominium,Issued,No,01-31-2027
CR24000124,"KINGS LAKE CONDOMINIUM ASSOCIATION, INC.",8630 SW 149 AVE MIAMI FL 33193,Condominium,Issued,No,01-31-2027
CR24000131,"CAPTIVA CONDOMINIUM B ASSOCIATION, INC.",10750 NW 66 ST MIAMI FLORIDA 33178,Condominium,Issued,No,01-31-2027
CR24000132,COUNTRY CLUB ESTATES AT AVENTURA MAINTENANCE ASSOC.,19902 E COUNTRY CLUB DRIVE AVENTURA FL 33180,Homeowner,Abandoned,No,
CR24000134,"POINCIANA AT KENDALL III HOMEOWNERS ASSOCIATION, INC.",SW 117TH AVE & SW 94TH STREET KENDALL FLORIDA 33186,Homeowner,Issued,No,01-31-2027
CR24000137,"OLD CUTLER SQUARE PROPERTY OWNERS' ASSOCIATION, INC.",9700 SW 213 TER MIAMI FLORIDA 33189,Homeowner,Issued,No,01-31-2027
CR24000138,"CAPTIVA CONDOMINIUM E ASSOCIATION, INC.",10710 NW 66 ST MIAMI FLORIDA 33178,Condominium,Issued,No,01-31-2027
CR24000140,"MARY, A CONDOMINIUM ASSOCIATION, INC.",1300-1306 WEST 44 PL HIALEAH FL 33016,Condominium,Issued,No,01-31-2027
CR24000141,"CARMEL TOWNHOMES CONDOMINIUM ASSOCIATION, INC.",1350 W 51 PL HIALEAH FL 33012,Condominium,Issued,No,01-31-2027
CR24000144,"VALENCIA VILLAS CONDOMINIUM ASSOCIATION, INC.",3242-3298 W 70 ST HIALEAH FL 33012,Condominium,Issued,No,01-31-2027
CR24000145,"PINETREE VILLAGE HOMEOWNER'S ASSOCIATION, INC.",11308 SW 114 CIRCLE TER MIAMI FL 33176,Homeowner,Issued,No,01-31-2027
CR24000146,"GRATIGNY VILLAS CONDOMINIUM ASSOCIATION, INC.",2850-60 WEST 80TH STREET HIALEAH FL 33018,Condominium,Issued,No,01-31-2027
CR24000148,"KENDALL WALK ASSOCIATION, INC.",9022 SW 149TH PL MIAMI FLORIDA 33196,Homeowner,Expired,Yes,01-31-2026
CR24000149,"WESTBROOKE VILLAS HOMEOWNERS ASSOCIATION, INC.",1120 & 1498 SW 314TH PL MIAMI FLORIDA 33184,Homeowner,Expired,Yes,01-31-2026
CR24000150,"LOS PALACIOS II CONDOMINIUM ASSOCIATION, INC.",7001 W 35 AVE HIALEAH FL 33018,Condominium,Issued,No,01-31-2027
CR24000151,"LOS ARBOLES CONDOMINIUM ASSOCIATION, INC.",1900 W 68 ST HIALEAH FL 33014,Condominium,Issued,No,01-31-2027
CR24000153,"THE LANDINGS AT FOREST LAKES HOMEOWNERS' ASSOCIATION, INC.",SW 99 ST & SW 163 AVE MIAMI FLORIDA 33196,Homeowner,Expired,Yes,01-31-2026
CR24000157,"SALERNO COMMUNITY ASSOCIATION, INC.",14845 SW 163 ST MIAMI FL 33187,Homeowner,Issued,No,01-31-2027
CR24000159,"SILVERLAND ESTATES HOMEOWNERS ASSOCIATION, INC.","SW 320TH ST &, SW 197TH AVE HOMESTEAD FLORIDA 33030",Homeowner,Issued,No,01-31-2027
CR24000160,"RIVER PARC ESTATES HOMEOWNERS' ASSOCIATION, INC.",20655 NE 25TH PL MIAMI FLORIDA 33180,Homeowner,Issued,No,01-31-2027
CR24000162,"COSTAIN TOWNHOMES OF HARBOR VILLAGE CONDOMINIUM ASSOCIATION, INC.",21252 HARBOR WAY MIAMI FL 33180,Condominium,Issued,No,01-31-2027
CR24000168,"GARSAN CONDOMINIUMS, INC.",3494 E 4TH AVE & 380 E 35 ST HIALEAH FL 33013,Condominium,Issued,No,01-31-2027
CR24000169,1900 MERIDIAN CONDOMINIUM ASSOCIATION,1900 MERIDIAN AVE MIAMI BEACH FLORIDA 33139,Condominium,Issued,No,01-31-2027
CR24000171,"EL PRADO XIII CONDOMINIUM ASSOCIATION, INC.",7707 WEST 29TH LANE HIALEAH FL 33018,Condominium,Issued,No,01-31-2027
CR24000175,"WEST PALM VILLAS V CONDOMINIUM ASSOCIATION, INC.",7401 WEST 22ND AVENUE HIALEAH FL 33016,Condominium,Issued,No,01-31-2027
CR24000176,"ARVILLA CONDOMINIUM ASSOCIATION, INC.",1117-1127 EUCLID AVE. MIAMI BEACH FL 33139,Condominium,Issued,No,01-31-2027
CR24000181,"MIRADOR MASTER ASSOCIATION, INC.",1125 WEST AVE MIAMI BEACH FL 33139,Master Association,Expired,Yes,01-31-2025
CR24000183,"711 CONDOMINIUM, INC.",710 11TH ST MIAMI BEACH FLORIDA 33139,Condominium,Issued,No,01-31-2027
CR24000185,"ADAGIO AT CENTRAL PARK CONDOMINIUM ASSOCIATION, INC.",10600 NW 88 STREET DORAL FL 33178,Condominium,Issued,No,01-31-2027
CR24000186,"RESIDENCIAL EL PRADO CONDOMINIUM ASSOCIATION, INC",2765 W 60 PL HIALEAH FLORIDA 33016,Condominium,Issued,No,01-31-2027
CR24000187,"CELEBRITY POINT CONDOMINIUM ASSOCIATION, INC.",15969 NW 64 AVE HIALEAH FLORIDA 33014,Condominium,Issued,No,01-31-2027
CR24000188,"LAKEVIEW AT THE GARDENS CONDOMINIUM ASSOCIATION, INC.",9837 W OKEECHOBEE RD HIALEAH FLORIDA 33016,Condominium,Issued,No,01-31-2027
CR24000189,"SAMARI LAKE EAST CONDOMINIUM ASSOCIATION, INC.",10090 NW 80 CT HIALEAH FLORIDA 33016,Condominium,Issued,No,01-31-2027
CR24000190,"THE GROVE CLUB CONDOMINIUM ASSOCIATION, INC.",2699 TIGERTAIL AVE MIAMI FL 33133,Condominium,Issued,No,01-31-2027
CR24000191,"GABLES PLACE CONDOMINIUM ASSOCIATION, INC.",427 - 499 CORAL WAY CORAL GABLES FL 33134,Condominium,Issued,No,01-31-2027
CR24000193,"MCARTHUR PARK AT MISTY LAKE CONDOMINIUM ASSOCIATION, INC.",415 NW 210 ST MIAMI GARDENS FL 33169,Condominium,Issued,No,01-31-2027
CR24000194,"EL BOSQUE AT LITTLE HAVANA CONDOMINIUM ASSOCIATION, INC.",777 SW 9 AVE MIAMI FL 33130,Condominium,Issued,No,01-31-2027
CR24000195,"MIAMI AIRPORT CENTER ASSOCIATION, INC.",7500 NW 25 ST MIAMI FL 33122,Condominium,Closed,Yes,01-31-2026
CR24000196,"COUNTRY LAKE MANORS COMMUNITY ASSOCIATION, INC.",19037 NW 67 PL HIALEAH FL 33015,Homeowner,Issued,No,01-31-2027
CR24000198,"LOS SUENOS CONDOMINIUM ASSOCIATION, INC.",1745 W 60 ST HIALEAH FL 33015,Condominium,Issued,No,01-31-2027
CR24000199,"FRATERNITY HOUSE, INC.",250 MERIDIAN AVENUE MIAMI BEACH FL 33139,Cooperative,Issued,No,01-31-2027
CR24000201,"VIZCAYA AT THE HAMMOCKS ASSOCIATION, INC.",11155 SW 151 PL MIAMI FL 33196,Homeowner,Issued,No,01-31-2027
CR24000204,BELLA VILLAS LAS PALMAS CONDOMINIUM ASSOCIATION INC,2332-2348 WEST 56 ST HIALEAH FL 33016,Condominium,Issued,No,01-31-2027
CR24000205,"VISTA DEL LAGO OF HIALEAH CONDOMINIUM ASSOCIATION, INC.",2696 W 60 ST HIALEAH FL 33016,Condominium,Issued,No,01-31-2027
CR24000206,"SEGOVIA VILLAS CONDOMINIUM ASSOCIATION, INC.",6121 W 24 AVE HIALEAH FL 33016,Condominium,Issued,No,01-31-2027
CR24000207,"PARKWAY GROVE CONDOMINIUM ASSOCIATION, INC.",16200 NW 2 AVE NORTH MIAMI FL 33169,Condominium,Issued,No,01-31-2027
CR24000208,"LAKEBELLE CONDOMINIUM NO. ONE, INC.",5673 W 28 AVE HIALEAH FL 33016,Condominium,Issued,No,01-31-2027
CR24000209,"SAGE ON LENOX CONDOMINIUM ASSOCIATION, INC.",1045 LENOX AVENUE MIAMI BEACH FL 33139,Condominium,Issued,No,01-31-2027
CR24000211,"COUNTRY RIDGE ESTATES HOMEOWNERS' ASSOCIATION, INC.",26635 SW 173 CT HOMESTEAD FLORIDA 33031,Homeowner,Issued,No,01-31-2027
CR24000213,"SAGE ON 15TH CONDOMINIUM ASSOCIATION, INC.",1241 15TH ST. MIAMI BEACH FL 33139,Condominium,Issued,No,01-31-2027
CR24000214,"SEGOVIA GARDENS CONDOMINIUM, INC.",1800 NW 19TH ST MIAMI FL 33125,Condominium,Issued,No,01-31-2027
CR24000218,"620 CONDOMINIUM ASSOCIATION, INC.",620 76TH STREET MIAMI BEACH FL 33141,Condominium,Issued,No,01-31-2027
CR24000219,"BAYSIDE TERRACE ASSOCIATION, INC.",1670 BAY ROAD MIAMI BEACH FLORIDA 33129,Condominium,Issued,No,01-31-2027
CR24000223,"CANONGATE CONDOMINIUM APARTMENTS NO. ONE, INC.",800 NE 195TH ST MIAMI FL - FLORIDA 33179,Condominium,Expired,Yes,01-31-2026
CR24000224,"BUENOS AIRES II, CONDOMINIUM ASSOCIATION INC",2261 W 55 ST HIALEAH FLORIDA 33027,Condominium,Issued,No,01-31-2027
CR24000226,"ESPRIT CONDOMINIUM ASSOCIATION, INC",9600 SW 138 AVE MIAMI FLORIDA 33186,Condominium,Issued,No,01-31-2027
CR24000227,"FLAMINGO CONDOMINIUM ASSOCIATION, INC.",6251 W 24 AVE HIALEAH FL 33015,Condominium,Issued,No,01-31-2027
CR24000228,"SUN VILLAS TOWN HOMES CONDOMINIUM ASSOCIATION, INC.",2435 W 4 CT HIALEAH FL 33010,Condominium,Issued,No,01-31-2027
CR24000229,WEST HAVEN CONDOMINIUM ASSOCIATION INC.,2600 NW 23 CT MIAMI FL 33142,Condominium,Issued,No,01-31-2027
CR24000230,40 SALAMANCA CORPORATION,40 SALAMANCA AVE. CORAL GABLES FLORIDA 33134,Cooperative,Abandoned,No,
CR24000231,ARBOUR TOWNHOUSE CONDOMINIUM ASSOCIATION SECTION II INC,300 NE 141ST STREET MIAMI FLORIDA 33161,Condominium,Abandoned,No,
CR24000232,"PARADISE AT DADELAND CONDOMINIUM ASSOCIATION, INC",7725 SW 88 ST MIAMI FLORIDA 33156,Condominium,Issued,No,01-31-2027
CR24000233,"MIRA VILLAS CONDOMINIUM ASSOCIATION, INC.",8270 NW 5 LN MIAMI FLORIDA 33126,Condominium,Issued,No,01-31-2027
CR24000234,"BONITA GOLF VIEW TOWNVILLAS STAGE I CONDOMINIUM ASSOCIATION, INC.",17360 NW 69 CT HIALEAH FLORIDA 33015,Condominium,Expired,No,01-31-2026
CR24000235,"FLORIDIAN CONDOMINIUM ASSOCIATION, INC.",2993 W 80 TH ST HIALEAH FLORIDA 33016,Condominium,Issued,No,01-31-2027
CR24000237,"FUTURA, CONDOMINIUM ASSOCIATION, INC.",401 NW 72 AVE MIAMI FLORIDA 33126,Condominium,Issued,No,01-31-2027
CR24000240,KEYSTONE POINT CONDOMINIUM ASSOCIATION INC.,10285 NW 80 CT HIALEAH FL 33016,Condominium,Issued,No,01-31-2027
CR24000241,"VILLA ROYAL OF MIAMI CONDOMINIUM ASSOCIATION, INC.",6855 ABBOTT AVE MIAMI BEACH FL 33140,Condominium,Issued,No,01-31-2027
CR24000242,"J.R. CONDOMINIUM ASSOCIATION, INC.",5300 W 24 AVE HIALEAH FL 33016,Condominium,Issued,No,01-31-2027
CR24000243,"SEVILLE CONDOMINIUM ASSOCIATION, INC.",1242 DREXEL AVE MIAMI BEACH FLORIDA 33139,Condominium,Issued,No,01-31-2027
CR24000244,"ARCADIA CONDOMINIUM OF MIAMI BEACH CONDOMINIUM ASSOCIATION, INC.",1205-1215 MERIDIAN AVE MIAMI BEACH FLORIDA 33139,Condominium,Issued,No,01-31-2027
CR24000245,"DREXEL ""15"" CONDOMINIUM, INC.",1519 DREXEL AVE MIAMI BEACH FLORIDA 33139,Condominium,Issued,No,01-31-2027
CR24000246,"ENCLAVE ON SOUTH BEACH CONDOMINIUM ASSOCIATION, INC.",349-359 MERIDIAN AVE MIAMI BEACH FLORIDA 33139,Condominium,Issued,No,01-31-2027
CR24000247,"FIRST ON LINCOLN CONDOMINIUM ASSOCIATION, INC.",1619 LENOX AVE MIAMI BEACH FLORIDA 33139,Condominium,Closed,No,01-31-2025
CR24000248,"MICHIGAN TOWERS CONDOMINIUM, INC.",716 MICHIGAN AVE MIAMI BEACH FLORIDA 33139,Condominium,Issued,No,01-31-2027
CR24000249,"4122 COLLINS CONDOMINIUM ASSOCIATION, INC.",4122 COLLINS AVE MIAMI BEACH FL 33140,Condominium,Issued,No,01-31-2027
CR24000250,COUNTRY LANE CONDOMINIUM NO. 1 ASSOCIATION INC.,17000 NW 67 AVE HIALEAH FLORIDA 33015,Condominium,Issued,No,01-31-2027
CR24000251,FRANCES CONDOMINIUM ASSOCIATION,7801 ABBOTT AVE MIAMI BEACH FL 33141,Condominium,Issued,No,01-31-2027
CR24000252,"BLOCKSTONE CONDOMINIUM ASSOCIATION, INC.",501 SW 25TH AVE MIAMI FL 33135,Condominium,Issued,No,01-31-2027
CR24000255,"REGENCY COVE CONDOMINIUM ASSOCIATION, INC.",7105 WEST 13 AVENUE HIALEAH FL 33014,Condominium,Issued,No,01-31-2027
CR24000261,"EMERALD LAKES TOWNHOMES HOMEOWNERS' ASSOCIATION OF MIAMI, INC.",901 SW 17 CT MIAMI FL 33196,Homeowner,Rejected,No,
CR24000262,BELLAVISTA GARDENS CONDOMINIUM INC,1305 WEST 46 STREET HIALEAH FL 33012,Condominium,Issued,No,01-31-2027
CR24000263,"COURTYARDS OF HIALEAH CONDOMINIUM ASSOCIATION, INC.",1225 W 35 ST HIALEAH FL 33012,Condominium,Issued,No,01-31-2027
CR24000264,"BRISAS DEL MAR CONDOMINIUM ASSOCIATION., INC",7705 ABBOTT AVE MIAMI BEACH FL 33141,Condominium,Issued,No,01-31-2027
CR24000265,"223 CALABRIA CONDOMINIUM ASSOCIATION, INC.",223 CALABRIA AVE CORAL GABLES FLORIDA 33134,Condominium,Issued,No,01-31-2027
CR24000266,"LOFTS AT MAYFAIR CONDOMINIUM ASSOCIATION, INC.",3339 VIRGINIA STREET MIAMI FL 33133,Condominium,Issued,No,01-31-2027
CR24000267,"ARCH CREEK LANDING CONDOMINIUM ASSOCIATION, INC.",1090 NE 129 STREET NORTH MIAMI FL 33161,Condominium,Expired,Yes,01-31-2026
CR24000268,"BAY VISTA CONDOMINIUM ASSOCIATION, INC.",860 NE 78 STREET MIAMI FL 33138,Condominium,Issued,No,01-31-2027
CR24000269,"THE ROADS AT 21ST CONDOMINIUM ASSOCIATION, INC",2021 SW 3RD AVE MIAMI FL 33129,Condominium,Issued,No,01-31-2027
CR24000270,"CROWN GATE VILLAS II CONDOMINIUM ASSOCIATION, INC.",1330 W 42 ST HIALEAH FL 33012,Condominium,Issued,No,01-31-2027
CR24000272,"BAY COURT TOWERS CONDOMINIUM, INC.",899 WEST AVENUE MIAMI BEACH FL 33139,Condominium,Issued,No,01-31-2027
CR24000273,"VISTA AL LAGO CONDOMINIUM ASSOCIATION, INC.",4685 NW 9 ST MIAMI FLORIDA 33126,Condominium,Expired,Yes,01-31-2026
CR24000274,"NORTH RIVERVIEW CONDOMINIUM ASSOCIATION, INC.",1629 NW N. RIVERVIEW DR. MIAMI FL 33125,Condominium,Issued,No,01-31-2027
CR24000275,"252 JEFFERSON CONDOMINIUM, INC.",252 JEFFERSON AVE MIAMI FL 33139,Condominium,Issued,No,01-31-2027
CR24000278,"LAGO GRANDE TWO CONDOMINIUM ASSOCIATION, INC.",6520 W 24 CT HIALEAH FL 33016,Condominium,Issued,No,01-31-2027
CR24000279,BRICKELL WAY CONDOMINIUM ASSOCIATION INC,2701 SW 3RD AVENUE MIAMI FL 33129,Condominium,Issued,No,01-31-2027
CR24000280,BRICKELL FOUNTAINS INC,1990 BRICKELL AVE MIAMI FL 33129,Condominium,Abandoned,No,
CR24000283,"MAR DEL PLATA CONDOMINIUM ASSOCIATION, INC.",6423 COLLINS AVE MIAMI BEACH FL 33141,Cooperative,Revoked,No,01-31-2026
CR24000284,"LAGUNA TROPICAL, A CONDOMINIUM ASSOCIATION, INC.",6858 NW 173 DR HIALEAH FLORIDA 33015,Condominium,Issued,No,01-31-2027
CR24000285,"MEDITERRANEO IN THE GROVE CONDOMINIUM ASSOCIATION, INC.",2800 COCONUT AVE MIAMI FL 33133,Condominium,Expired,Yes,01-31-2026
CR24000286,"COURTYARDS IN THE CROSSINGS ASSOCIATION, INC.",13259 SW 112 TER MIAMI FLORIDA 33186,Homeowner,Issued,No,01-31-2027
CR24000287,"THE CROSSINGS TOWN VILLAS ASSOCIATION, INC.",11578 SW 132 AVE MIAMI FLORIDA 33186,Homeowner,Issued,No,01-31-2027
CR24000288,"THE CROSSINGS PATIO HOME ASSOCIATION, INC.",11578 SW 132 AVE MIAMI FLORIDA 33186,Homeowner,Issued,No,01-31-2027
CR24000289,"THE CROSSINGS HOMEOWNERS'ASSOCIATION, INC.",11578 SW 132 AVE MIAMI FLORIDA 33186,Master Association,Issued,No,01-31-2027
CR24000290,"CARMEL AT THE CALIFORNIA CLUB CONDOMINIUM ""7"" ASSOCIATION, INC.",809 NE 199 ST MIAMI FLORIDA 33179,Condominium,Issued,No,01-31-2027
CR24000292,"LAGO GRANDE ONE CONDOMINIUM ASSOCIATION, INC.",6520 W 24 CT HIALEAH FL 33016,Condominium,Issued,No,01-31-2027
CR24000293,"THE VILLAGE OF KINGS CREEK CONDOMINIUM ASSOCIATION, INC.",7711 CAMINO REAL MIAMI FL 33143,Condominium,Issued,No,01-31-2027
CR24000294,"LAGO GRANDE TWO-C CONDOMINIUM ASSOCIATION, INC.",6520 W 24 CT HIALEAH FL 33016,Condominium,Issued,No,01-31-2027
CR24000295,RESIDENCES AT VIZCAYA CONDO ASSN INC,8200 NW 33RD STREET SUITE 300 DORAL FL 33122-1901,Condominium,Abandoned,No,
CR24000296,"2399 COLLINS AVENUE CONDOMINIUM ASSOCIATION, INC.",102 24 ST MIAMI BEACH FL 33139,Condominium,Issued,No,01-31-2027
CR24000297,"BRICKELL PARK CONDOMINIUM ASSOCIATION, INC.",2501 BRICKELL AVE MIAMI FL 33129,Condominium,Issued,No,01-31-2027
CR24000299,"COLLINS VIEW CONDOMINIUM, INC.",335 COLLINS AVE MIAMI BEACH FL 33139,Condominium,Issued,No,01-31-2027
CR24000300,"601 CONDOMINIUM ASSOCIATION, INC.",601-611 MICHIGAN AVE MIAMI BEACH FL 33139,Condominium,Expired,Yes,01-31-2026
CR24000301,"7315 BYRON AVENUE CONDOMINIUM ASSOCIATION, INC.",7315 BYRON AVE MIAMI BEACH FLORIDA 33141,Condominium,Issued,No,01-31-2027
CR24000302,"AMERICANA VILLAGE CONDOMINIUM ASSOCIATION, INC.",19800 SW 180 AVE MIAMI FL 33187,Condominium,Issued,No,01-31-2027
CR24000304,"CREEK TOWERS AND YACHT CLUB CONDOMINIUM, INC.",8024 TATUM WATERWAY DR. MIAMI BEACH FL 33141,Condominium,Issued,No,01-31-2027
CR24000307,"BONI VISTA TWO CONDOMINIUM ASSOCIATION, INC",7150 INDIAN CREEK DRIVE MIAMI BEACH FL 33141,Condominium,Abandoned,No,
CR24000309,"2845 COCONUT CONDOMINIUM ASSOCIATION, INC.",2845 COCONUT AVENUE MIAMI FL 33133,Condominium,Issued,No,01-31-2027
CR24000310,"30TH COURT CONDOMINIUM ASSOCIATION, INC.",2939 SW 30 CT MIAMI FL 33133,Condominium,Issued,No,01-31-2027
CR24000312,"WEITZER AVENTURA PLACE CONDOMINIUM ASSOCIATION, INC",2652 NE 213TH ST MIAMI FL 33180,Condominium,Issued,No,01-31-2027
CR24000313,"POINT EAST FOUR CONDOMINIUM CORPORATION, INC",2895 POINT EAST DRIVE AVENTURA FL 33160,Condominium,Issued,No,01-31-2027
CR24000315,"700 EDGEWATER CONDOMINIUM ASSOCIATION, INC.",700 NE 26TH TERRACE MIAMI FL 33137,Condominium,Issued,No,01-31-2027
CR24000316,"SEVENTEENTH PLACE CONDOMINIUM ASSOCIATION, INC",63 NW 17 PLACE MIAMI FL 33125,Condominium,Issued,No,01-31-2027
CR24000317,"CRYSTAL COLONY CONDOMINIUM ASSOCIATION, INC",110 SW 109TH AVE MIAMI FL 33174,Condominium,Issued,No,01-31-2027
CR24000318,"EL PRADO BY THE LAKE HOMEOWNERS ASSOCIATION, INC.",6520 W 24 CT HIALEAH FL 33016,Homeowner,Issued,No,01-31-2027
CR24000319,"BELLAVISTA ON THE RIVER CONDOMINIUM ASSOCIATION, INC.",2185 NW 16 TER MIAMI FL 33125,Condominium,Expired,Yes,01-31-2026
CR24000320,"VIZCAYNE MASTER ASSOCIATION, INC.",253 NE 2ND ST MIAMI FLORIDA 33132,Master Association,Issued,No,01-31-2027
CR24000322,INDIAN CREEK CLUB AND MARINA CONDOMINIUM ASSOCIATION. INC.,6820 INDIAN CREEK DR. MIAMI BEACH FL 33141,Condominium,Expired,Yes,01-31-2026
CR24000324,BEACH PLAZA SOUTH CONDOMINIUM ASSOCIATION INC.,2939 INDIAN CREEK DR MIAMI BEACH FL 33140,Condominium,Abandoned,No,
CR24000325,NORTH POINT TOWNHOUSES AT CALIFORNIA CLUB,21138 NE 5TH PLACE MIAMI FL 33179,Condominium,Abandoned,No,
CR24000330,"LAGO GRANDE SIX CONDOMINIUMS ASSOCIATION, INC.",6520 W 24 CT HIALEAH FL 33016,Condominium,Issued,No,01-31-2027
CR24000332,"EL CYCLON CONDOMINIUM ASSOCIATION, INC",248 WASHINGTON AVENUE MIAMI BEACH FLORIDA 33139,Condominium,Issued,No,01-31-2027
CR24000335,LAGO GRANDE FIVE CONDOMINIUM ASSOCIATION INC.,6520 W 24 CT HIALEAH FL 33016,Condominium,Issued,No,01-31-2027
CR24000337,"KENDALL LAKE TOWERS CONDOMINIUM ASSOCIATION, INC.",15221 SW 80 ST MIAMI FL 33193,Condominium,Issued,No,01-31-2027
CR24000338,NORTHEAST PALMS CONDOMINIUM ASSOCIATION,12105 NE 6TH AVENUE NORTH MIAMI FORIDA 33161,Condominium,Abandoned,No,
CR24000342,"SANTORINI AT ISLANDS AT DORAL NEIGHBORHOOD ASSOCIATION, INC.",8700 NW 112TH PL DORAL FLORIDA 33178,Homeowner,Issued,No,01-31-2027
CR24000343,"6000 INDIAN CREEK CONDOMINIUM ASSOCIATION, INC.",6000 INDIAN CREEK DRIVE MIAMI BEACH FL 33140,Condominium,Issued,No,01-31-2027
CR24000345,"MICHIGAN WEST ASSOCIATION, INC",910 MICHIGAN AVE MIAMI BEACH FL 33139,Condominium,Issued,No,01-31-2027
CR24000346,"418 EUCLID AVENUE CONDOMINIUM, INC.",418 EUCLID AVENUE MIAMI BEACH FL 33139,Condominium,Issued,No,01-31-2027
CR24000350,"GOLDEN TOWERS NO. 2, INC.",15600 NE 6 AVE HIALEAH FL 33012,Condominium,Issued,No,01-31-2027
CR24000351,"THE VILLAS AT UNIVERSITY SQUARE CONDOMINIUM ASSOCIATION, INC.",1923 SW 107 AVE HIALEAH FL 33165,Condominium,Issued,No,01-31-2027
CR24000353,"EIGHTH MOORINGS CONDOMINIUM, INC.",1840 W 49 ST HIALEAH FL 33012,Condominium,Issued,No,01-31-2027
CR24000354,"CARIBBEAN ISLES VILLAS CONDOMINIUM ASSOCIATION, INC.",2720 NE 3 DR HOMESTEAD FL 33032,Condominium,Issued,No,01-31-2027
CR24000355,"HYDRA VILLA AT SAMARI LAKES CONDOMINIUM ASSOCIATION, INC.",8096 NW 99 TERR HIALEAH FL 33016,Condominium,Issued,No,01-31-2027
CR24000356,"MALKY CONDOMINIUM, INC.",375 NE 125 ST HIALEAH FL 33161,Condominium,Issued,No,01-31-2027
CR24000359,"200 OCEAN DRIVE CONDOMINIUM ASSOCIATION, INC.",200 OCEAN DR MIAMI BEACH FLORIDA 33139,Condominium,Issued,No,01-31-2027
CR24000374,"SOLEIL LAKE CONDOMINIUM ASSOCIATION, INC.",500 NW 114 AVE MIAMI FL 33172,Condominium,Issued,No,01-31-2027
CR24000378,"RIVERVIEW PLACE CONDOMINIUM ASSOCIATION, INC.",3637 INDIAN CREEK DR MIAMI BEACH FL 33140,Condominium,Issued,No,01-31-2027
CR24000380,"CALUSA CLUB C WEST CONDOMINIUM, INC.",8811 SW 132 PL HIALEAH FL 33179,Condominium,Issued,No,01-31-2027
CR24000383,BAY SIXTEEN CONDOMINIUM INC,1601 BAY ROAD MIAMI BEACH FL 33139,Condominium,Issued,No,01-31-2027
CR24000384,"OAKLAND TOWNHOMES HOMEOWNERS ASSOCIATION, INC.",16347 SW 44 TER HIALEAH FL 33012,Homeowner,Issued,No,01-31-2027
CR24000388,"1455 MICHIGAN AVENUE OWNERS ASSOCIATION, INC.",1455 MICHIGAN AVE MIAMI BEACH FL 33139,Condominium,Issued,No,01-31-2027
CR24000391,"THE TANGERINES CONDOMINIUM ASSOCIATION, INC.",6725 SW 137 CT # 14C MIAMI FL 33186,Condominium,Issued,No,01-31-2027
CR24000392,"MILLENNIUM TOWNHOMES CONDOMINIUM ASSOCIATION, INC.",2802 SW 145 CT MIAMI FL 33176,Condominium,Issued,No,01-31-2027
CR24000393,MERL MANOR CONDOMINIUM ASSOCIATION INC,3535 INDIAN CREEK DR MIAMI BEACH FL 33140,Condominium,Issued,No,01-31-2027
CR24000410,"SKY LAKE GARDENS NO 4, INC., A CONDOMINIUM",18710 NE 18 AVE NORTH MIAMI BEACH FL 33179,Condominium,Issued,No,01-31-2027
CR24000411,"NORMANDY PLACE ASSOCIATION, INC.",2000 BIARRITZ DR MIAMI BEACH FLORIDA 33141,Condominium,Expired,No,01-31-2026
CR24000412,"ROOSEVELT HOUSE, INC.",945 MERIDIAN AVE MIAMI BEACH FLORIDA 33139,Cooperative,Issued,No,01-31-2027
CR24000413,LOFTS ON BRICKELL II CONDOMINIUM ASSOCIATION INC.,1650 BRICKELL AVE MIAMI FL 33129,Condominium,Issued,No,01-31-2027
CR24000414,NOB HILL WEST CONDOMINIUM ASSOCIATION INC.,10427 N KENDALL DRIVE MIAMI FL 33176,Condominium,Issued,No,01-31-2027
CR24000417,"GROVE TOWNHOUSES AT BIRD CONDOMINIUM ASSOCIATION, INC",3056 BIRD AVE. MIAMI FL 33133,Condominium,Issued,No,01-31-2027
CR24000419,"THE SEASONS VILLAS & TOWNHOMES CONDOMINIUM ASSOCIATION, INC.",14905 SW 80TH ST MIAMI FLORIDA 33193,Condominium,Issued,No,01-31-2027
CR24000420,"FLAGLER FIRST CONDOMINIUM ASSOCIATION, INC.",111 E FLAGLER ST MIAMI FLORIDA 33131,Condominium,Issued,No,01-31-2027
CR24000422,"ELITE CONDOMINIUM ASSOCIATION, INC.",2601 NW 166 ST MIAMI GARDENS FL 33056,Condominium,Issued,No,01-31-2027
CR24000423,"CITY 24 CONDOMINIUM ASSOCIATION, INC.",350 NE 24 ST MIAMI FL 33137,Condominium,Issued,No,01-31-2027
CR24000424,"929 ON MICHIGAN CONDOMINIUM ASSOCIATION, INC.",929 MICHIGAN AVE MIAMI BEACH FL 33139,Homeowner,Issued,No,01-31-2027
CR24000425,12590 CORONADO TOWERS CONDOMINIUM ASSOCIATION INC,12590 NE 16 AVE NORTH MIAMI FL 33161,Condominium,Issued,No,01-31-2027
CR24000426,"LES CHALETS HOMEOWNERS ASSOCIATION, INC.",2208 SW 106 CT MIAMI FL 33155,Homeowner,Issued,No,01-31-2027
CR24000427,"CLARIS CONDOMINIUM ASSOCIATION, INC.",234 MERIDIAN AVE MIAMI BEACH FLORIDA 33063,Condominium,Issued,No,01-31-2027
CR24000428,"FIFTEEN THIRTY FIVE MERIDIAN CONDOMINIUM ASSOCIATION, INC",1535 MERIDIAN AVE MIAMI BEACH FLORIDA 33139,Condominium,Issued,No,01-31-2027
CR24000429,EIGHT HOMES INC.,228 NW 34 STREET MIAMI FL 33135,Cooperative,Issued,No,01-31-2027
CR24000430,BAY SHORE COOPERATIVE INC,1430 BRICKELL BAY DRIVE MIAMI 33131 FL 33131,Cooperative,Issued,No,01-31-2027
CR24000431,"WILLIAMS ISLAND PROPERTY OWNERS' ASSOCIATION, INC",5300 ISLAND BLVD. AVENTURA FL 33160,Master Association,Issued,No,01-31-2027
CR24000432,"LAKE VIEW OF THE CALIFORNIA CLUB CONDOMINIUM ASSOCIATION, INC.",20850 AND 20860 SAN SIMEON WAY MIAMI FLORIDA 33179,Condominium,Issued,No,01-31-2027
CR24000433,EL SEVILLANO TOWNHOMES CONDOMINIUM,5800 W 18 CT HIALEAH FL 33012,Condominium,Issued,No,01-31-2027
CR24000435,"ATLANTIC III AT THE POINT CONDOMINIUM ASSOCIATION, INC.",21050 POINT PL AVENTURA FL 33180,Condominium,Issued,No,01-31-2027
CR24000437,"PALMS ASSOCIATION OF ALTON ROAD, INC",1025 ALTON ROAD MIAMI BEACH FLORIDA 33139,Condominium,Issued,No,01-31-2027
CR24000438,"INGLEWOOD TOWNHOMES CONDOMINIUM ASSOCIATION, INC.",18590 NW 67TH AVE HIALEAH FLORIDA 33015,Condominium,Issued,No,01-31-2027
CR24000440,"MARBELLA BY THE GROVE CONDOMINIUM ASSOCIATION, INC.",2575 SW 27 AVE MIAMI FL 33146,Condominium,Issued,No,01-31-2027
CR24000441,835 MERIDIAN CONDOMINIUM INC.,835 MERIDIAN AVENUE MIAMI BEACH FLORIDA 33139,Condominium,Issued,No,01-31-2027
CR24000443,544 MICHIGAN AVE INC.,544 MICHIGAN AVE MIAMI BEACH FL 33139,Cooperative,Issued,No,01-31-2027
CR24000444,"ROYAL OAKS HOMEOWNER'S ASSOCIATION, INC.",162 ST 82 AVE MIAMI LAKES FLORIDA 33016,Homeowner,Issued,No,01-31-2027
CR24000447,"GIRALDA PLACE CONDOMINIUM ASSOCIATION, INC.",275 GIRALDA AVENUE MIAMI FLORIDA 33193,Condominium,Issued,No,01-31-2027
CR24000450,"3201 COLLINS CONDOMINIUM ASSOCIATION, INC.","3201 COLLINS AVE. MIAMI BEACH, FL FLORIDA 33140",Condominium,Issued,No,01-31-2027
CR24000451,"MYSTIC PLACE CONDOMINIUM ASSOCIATION, INC.",NW 83ND AVE AND NW TENTH ST MIAMI FL 33172,Homeowner,Issued,No,01-31-2027
CR24000453,"COSTA BRAVA ASSOCIATION, INC.",4851 NW 107 CT MIAMI FL 33172,Homeowner,Issued,No,01-31-2027
CR24000454,"FUTURA GABLES CONDOMINIUM ASSOCIATION, INC.",7040 SW 24TH ST MIAMI FL 33155,Condominium,Issued,No,01-31-2027
CR24000455,"HAWKSNEST AT DORAL HOMEOWNERS' ASSOCIATION, INC.",11310 NW 42 TERRACE DORAL FL 33178,Homeowner,Issued,No,01-31-2027
CR24000457,"LANCASTER CONDOMINIUM ASSOCIATION OF HIALEAH, INC.",6950 WEST 6TH AVENUE HIALEAH FL 33014,Condominium,Issued,No,01-31-2027
CR24000458,"SILVER BROS. VILLAS CONDOMINIUM ASSOCIATION, INC.",3038 ORANGE ST MIAMI FLORIDA 33133,Condominium,Issued,No,01-31-2027
CR24000461,"ABBOTT BY THE SEA ASSOCIATION, INC.",8255 ABBOTT AVE MIAMI BEACH FL 33141,Condominium,Issued,No,01-31-2027
CR24000463,KENDALL LAKES EAST PATIO CONDOMINIUM ASSOCIATION INC.,6206 SW 136 COURT MIAMI FLORIDA 33183,Condominium,Issued,No,01-31-2027
CR24000464,"DREAM VILLAS CONDOMINIUM ASSOCIATION, INC.",8454 NW 8TH ST MIAMI FL 33126,Homeowner,Issued,No,01-31-2027
CR24000465,"929 CONDOMINIUM ASSOCIATION, INC.",929 MERIDIAN AVE MIAMI BEACH FL 33139,Condominium,Issued,No,01-31-2027
CR24000466,"VILLA SERENA CONDOMINIUM ASSOCIATION, INC.",1930 SW 2 ST MIAMI FL 33135,Condominium,Issued,No,01-31-2027
CR24000468,MELREESE POINTE CONDOMINIUM ASSOCIATION INC,814 NW 36TH AVE MIAMI FL 33125,Condominium,Issued,No,01-31-2027
CR24000469,BANYAN VILLAGE CONDOMINIUM ASSOCIATION INC,2600 BIRD AVENUE MIAMI FL 33133,Condominium,Issued,No,01-31-2027
CR24000470,"EL PARAISO GRANDE CONDOMINIUM ASSOCIATION, INC.",2138 SW 6 ST MIAMI FL 33135,Condominium,Issued,No,01-31-2027
CR24000471,JASA CONDOMINIUM CORP.,590-592-594 SW 10TH STREET MIAMI FL 33130,Condominium,Issued,No,01-31-2027
CR24000472,"HAVANA PALMS CONDOMINIUM ASSOCIATION II, INC.",1336 SW 3 ST MIAMI FL 33135,Condominium,Issued,No,01-31-2027
CR24000473,CASTELLO II CONDOMINIUM ASSOCIATION INC.,853 SW 2ND STREET MIAMI FL 33130,Condominium,Issued,No,01-31-2027
CR24000474,"FONTANA POINT CONDOMINIUM ASSOCIATION, INC.",8210-8250 NW 191 STREET MIAMI FL 33015,Condominium,Issued,No,01-31-2027
CR24000476,"OCEANFRONT PLAZA CONDOMINIUM ASSOCIATION, INC.",2625 COLLINS AVENUE MIAMI BEACH FL 33140,Condominium,Issued,No,01-31-2027
CR24000478,"KEN-DADE CONDOMINIUM, INC",9175 SW 77 AVE MIAMI FL 33156,Condominium,Issued,No,01-31-2027
CR24000479,"SANDPIPER CONDOMINIUM AT THE CALIFORNIA CLUB CONDOMINIUM ASSOCIATION, INC.",19961 NE 5TH CT MIAMI FL 33179,Condominium,Issued,No,01-31-2027
CR24000480,COLONIAL PLAZA CONDOMINIUM INC,"420, 422, 426, 428 NE 82ND ST MIAMI FL 33063",Condominium,Issued,No,01-31-2027
CR24000481,"ANDES CONDOMINIUM ASSOCIATION, INC.",6215 W 20 AVE HIALEAH FLORIDA 33012,Condominium,Issued,No,01-31-2027
CR24000482,"PARKVIEW PLAZA CONDOMINIUM ASSOCIATION, INC.",7300 WAYNE AVE MIAMI BEACH FL 33141,Condominium,Issued,No,01-31-2027
CR24000483,"GROVE HARBOUR CONDOMINIUM ASSOCIATION, INC.",1690 S BAYSHORE LN MIAMI FL 33133,Condominium,Issued,No,01-31-2027
CR24000484,"MERRICK MANOR CONDOMINIUM ASSOCIATION, INC.",301 ALTARA AVENUE CORAL GABLES FLORIDA 33146-1457,Condominium,Issued,No,01-31-2027
CR24000485,"LORMAR HOMEOWNERS ASSOCIATION, INC.",1000 5TH ST MIAMI BEACH FLORIDA 33139,Homeowner,Issued,No,01-31-2027
CR24000486,SEVENTH MOORINGS CONDOMINIUM INC,18601 NE 14TH AVE MIAMI FLORIDA 33179,Condominium,Expired,Yes,01-31-2026
CR24000487,"GOLD COAST CONDOMINIUM ASSOCIATION, INC",12290 NE 11TH CT NORTH MIAMI FL 33161,Condominium,Issued,No,01-31-2027
CR24000488,"NEO LOFTS CONDOMINIUM ASSOCIATION, INC.",10 SW SOUTH RIVER DRIVE MIAMI FL 33130,Condominium,Issued,No,01-31-2027
CR24000489,"SIXTH MOORINGS CONDOMINIUM, INC.",18555 NE 14 AVE N. MIAMI BEACH FLORIDA 33179,Condominium,Expired,Yes,01-31-2026
CR24000490,"PALM GARDENS II CONDOMINIUM ASSOCIATION, INC.",210 SW 11 ST MIAMI FL 33130,Condominium,Issued,No,01-31-2027
CR24000491,"SAN FRANCISCO CONDOMINIUM ASSOCIATION, INC.",1755 W 42ND STREET HIALEAH FL 33012,Condominium,Issued,No,01-31-2027
CR24000492,SECOND MOORINGS CONDOMINIUM INC,1551 NE MIAMI GARDENS DR MIAMI FL 33179,Condominium,Issued,No,01-31-2027
CR24000493,"SILVER BLUFF CONDOMINIUM ASSOCIATION, INC",2251 SW 27TH ST MIAMI FL 33133,Condominium,Issued,No,01-31-2027
CR24000494,"PALM BAY CONDOMINIUM, INC.",770 NE 69 STREET MIAMI FL 33138,Condominium,Closed,No,01-31-2026
CR24000495,"CORAL GABLES VILLAS CONDOMINIUM ASSOCIATION, INC.",15-21 MADEIRA AVE CORAL GABLES FL 33134,Condominium,Issued,No,01-31-2027
CR24000497,"FAIRVIEW OF THE CALIFORNIA CLUB CONDOMINIUM ASSOCIATION, INC.",20801 SAN SIMEON WAY MIAMI FLORIDA 33179,Condominium,Issued,No,01-31-2027
CR24000498,"CORAL WAY VILLAGE ASSOCIATION, INC.",10300 SW 24 ST MIAMI FL 33165,Condominium,Issued,No,01-31-2027
CR24000499,"NEO VERTIKA CONDOMINIUM ASSOCIATION, INC.",690 SW 1ST CT MIAMI FL 33130,Condominium,Issued,No,01-31-2027
CR24000500,"LUDLUM VILLAS WEST CONDOMINIUM ASSOCIATION, INC",1742 W. 42 PL HIALEAH FL 33012,Homeowner,Issued,No,01-31-2027
CR24000501,"7626 BYRON CONDOMINIUM ASSOCIATION, INC",7626 BYRON AVE MIAMI BEACH FL 33141,Condominium,Issued,No,01-31-2027
CR24000502,"DECO GARDENS CONDOMINIUM ASSOCIATION, INC.",145 NE 82ND TERR MIAMI FL 33138,Condominium,Issued,No,01-31-2027
CR24000503,"26EDGEWATER CONDOMINIUM ASSOCIATION, INC.",321 NE 26 ST MIAMI FLORIDA 33137,Condominium,Issued,No,01-31-2027
CR24000504,"SWEETWATER PARK CONDOMINIUM ASSOCIATION, INC.",11378 - 11388 WEST FLAGLER STREET MIAMI FL 33144,Condominium,Issued,No,01-31-2027
CR24000505,"LINCOLN PLAZA CONDOMINIUM, INC.",1400 LINCOLN RD. MIAMI BEACH FL 33139,Condominium,Issued,No,01-31-2027
CR24000506,"EAST ATLANTIC GARDENS CONDOMINIUM, INC",325 OCEAN DRIVE MIAMI BEACH FLORIDA 33139,Condominium,Issued,No,01-31-2027
CR24000507,"FLAGLER 39 ASSOCIATION, INC.",3915 W FLAGLER ST MIAMI FL 33134,Cooperative,Issued,No,01-31-2027
CR24000508,"SHORELINE CONDOMINIUM ASSOCIATION, INC.",3880 NE 168 ST NORTH MIAMI BEACH FL 33160,Condominium,Issued,No,01-31-2027
CR24000509,"MARIANAO CONDOMINIUM ASSOCIATION, INC.",425 E 32 ST HIALEAH FL 33013,Condominium,Issued,No,01-31-2027
CR24000510,"RO-MONT GARDENS ANDOVER CONDOMINIUM ""D"", INC.",11 NE 204 ST MIAMI FLORIDA 33179,Condominium,Issued,No,01-31-2027
CR24000511,"MOON TOWER CONDOMINIUM ASSOCIATION, INC.",5033 NW 7TH STREET MIAMI FL 33126,Condominium,Issued,No,01-31-2027
CR24000514,"HAVANA SUN CONDOMIIUM ASSOCIATION, INC",1020 SW 7 ST MIAMI FL 33125,Condominium,Issued,No,01-31-2027
CR24000515,MICHIGAN ART VILLA INC,840 MICHIGAN AVE MIAMI BEACH FLORIDA 33139,Condominium,Abandoned,No,
CR24000517,"LENOX FLATS CONDOMINIUM ASSOCIATION, INC.",910 LENOX AVE MIAMI BEACH FL 33139,Condominium,Expired,Yes,01-31-2026
CR24000518,"MALAGA PARK CONDOMINIUM ASSOCIATION, INC.",1741 WEST 59TH ST HIALEAH FLORIDA 33012,Condominium,Issued,No,01-31-2027
CR24000519,"SEYBOLD POINTE CONDOMINIUM ASSOCIATION, INC.",816 NW 11TH ST MIAMI FLORIDA 33136,Condominium,Issued,No,01-31-2027
CR24000520,"CHALET EAST CONDOMINIUM, INC.",300 WEST 74 PLACE HIALEAH FL 33014,Homeowner,Issued,No,01-31-2027
CR24000521,"HALCON VILLAS CONDOMINIUM NO. 1 ASSOCIATION, INC.",1325 W 41 ST HIALEAH FL 33012,Condominium,Expired,Yes,01-31-2026
CR24000522,"HALCON VILLAS CONDOMINIUM NO. 3 ASSOCIATION, INC.",1309 W 41 ST HIALEAH FL 33012,Condominium,Expired,Yes,01-31-2026
CR24000523,"JEFFERSON PLAZA CONDOMINIUM, INC",1612 JEFFERSON AVE MIAMI BEACH FL 33139,Condominium,Issued,No,01-31-2027
CR24000525,"EL CAPRI COURTYARDS CONDOMINIUM ASSOCIATION, INC.",7801 SW 52ND COURT MIAMI FL 33143,Condominium,Issued,No,01-31-2027
CR24000526,"EL VEDADO, INC.",237 SW 13 STREET MIAMI FL 33130,Condominium,Expired,Yes,01-31-2026
CR24000527,GREEN OAKS I CONDOMINIUM ASSOCIATION CORP,7466 NW 8TH ST MIAMI FL 33126,Condominium,Abandoned,No,
CR24000528,"GIFFORD GROVE CONDOMINIUM ASSOCIATION, INC.",3154 GIFFORD LN MIAMI FL 33133,Condominium,Issued,No,01-31-2027
CR24000529,"THE ALTON CONDOMINIUM, INC.",1200 14 STREET MIAMI BEACH FLORIDA 33139,Condominium,Issued,No,01-31-2027
CR24000530,"PINETREE RESIDENCES CONDOMINIUM ASSOCIATION, INC.",2850 PINETREE DRIVE MIAMI BEACH FL 33140,Condominium,Issued,No,01-31-2027
CR24000531,"LOUISE GROVE CONDOMINIUM ASSOCIATION, INC.",2927 LOUISE STREET MIAMI FL 33133,Condominium,Issued,No,01-31-2027
CR24000532,"ORANGE POUNDS CONDOMINIUM ASSOCIATION, INC.",3051 DAY AVE MIAMI FL 33133,Condominium,Expired,Yes,01-31-2026
CR24000533,"VILLA BAHIA CONDOMINIUM ASSOCIATION, INC.",1320 15 ST MIAMI BEACH FL 33139,Condominium,Issued,No,01-31-2027
CR24000534,"VALENTINO CONDOMINIUM HOMEOWNERS ASSOCIATION, INC.",1636 WEST 42 PLACE HIALEAH FL 33012,Homeowner,Issued,No,01-31-2027
CR24000535,"THE SAIL CONDOMINIUM ASSOCIATION, INC.",170 SE 14 ST MIAMI FLORIDA 33131,Condominium,Issued,No,01-31-2027
CR24000536,"JOCKEY CLUB III ASSOCIATION, INC.",11113 BISCAYNE BLVD OFC MIAMI FLORIDA 33181-3445,Condominium,Issued,No,01-31-2027
CR24000538,"THE PONCE TOWER CONDOMINIUM ASSOCIATION, INC.",1805 PONCE DE LEON BLVD CORAL GABLES FL 33134,Condominium,Issued,No,01-31-2027
CR24000540,SUNNYSIDE CONDOMINIUM ASSOCIATION INC,425 79TH ST MIAMI BEACH FL 33141,Condominium,Issued,No,01-31-2027
CR24000542,"VILLA VERANDA CONDOMINIUM ASSOCIATION, INC.",3021 W 76 ST HIALEAH FLORIDA 33015,Condominium,Issued,No,01-31-2027
CR24000543,LE CLUB AT KENDALE LAKES CONDOMINIUM ASSOCIATION INC.,6520 SW 138TH CT MIAMI FL 33183,Condominium,Issued,No,01-31-2027
CR24000544,"THE AMETHYST CONDOMINIUM ASSOCIATION, INC.","5313 COLLINS AVENUE MIAMI BEACH, FL FLORIDA 33140",Condominium,Issued,No,01-31-2027
CR24000546,GEMINI VII TOWNHOUSE ASSOCIATION INC.,3178 BIRD AVE MIAMI FL 33133,Homeowner,Issued,No,01-31-2027
CR24000547,WINSTON TOWERS 300 ASSOCIATION INC,230 174TH STREET MIAMI BEACH FL 33160,Condominium,Issued,No,01-31-2027
CR24000548,COCONUT GROVE BELLAVISTA CONDO ASSOCIATION INC,3560 - 3574 W FAIRVIEW ST MIAMI FL 33133,Condominium,Issued,No,01-31-2027
CR24000551,MASSADA CONDOMINIUM ASSOCIATION INC.,3901 INDIAN CREEK DR MIAMI BEACH FL 33140,Condominium,Issued,No,01-31-2027
CR24000552,"VALENCIA TOWNHOMES CONDOMINIUM ASSOCIATION, INC.",530 VALENCIA AVENUE MIAMI FL 33131,Condominium,Issued,No,01-31-2027
CR24000553,"VILLAS CANARIAS II CONDOMINIUM, INC.",7651-7699 W 36 AVE HIALEAH FLORIDA 33018,Condominium,Issued,No,01-31-2027
CR24000554,"PARKVIEW SOUTH CONDOMINIUM ASSOCIATION, INC.",810 11TH STREET MIAMI BEACH FL 33139,Condominium,Issued,No,01-31-2027
CR24000555,"MIDWAY FOREST CONDOMINIUM ASSOCIATION, INC.",8430 NW 8TH STREET MIAMI FL 33126,Condominium,Issued,No,01-31-2027
CR24000556,"VALENCIA II TOWNHOMES (CORAL GABLES) CONDOMINIUM ASSOCIATION, INC.",550 VALENCIA AVE CORAL GABLES FL 33134,Condominium,Issued,No,01-31-2027
CR24000557,"DAKOTA CONDOMINIUM PROPERTY OWNERS CONDOMINIUM ASSOCIATION, INC.",111 EDGEWATER DR CORAL GABLES FL 33133,Condominium,Issued,No,01-31-2027
CR24000558,"LINCOLN TERRACE II CONDOMINIUM ASSOCIATION, INC.",1450 LINCOLN TER MIAMI BEACH FL 33139,Condominium,Issued,No,01-31-2027
CR24000559,"RIVA CONDOMINIUM ASSOCIATION, INC.",310 JEFFERSON AVE MIAMI FL 33139,Condominium,Issued,No,01-31-2027
CR24000560,"LAS PALMAS AT RIVERSIDE CONDOMINIUM ASSOCIATION, INCORPORATED",746 SW 2ND ST MIAMI FLORIDA 33130,Condominium,Issued,No,01-31-2027
CR24000561,CASTELLO III CONDOMINIUM ASSOCIATION INC.,928 SW 3RD ST MIAMI FL 33130,Condominium,Issued,No,01-31-2027
CR24000563,"VILLA ROSADA CONDOMINIUM ASSOCIATION, INC.",428 SW 9 ST MIAMI FLORIDA 33130,Homeowner,Issued,No,01-31-2027
CR24000566,"PALM COURT OF MIAMI CONDOMINIUM ASSOCIATION, INC.",8201 NW 8TH ST MIAMI FL 33126,Condominium,Issued,No,01-31-2027
CR24000567,"THE EDGES AT 3RD ST. CONDOMINIUM ASSOCIATION, INC.",1152 NW 3 ST MIAMI FLORIDA 33128,Condominium,Issued,No,01-31-2027
CR24000568,"FLAMINGO PARK VILLAS CONDOMINIUM ASSOCIATION, INC",1017 MERIDIAN AVE MIAMI BEACH FL 33139,Condominium,Issued,No,01-31-2027
CR24000569,LIGHTHOUSE CO-OP APARTMENTS INC.,4730-4740 PINE TREE DR MIAMI BEACH FLORIDA 33140,Cooperative,Issued,No,01-31-2027
CR24000570,"BEACH PLAZA GARDENS CONDOMINIUM ASSOCIATION, INC.",4101 INDIAN CREEK DR MIAMI BEACH FL 33140,Condominium,Issued,No,01-31-2027
CR24000571,"MIMO BISCAYNE CONDOMINIUM ASSOCIATION, INC.",531 NE 82 TER MIAMI FL 33138,Condominium,Issued,No,01-31-2027
CR24000572,"SETAI RESORT & RESIDENCES CONDOMINIUM ASSOCIATION, INC.",101 20TH STREET MIAMI BEACH FLORIDA 33139,Condominium,Issued,No,01-31-2027
CR24000575,"PARKWOOD CONDOMINIUM ASSOCIATION, INC.",9220 FOUNTAINBLEAU BLV MIAMI FL 33172,Condominium,Issued,No,01-31-2027
CR24000576,"RIVERBREEZE VILLAS CONDOMINIUM ASSOCIATION, INC.",2727 NW 17TH TER MIAMI FLORIDA 33125,Condominium,Issued,No,01-31-2027
CR24000577,"FOUNTAINVIEW ASSOCIATION INC #3, A CONDOMINIUM",1400 NE 169TH NORTH MIAMI BEACH FL 33162,Condominium,Issued,No,01-31-2027
CR24000578,"POINCIANA ROYALE VILLAS CONDOMINIUM I ASSOCIATION, INC.",7500 - 7546 W 20 AVE HIALEAH FL 33016,Condominium,Issued,No,01-31-2027
CR24000579,"FOX CHASE CONDOMINIUM NO.1 ASSOCIATION, INC.",8615 NW 8 ST MIAMI FL 33126,Condominium,Issued,No,01-31-2027
CR24000580,"VILLA SANTANDER CONDOMINIUM ASSOCIATION, INC.",427 SANTANDER AVE CORAL GABLES FL 33134,Condominium,Issued,No,01-31-2027
CR24000581,"VILLAMORE CONDOMINIUM ASSOCIATION, INC.",6011-6041 W 24 AVENUE HIALEAH FL 33016,Condominium,Issued,No,01-31-2027
CR24000582,"PASEOS CASTELLANOS CONDOMINIUM ASSOCIATION, INC.",SW 122ND AVE AND SW 18TH ST MIAMI FL 33175,Condominium,Issued,No,01-31-2027
CR24000583,"VILLAS DEL SOL CONDOMINIUM ASSOCIATION, INC.",1270-1380 W 41 ST HIALEAH FL 33012,Condominium,Issued,No,01-31-2027
CR24000584,OCEAN 36 NORTH CONDOMINIUM ASSOCIATION INC.,3600 COLLINS AVE MIAMI BEACH FL 33140,Condominium,Issued,No,01-31-2027
CR24000585,"AUBURNDALE CONDOMINIUM ASSOCIATION, INC.",11 SW 32 AVENUE MIAMI FL 33135,Condominium,Issued,No,01-31-2027
CR24000586,POINT ROYALE CONDOMINIUM ASSOCIATION NO 1 INC,19370 SW 103 CT MIAMI FL 33257,Condominium,Issued,No,01-31-2027
CR24000587,"ROYAL FLAGLER CONDOMINIUM CORP., INC.",6580 W FLAGLER ST MIAMI FL 33144,Condominium,Issued,No,01-31-2027
CR24000588,"THE TOWERS OF QUAYSIDE NO. 1 CONDOMINIUM ASSOCIATION, INC.",1000 QUAYSIDE TERRACE MIAMI FLORIDA 33138,Condominium,Issued,No,01-31-2027
CR24000589,MODERN AT COCONUT PALM CONDOMINIUM ASSOCIATION INC,24600 SW 129 AVE HOMESTEAD FLORIDA 33032,Condominium,Issued,No,01-31-2027
CR24000590,"THE FLATS AT MORNINGSIDE CONDOMINIUM ASSOCIATION, INC.",5701 BISCAYNE BLVD MIAMI FL 33138,Condominium,Expired,Yes,01-31-2026
CR24000591,"THE GRANDE CONDOMINIUM ASSOCIATION, INC.",9021 SW 94 ST MIAMI FLORIDA 33176,Condominium,Issued,No,01-31-2027
CR24000592,"PEN-TEN CO-OP APTS., INC.",1004 PENNSYLVANIA AVENUE MIAMI BEACH FL 33139,Cooperative,Issued,No,01-31-2027
CR24000594,"TIERRA HOMES CONDOMINIUM ASSOCIATION, INC.",229 NW 10TH AVE MIAMI FL 33128,Condominium,Issued,No,01-31-2027
CR24000595,"CAMP BISCAYNE WATERWAY OWNERS ASSOCIATION, INC.",3505 MAIN HIGHWAY MIAMI FL 33133,Homeowner,Issued,No,01-31-2027
CR24000596,"MIAMI BAYSIDE CONDOMINIUM ASSOCIATION, INC.",910 BAY DRIVE MIAMI BEACH FLORIDA 33141,Condominium,Issued,No,01-31-2027
CR24000597,"SAUSALITO BAY TOWNHOMES HOMEOWNERS ASSOCIATION, INC.",15469 SW NINTH TERR MIAMI FL 33194,Homeowner,Issued,No,01-31-2027
CR24000598,"CONTINUUM CONDOMINIUM ASSOCIATION, INC.",15400 SW 82 LN MIAMI FLORIDA 33193,Condominium,Issued,No,01-31-2027
CR24000599,"OCEAN 36 SOUTH CONDOMINIUM ASSOCIATION, INC.",3588 COLLINS AVE MIAMI BEACH FL 33140,Condominium,Issued,No,01-31-2027
CR24000600,FLAGLER HEIGHTS CONDOMINIUM ASSOC. INC,208 NW 47 AVENUE MIAMI FL 33126,Condominium,Expired,Yes,01-31-2026
CR24000603,"EMPYREAN TOWNHOMES CONDOMINIUM ASSOCIATION, INC.",11119 WOKEECHOBEE ROAD HIALEAH GARDENS FL 33018,Condominium,Issued,No,01-31-2027
CR24000605,GOLDEN TERRACE CONDOMINIUM ASSOCIATION INC.,13685 NE 10TH AVE NORTH MIAMI FLORIDA 33161,Condominium,Issued,No,01-31-2027
CR24000606,"MELROSE APARTMENTS II CONDOMINIUM ASSOCIATION, INC.",2401 NW 23RD ST MIAMI FL 33142,Condominium,Abandoned,No,
CR24000608,"VERANDA AT DORAL MASTER HOMEOWNERS ASSOCIATION, INC.",5240 NW 109 AVE DORAL FL 33178,Condominium,Issued,No,01-31-2027
CR24000609,"CHATILLON HALL CONDOMINIUM, INC.",1020 94TH STREET MIAMI FLORIDA 33154,Condominium,Issued,No,01-31-2027
CR24000611,"CASABLANCA VILLAS CONDOMINIUM ASSOCIATION OF MIAMI BEACH, INC.",6362 COLLINS AVE MIAMI BEACH FL 33141,Condominium,Issued,No,01-31-2027
CR24000612,"LAS BRISAS AT COUNTRY CLUB OF MIAMI CONDOMINIUM ASSOCIATION, INC.",7055 NW 186 ST HIALEAH FLORIDA 33015,Condominium,Issued,No,01-31-2027
CR24000613,"PATIO GRANDE TOWNHOMES CONDOMINIUM ASSOCIATION, INC.",10900 NW 7 ST MIAMI FL 33172,Condominium,Issued,No,01-31-2027
CR24000614,"TIGER'S TRAPP CONDO ASSN., INC.",2593 TRAPP AVE MIAMI FL 33133,Condominium,Issued,No,01-31-2027
CR24000615,"MADRID TERRACE CONDOMINIUM ASSOCIATION, INC.",6820 W FLAGLER ST MIAMI FLORIDA 33144,Condominium,Issued,No,01-31-2027
CR24000617,"THE MINORCA CONDOMINIUM ASSOCIATION, INC",2030 S. DOUGLAS RD. CORAL GABLES FLORIDA 33134,Condominium,Issued,No,01-31-2027
CR24000618,"ROYAL ATLANTIC ASSOCIATION, INC.",465 OCEAN DRIVE MIAMI BEACH FLORIDA 33139,Condominium,Issued,No,01-31-2027
CR24000619,VILLA LAS PALMAS CONDOMINIUM ASSOCIATION,601 E 1ST AVE HIALEAH FL 33010,Condominium,Issued,No,01-31-2027
CR24000620,"FOUNTAIN TOWERS CONDOMINIUM, INC.",7118 BONITA DRIVE MIAMI BEACH FL 33141,Condominium,Issued,No,01-31-2027
CR24000621,"GASO CONDOMINIUM ASSOCIATION, INC.",1627 NW 18 ST MIAMI FLORIDA 33125,Condominium,Issued,No,01-31-2027
CR24000622,"EL CID CONDOMINIUM ASSOCIATION, INC., NUMBER II",3640 NW 9 ST MIAMI FLORIDA 33125,Condominium,Issued,No,01-31-2027
CR24000623,"WESTLAND PARK CONDOMINIUM ASSOCIATION, INC., #14",1771 W 59 ST HIALEAH FLORIDA 33012,Condominium,Issued,No,01-31-2027
CR24000624,"COLONIAL TOWNHOMES CONDOMINIUM ASSOCIATION, INC.",501 W 68TH ST HIALEAH FL 33014,Condominium,Issued,No,01-31-2027
CR24000629,"WESTLAND PARK CONDOMINIUM ASSOCIATION, INC., #1",1790 W 60 ST HIALEAH FLORIDA 33012,Condominium,Issued,No,01-31-2027
CR24000630,"FOX CHASE CONDOMINIUM NO. 2 ASSOCIATION, INC.",8625 NW 8 ST MIAMI FL 33126,Condominium,Issued,No,01-31-2027
CR24000631,"SAVANNAH APARTMENTS CONDOMINIUM ASSOCIATION, INC.",5611 WEST 25TH COURT HIALEAH FLORIDA 33016,Condominium,Issued,No,01-31-2027
CR24000632,TERRANOVA CONDOMINIUM ASSOCIATION INC.,10813 NW 7 ST MIAMI FLORIDA 33172,Condominium,Issued,No,01-31-2027
CR24000634,"THE VILLAS OF AMBERWOOD CONDOMINIUM ASSOCIATION, INC.",10070 DORAL BLVD MIAMI FLORIDA 33172,Condominium,Issued,No,01-31-2027
CR24000636,"CARMEL AT THE CALIFORNIA CLUB CONDOMINIUM ""21"" ASSOCIATION, INC",919 NE 199 TH ST MIAMI FL 33179,Condominium,Issued,No,01-31-2027
CR24000637,"CHANCELLOR HALL ASSOCIATION, INC.",1850 NE 169 STREET NORTH MIAMI BEACH FL 33162,Condominium,Expired,Yes,01-31-2026
CR24000639,"CREEK CLUB #3, INC.",8040 TATUM WATERWAY DRIVE MIAMI BEACH FL 33141,Condominium,Abandoned,No,
CR24000640,"EASTERN PARKVIEW CONDOMINIUM ASSOCIATION, INC.",16518 NE 26 AVENUE NORTH MIAMI BEACH FL 33160,Condominium,Issued,No,01-31-2027
CR24000643,"HATO REY CONDOMINIUM ASSOCIATION, INC.",420 NW 12 AVENUE MIAMI FL 33128,Condominium,Issued,No,01-31-2027
CR24000645,"P.M.C. CONDOMINIUM ASSOCIATION, INC.",2261 W 52 ST HIALEAH FL 33016,Condominium,Issued,No,01-31-2027
CR24000646,"LINCOLN TERRACE CONDOMINIUM ASSOCIATION, INC.",1430 LINCOLN TER MIAMI BEACH FLORIDA 33139,Condominium,Closed,Yes,01-31-2025
CR24000647,"PALMETTO SPRINGS CONDOMINIUM VILLAS ASSOCIATION, INC.",6070 W 18 AVE HIALEAH FL 33012,Condominium,Issued,No,01-31-2027
CR24000650,"LAGO DE SOLE HOMEOWNER'S ASSOCIATION, INC",3818 SW 152PL MIAMI FL 33185,Homeowner,Issued,No,01-31-2027
CR24000651,THE MONICA'S TOWNHOUSE CONDOMINIUM CORP.,610 SW 114TH AVE. APT 6 MIAMI FLORIDA 33174,Condominium,Issued,No,01-31-2027
CR24000652,"POMELO PARK ""A"" CONDOMINIUM ASSOCIATION, INC.",3340 SW 28TH TER MIAMI FLORIDA 33133-3426,Condominium,Issued,No,01-31-2027
CR24000653,"NEW WORLD CONDOMINIUM APARTMENTS, II CONDOMINIUM ASSOCIATION INC.",301 NW 177TH STREET MIAMI FLORIDA 33169,Condominium,Issued,No,01-31-2027
CR24000655,"TOWERS NORTH CONDOMINIUM ASSOCIATION, INC.",8095 NW 8TH STREET MIAMI FL 33126,Condominium,Abandoned,No,
CR24000656,"MONTEREY VILLAGE-ONE CONDOMINIUM ASSOCIATION, INC.",470 NE 210TH CIRCLE TER MIAMI FLORIDA 33179,Condominium,Issued,No,01-31-2027
CR24000657,"MONTEREY VILLAGE-TWO CONDOMINIUM ASSOCIATION, INC.",480 NE 210 CIRCLE TER MIAMI FLORIDA 33170,Condominium,Issued,No,01-31-2027
CR24000658,"CATALONIA CONDOMINIUM ASSOCIATION, INC.",2425 SW 27TH AVENUE MIAMI FLORIDA 33145,Condominium,Issued,No,01-31-2027
CR24000659,"SEAGULL TOWNHOMES CONDOMINIUM ASSOCIATION, INC.",3555 NE 168 ST NORTH MIAMI BEACH FL 33160,Condominium,Issued,No,01-31-2027
CR24000660,"MISTY LAKE CONDOMINIUM ASSOCIATION, INC.",21015 NW 7 AVENUE MIAMI FL 33139,Condominium,Issued,No,01-31-2027
CR24000661,"MARQUIS VILLAS-II CONDOMINIUM ASSOCIATION, INC.",6752 NW 182 ST HIALEAH FL 33015,Condominium,Issued,No,01-31-2027
CR24000662,"ARTECITY PARK MASTER ASSOCIATION, INC.",435 21ST STREET MIAMI BEACH FL 33139,Master Association,Issued,No,01-31-2027
CR24000663,"TIFFANY LAKES CONDOMINIUM ASSOCIATION, INC",8555 SW 152 AVE MIAMI FL 33193,Condominium,Issued,No,01-31-2027
CR24000664,"SAN MATEO NORTH CONDOMINIUM ASSOCIATION, INC.",8335 NW 186 ST HIALEAH FL 33015,Condominium,Issued,No,01-31-2027
CR24000665,"J.M.C. GARDENS CONDOMINIUM ASSOCIATION, INC.",13700 NE 3RD CT MIAMI FL 33161,Condominium,Issued,No,01-31-2027
CR24000666,"LAWRENCE CONDOMINIUM ASSOCIATION, INC.","1251 NW 4 STREET, MIAMI, FL 33125 MIAMI FL 33183",Condominium,Issued,No,01-31-2027
CR24000667,"VIRGINIA OAKS CONDOMINIUM ASSOCIATION, INC",3304 VIRGINIA STREET MIAMI FLORIDA 33133,Condominium,Issued,No,01-31-2027
CR24000668,"PENN MANOR CONDOMINIUM, INC.",1420 PENNSYLVANIA AVE MIAMI BEACH FLORIDA 33139,Condominium,Issued,No,01-31-2027
CR24000669,"MISTY POINT VILLAS CONDOMINIUM ASSOCIATION, INC",8320 NW 103 STREET HIALEAH GARDENS FL 33016,Condominium,Issued,No,01-31-2027
CR24000670,"PARK BEACH CONDOMINIUM ASSOCIATION OF MIAMI BEACH, INC.",7832 COLLINS AVENUE MIAMI BEACH FLORIDA 33141,Condominium,Issued,No,01-31-2027
CR24000671,PARADISE ISLES CONDOMINUM ASSOCIATION INC.,3531 NE 170 STREET NORTH MIAMI BEACH FLORIDA 33160,Condominium,Issued,No,01-31-2027
CR24000672,"WEST BUENA VISTA CONDOMINIUM ASSOCIATION, INC.",8 ST SE & 10 ST SE HIALEAH FLORIDA 33010,Condominium,Issued,No,01-31-2027
CR24000673,"VENETIA VILLAS CONDOMINIUM ASSOCIATION, INC.",17350 NW 67 AVE HIALEAH FLORIDA 33015,Condominium,Issued,No,01-31-2027
CR24000674,"MATANZAS CONDOMINIUM ASSOCIATION, INC.",1701 W 42 PL UNIT #5 HIALEAH FL 33012,Homeowner,Issued,No,01-31-2027
CR24000676,TROPICAL PARK CONDOMINIUM ASSOCIATION INC.,3855 SW 79 AVE MIAMI FL 33155,Condominium,Issued,No,01-31-2027
CR24000678,"WESTPARK VILLAS CONDOMINIUM ASSOCIATION, INC.",5200 W 24 WAY HIALEAH FL 33016,Condominium,Issued,No,01-31-2027
CR24000679,LONGWOOD HOUSE CONDOMINIUM ASSOCIATION INC.,11685 CANAL DR NORTH MIAMI FL 33181,Condominium,Issued,No,01-31-2027
CR24000680,"FIRST EAST CONDOMINIUM ASSOCIATION, INC.",3541 SW 1ST AVE MIAMI FL 33145,Condominium,Issued,No,01-31-2027
CR24000681,"THE ENCLAVE II AT SOUTH MIAMI CONDOMINIUM, INC.",7541 SW 61 AVENUE SOUTH MIAMI FL 33143,Condominium,Issued,No,01-31-2027
CR24000682,"CARMEL AT THE CALIFORNIA CLUB CONDOMINIUM ""3"" ASSOCIATION, INC.",771 NE 199 ST. MIAMI FL 33179,Condominium,Expired,Yes,01-31-2025
CR24000683,"MIMO ON THE BEACH V CONDOMINIUM ASSOCIATION, INC.",7331 GARY AVENUE MIAMI BEACH FL 33141,Condominium,Issued,No,01-31-2027
CR24000684,"BLUE SKY ASSOCIATION, INC.",7300 BYRON AVE MIAMI BEACH FL 33141,Condominium,Issued,No,01-31-2027
CR24000685,"CHABELA CONDOMINIUM ASSOCIATION, INC.",1390 NW 2ND ST MIAMI FL 33125,Condominium,Expired,Yes,01-31-2025
CR24000686,"GARDENGATE TOWNHOMES I CONDOMINIUM ASSOCIATION, INC.",10626 NW 87 CT HIALEAH GARDENS FL 33018,Condominium,Issued,No,01-31-2027
CR24000687,"SUNSET VILLAS PHASE III CONDOMINIUM ASSOCIATION, INC.",4801 NW 7 ST MIAMI FL 33126,Condominium,Issued,No,01-31-2027
CR24000688,"THE FLATS CONDOMINIUM ASSOCIATION, INC.",1520 LENOX AVENUE MIAMI BEACH FLORIDA 33139,Condominium,Issued,No,01-31-2027
CR24000690,LUXURY CORAL LIVING INC.,9000 SW 24 ST MIAMI FL 33165,Condominium,Issued,No,01-31-2027
CR24000691,"CITY VIEW BY THE RIVER CONDOMINIUM ASSOCIATION, INC.","1229, 1235 & 1241 NW 6 ST MIAMI FL 33222",Condominium,Expired,Yes,01-31-2026
CR24000692,"CARMEL AT THE CALIFORNIA CLUB CONDOMINIUM ""28"" ASSOCIATION, INC.",925 NE 199TH ST. MIAMI FLORIDA 33179,Condominium,Issued,No,01-31-2027
CR24000693,"OLEANDER HOUSE CONDOMINIUM ASSOCIATION, INC.",406 NW 22 AVE MIAMI FL 33125,Condominium,Issued,No,01-31-2027
CR24000694,"FOX CHASE CONDOMINIUM NO. 3 ASSOCIATION, INC.","8635 NW 8 ST MIAMI, FLORIDA FL 33126",Condominium,Issued,No,01-31-2027
CR24000695,"PUERTA DEL SOL OF KENDALL CONDOMINIUM ASSOCIATION, INC.",9958 NORTH KENDALL DRIVE MIAMI FL 33184,Homeowner,Issued,No,01-31-2027
CR24000696,"CARMEL AT THE CALIFORNIA CLUB CONDOMINIUM ""24"" ASSOCIATION, INC.",927 NE 199TH ST MIAMI FLORIDA 33179,Condominium,Expired,Yes,01-31-2026
CR24000697,"CARMEL AT THE CALIFORNIA CLUB CONDOMINIUM 10 ASSOCIATION, INC.",801 NE 199 ST MIAMI FL 33179,Condominium,Expired,Yes,01-31-2026
CR24000698,"SEA WASH ASSOCIATION, INC.",7400 HARDING AVE MIAMI BEACH FLORIDA 33141,Condominium,Issued,No,01-31-2027
CR24000699,"OLIVIA CONDOMINIUM ASSOCIATION, INC.",625 SW 13 AVENUE MIAMI FL 33135,Condominium,Closed,Yes,01-31-2026
CR24000700,"THE FOUNTAINHEAD AT MIAMI BEACH CONDOMINIUM ASSOCIATION, INC.",361 JEFFERSON AVENUE MIAMI BEACH FLORIDA 33139,Condominium,Issued,No,01-31-2027
CR24000701,OCEAN POINT ASSOCIATION INC.,345 OCEAN DRIVE MIAMI BEACH FLORIDA 33139,Homeowner,Expired,Yes,01-31-2026
CR24000702,"PALM VILLAS TOWNHOMES 1 CONDOMINIUM ASSOCIATION, INC.",1250 NE 5TH ST HOMESTEAD MIAMI-DADE 33030,Condominium,Closed,No,01-31-2026
CR24000703,"BRICKELL BISCAYNE CONDOMINIUM ASSOCIATION, INC.",150 SE 25 RD MIAMI FLORIDA 33129,Condominium,Issued,No,01-31-2027
CR24000704,TINI VILLAS INC.,1510-1520 WEST AVENUE MIAMI FL 33173,Condominium,Issued,No,01-31-2027
CR24000708,"THE SABINE CONDOMINIUM ASSOCIATION, INC.",932 15TH STREET MIAMI BEACH FL 33139,Condominium,Issued,No,01-31-2027
CR24000709,"VILLAS LAS PALMAS 2, INC",350 E 2 STREET HIALEAH FL 33010,Condominium,Issued,No,01-31-2027
CR24000710,"LA FLEURETTE CONDOMINIUM ASSOCIATION, INC.",4015 INDIAN CREEK DR MIAMI BEACH FL 33140,Condominium,Expired,Yes,01-31-2025
CR24000711,"WESTVIEW VILLAS-I CONDOMINIUM ASSOCIATION, INC.",7080 W 35 AVE HIALEAH FL 33172,Condominium,Issued,No,01-31-2027
CR24000712,"EL PRADO CONDOMINIUM ASSOCIATION, INC",1933 SW 7 ST MIAMI FL 33135,Condominium,Issued,No,01-31-2027
CR24000713,HAIFA CONDOMINIUM ASSOCIATION. INC.,1735 NE 164 ST NORTH MIAMI BEACH FL 33162,Condominium,Issued,No,01-31-2027
CR24000714,"VILLAS ON THE BAY ASSOCIATION, INC.",3929 NE 171 ST NORTH MIAMI BEACH FLORIDA 33160,Condominium,Issued,No,01-31-2027
CR24000715,"KING'S VILLAS CONDOMINIUM ASSOCIATION, INC.",1152 W 27 ST HIALEAH FL 33012,Condominium,Issued,No,01-31-2027
CR24000716,"CARMEL AT THE CALIFORNIA CLUB CONDOMINIUM ""32"" ASSOCIATION, INC.",815 NE 199TH STREET MIAMI FLORIDA 33179,Condominium,Issued,No,01-31-2027
CR24000717,"KEN-DADE CONDOMINIUM #2, INC.",9159 SW 77 AVE MIAMI FL 33156,Condominium,Issued,No,01-31-2027
CR24000719,GREENTREE CONDOMINIUM II ASSOCIATION INC.,7101 SW 129 AVE MIAMI FL 33183,Condominium,Issued,No,01-31-2027
CR24000720,"HAVANAH ROADS CONDOMINIUM ASSOCIATION, INC.",1025 SW 7TH AVE MIAMI FL 33129,Condominium,Issued,No,01-31-2027
CR24000723,"DEL REY PARK CONDOMINIUM, INC.",31 W 23 STREET HIALEAH FLORIDA 33010,Condominium,Issued,No,01-31-2027
CR24000725,"LATIN QUARTER TOWER CONDOMINIUM ASSOCIATION, INC.",1699 SW 7TH ST MIAMI FL 33135,Condominium,Issued,No,01-31-2027
CR24000727,"SUNSET VILLAS CONDOMINIUM ASSOCIATION, INC.",4713 NW 7TH ST MIAMI FL 33145,Master Association,Issued,No,01-31-2027
CR24000728,"VILLA REAL CONDOMINIUM NO. 2 ASSOCIATION, INC",1120 NW 124 PLACE MIAMI FL 33182,Condominium,Issued,No,01-31-2027
CR24000729,VILLA REAL NO. 1 CONDOMINIUM ASSOCIATION INC.,1126 NW 124 COURT MIAMI FL 33182,Condominium,Issued,No,01-31-2027
CR24000730,"PINAR II CONDOMINIUM ASSOCIATION, INC.",1326-1334 SW 6 STREET MIAMI FL 33135,Condominium,Expired,Yes,01-31-2026
CR24000731,PRESIDENTIAL CONDOMINIUM OWNERS ASSOCIATION,401 OCEAN DRIVE MIAMI BEACH FL 33139,Condominium,Issued,No,01-31-2027
CR24000732,"BAYVIEW PLAZA CONDOMINIUM ASSOCIATION, INC.",1621 BAY RD MIAMI BEACH FL 33139,Condominium,Expired,Yes,01-31-2026
CR24000733,"WILDWOOD RIVER VILLAS CONDOMINIUM, INC.",2441-2651 NW 13 ST MIAMI FLORIDA 33125,Condominium,Issued,No,01-31-2027
CR24000736,"EL PRADO XVI CONDOMINIUM ASSOCIATION, INC.",6941 W 36 AVE HIALEAH FL 33016,Condominium,Issued,No,01-31-2027
CR24000737,"FIVE ARCHES CONDOMINIUM ASSOCIATION, INC.",1154 W 35 ST HIALEAH FL 33012,Condominium,Issued,No,01-31-2027
CR24000740,"RAMAVEST CONDOMINIUM ASSOCIATION, INC.",1135 EUCLID AVE MIAMI BEACH FLORIDA 33139,Condominium,Issued,No,01-31-2027
CR24000741,"VILLA JARDIN 1 CONDOMINIUM ASSOCIATION, INC.",5513 NE MIAMI PLACE MIAMI FL 33137,Condominium,Issued,No,01-31-2027
CR24000742,"LAGO BELLO #1 TOWNHOUSE CONDOMINIUM ASSOCIATION, INC.",5790 W 26 AVE HIALEAH FL 33016,Condominium,Issued,No,01-31-2027
CR24000744,"COURTYARDS II CONDOMINIUM ASSOCIATION, INC.",1255 W 49 PL HIALEAH FL 33012,Condominium,Issued,No,01-31-2027
CR24000745,"BAYSHORE PARK CONDOMINIUM ASSOCIATION, INC.",2545 S. BAYSHORE DRIVE MIAMI LAKES FL 33016,Condominium,Closed,No,01-31-2026
CR24000747,EL PARAISO AT HIALEAH CONDOMINIUM ASSOCIATION INC.,26 AVE W 76 ST HIALEAH FL 33016,Condominium,Expired,Yes,01-31-2026
CR24000748,"WEST PALM GARDENS VILLAS CONDOMINIUM ASSOCIATION, INC.",2205-2367 W 69 ST HIALEAH FL 33016,Condominium,Issued,No,01-31-2027
CR24000750,"PIER 44 CONDOMINIUM ASSOCIATION, INC.",13695 NE 3RD CT NORTH MIAMI FL 33161,Condominium,Issued,No,01-31-2027
CR24000752,"GARDEN VILLAS CONDOMINIUM III ASSOCIATION, INC.","2951,2953,2955 W 80 ST HIALEAH FL 33018",Condominium,Issued,No,01-31-2027
CR24000753,"THE VINEYARDS AT SOUTH MIAMI CONDOMINIUM ASSOCIATION, INC.",7520 SW 59 AVE MIAMI FL 33143,Condominium,Issued,No,01-31-2027
CR24000755,"ELLINGTON AT COUNTY LINE NO. II CONDOMINIUM ASSOCIATION, INC.",700 NW 214 ST MIAMI FL 33169,Condominium,Expired,Yes,01-31-2026
CR24000757,"VILLAS ANDALUCIA, CONDOMINIUM ASSOCIATION, INC.","210,220,230,240 W 68 ST HIALEAH FL 33014",Condominium,Issued,No,01-31-2027
CR24000759,"GROVE HAUS CONDOMINIUM ASSOCIATION, INC.",2756 DAY AVE MIAMI FL 33133,Condominium,Issued,No,01-31-2027
CR24000760,"LOFTS IN THE GROVE CONDOMINIUM ASSOCIATION, INC.",2694 INAGUA AVE MIAMI FL 33133,Condominium,Issued,No,01-31-2027
CR24000761,LUDLUM LAKE TOWNHOUSES SECTION ONE ASSOCIATION INC.,7001 NW 169TH ST MIAMI FL 33015,Condominium,Expired,Yes,01-31-2026
CR24000762,"MEDITERRANEAN VILLAS CONDOMINIUM ASSOCIATION, INC.",6270 NW 186 ST MIAMI FL 33015,Condominium,Expired,Yes,01-31-2026
CR24000763,"MILLER LAKE CONDOMINIUM ASSOCIATION, INC.",5450 SW 77 COURT MIAMI FL 33155,Condominium,Expired,Yes,01-31-2026
CR24000764,"ROYAL POINCIANA CONDOMINIUM ASSOCIATION OF MIAMI SPRINGS, INC.",241 S ROYAL POINCIANA BLVD MIAMI SPRINGS FL 33166,Condominium,Issued,No,01-31-2027
CR24000766,ISLAND CLUB OF SOUTH BEACH CONDOMINIUM ASSOCIATION INC.,405 N HIBISCUS DR MIAMI BEACH FL 33139,Condominium,Expired,Yes,01-31-2026
CR24000767,"W & C CONDOMINIUM ASSOCIATION, INC.",6800-6850 WEST 16 DR HIALEAH FL 33016,Condominium,Issued,No,01-31-2027
CR24000768,"GRATIGNY PLAZA CONDOMINIUM ASSOCIATION, INC",7345-7355 W 4 AVE HIALEAH FL 33014,Condominium,Issued,No,01-31-2027
CR24000769,"LAKE CONDOMINIUM UNITED ASSOCIATION, INC.",2735 W 52 ST HIALEAH FL 33016,Condominium,Issued,No,01-31-2027
CR24000770,"PARKVIEW TOWNHOMES CONDOMINIUM ASSOCIATION, INC.",990 NW 78 AVE MIAMI FL 33126,Condominium,Issued,No,01-31-2027
CR24000771,"RIVIERA ISLES CONDOMINIUM ASSOCIATION, INC.",3522 NE 171 ST NORTH MIAMI BEACH FL 33160,Condominium,Issued,No,01-31-2027
CR24000772,"LAS BELLEZAS CONDOMINIUM ASSOCIATION, INC.",5641-5667 WEST 26 AVENUE HIALEAH FL 33016,Condominium,Issued,No,01-31-2027
CR24000774,"GALERIA TWO CONDOMINIUM ASSOCIATION, INC.",2200-2299 W 74 TERRACE HIALEAH FL 33016,Condominium,Issued,No,01-31-2027
CR24000775,"THE EDGES AT 2ND ST. CONDOMINIUM ASSOCIATION, INC.",1028 SW 2 ST MIAMI FL. 33130,Condominium,Issued,No,01-31-2027
CR24000776,"KING'S CASTLE CONDOMINIUM ASSOCIATION, INC.",6575 WEST 4TH AVENUE HIALEAH FLORIDA 33012,Condominium,Issued,No,01-31-2027
CR24000777,"SEVILLA GARDENS CONDOMINIUM ASSOCIATION, INC.",5525-6 1 WEST 22ND' COURT HIALEAH FL 33016,Condominium,Issued,No,01-31-2027
CR24000782,"GRACE VILLAS III CONDOMINIUM ASSOCIATION, INC.",8075 NW 8 ST MIAMI FLORIDA 33126,Condominium,Issued,No,01-31-2027
CR24000783,"VISTA ON THE BAY CONDOMINIUM ASSOCIATION, INC.",16590 NE 26TH AVENUE NORTH MIAMI BEACH FL 33160,Condominium,Expired,Yes,01-31-2026
CR24000784,"MENDOZA CONDOMINIUM ASSOCIATION, INC.",124 MENDOZA AVE CORAL CABLES FLORIDA 33134,Condominium,Issued,No,01-31-2027
CR24000785,"3030 AVENTURA CONDOMINIUM ASSOCIATION, INC.",3030 NE 188 ST AVENTURA FLORIDA 33180,Condominium,Issued,No,01-31-2027
CR24000786,"PALM VILLAS CONDOMINIUM ASSOCIATION II, INC.",325 WEST 68 STREET HIALEAH FLORIDA 33016,Condominium,Issued,No,01-31-2027
CR24000787,READY VILLAS CONDOMINIUM ASSOCIATION INC,3526 W 76 ST HIALEAH FL 33018,Condominium,Expired,Yes,01-31-2026
CR24000790,"LAKE BEACH CLUB CONDOMINIUM ASSOCIATION, INC.",2600 COLLINS AVE MIAMI BEACH FLORIDA 33140,Condominium,Expired,Yes,01-31-2026
CR24000792,MANGO HILL CONDOMINIUM ASSOCIATION NO. 2 INC.,4055 W 12 AVE HIALEAH FL 33012,Condominium,Issued,No,01-31-2027
CR24000793,"GARDEN VIEW VILLAS HOMES CONDOMINIUM ASSOCIATION, INC.",7281 NW 174 TERRACE HIALEAH FL 33015,Condominium,Issued,No,01-31-2027
CR24000794,"EL PRADO XI CONDOMINIUM ASSOCIATION, INC.",7995 W 29 WAY HIALEAH FL 33018,Condominium,Issued,No,01-31-2027
CR24000795,"EL PRADO XV CONDOMINIUM ASSOCIATION, INC.",3538 W 80TH ST HIALEAH FL 33018,Condominium,Issued,No,01-31-2027
CR24000796,"WEST 74TH STREET CONDOMINIUM ASSOCIATION, INC.",2375 WEST 74 ST HIALEAH FL 33016,Condominium,Issued,No,01-31-2027
CR24000798,ROYAL FLAGLER CONDOMINIUM ASSOCIATION INC.,11680 NW 1 TER MIAMI FL 33193,Condominium,Issued,No,01-31-2027
CR24000799,"WESTWIND LAKES GARDEN HOMES CONDOMINIUM ASSOCIATION, INC.",6610 SW 152 PL MIAMI FLORIDA 33193,Condominium,Issued,No,01-31-2027
CR24000800,"ROYAL OAKS CONDOMINIUM ASSOCIATION OF NORTH MIAMI BEACH, INC.",441 NE 195 ST MIAMI FL 33179,Condominium,Expired,Yes,01-31-2026
CR24000801,"TROPICAL COURT VILLAS CONDOMINIUM NO. 2 ASSOCIATION, INC.",8100 W 28 CT HIALEAH FL 33018,Condominium,Issued,No,01-31-2027
CR24000802,"TRIANON PARK CONDOMINIUM ASSOCIATION, INC.",1750 W 56 ST HIALEAH FL 33012,Condominium,Issued,No,01-31-2027
CR24000803,WESTLANDIA CONDOMINIUM ASSOCIATION INC.,816 W 40 DR HIALEAH FL 33012,Condominium,Issued,No,01-31-2027
CR24000804,"SOUTH GROVE PLAZA ASSOCIATION, INC.",2690 SW 22 AVE MIAMI FL 33133,Condominium,Issued,No,01-31-2027
CR24000805,"LA ARBOLEDA CONDOMINIUM ASSOCIATION, INC.",1910-1916 SW 17 AVE MIAMI FL 33145,Condominium,Issued,No,01-31-2027
CR24000806,FOUNTAINVIEW ASSOCIATION INC #2 A CONDOMINIUM,16801 NE 14 AVE MIAMI FL 33162,Condominium,Issued,No,01-31-2027
CR24000807,"PALM VILLAS CONDOMINIUM, INC.",2919 SW 30TH CT MIAMI FL 33133,Condominium,Issued,No,01-31-2027
CR24000808,"MATILDA DAY CONDOMINIUM ASSOCIATION, INC.",3181 MATILDA ST MIAMI FL 33133,Condominium,Issued,No,01-31-2027
CR24000809,"THE YACHT CLUB AT AVENTURA CONDOMINIUM ASSOCIATION, INC.",19777 E COUNTRY CLUB DR AVENTURA FLORIDA 33180,Condominium,Issued,No,01-31-2027
CR24000810,"PENN-TWELVE CONDOMINIUM ASSOCIATION, INC.",1245 PENNSYLVANIA AVE MIAMI BEACH FL 33139,Condominium,Issued,No,01-31-2027
CR24000812,"LOS JARDINES CONDOMINIUM ASSOCIATION, INC.",555 SW 16 AVENUE MIAMI FLORIDA 33135,Condominium,Issued,No,01-31-2027
CR24000813,"MEDITERRANEAN HERITAGE CONDOMINIUM ASSOCIATION, INC.",12210 SW 20 TERR MIAMI FL 33175,Condominium,Issued,No,01-31-2027
CR24000814,"ALPHAVILLE I CONDO ASSOCIATION, INC.",958 NW 10 ST MIAMI FL 33034,Condominium,Issued,No,01-31-2027
CR24000815,"ALTOS DE MIAMI CONDOMINIUM ASSOCIATION, INC.",1 GLEN ROYAL PKWY MIAMI FL 33125,Condominium,Issued,No,01-31-2027
CR24000816,"INDIAN SUMMER VILLAGE CONDOMINIUM ASSOCIATION, INC.",279 WEST PARK DRIVE MIAMI FL 33172,Condominium,Issued,No,01-31-2027
CR24000817,"BELLA VISTA HOMES 120 CONDOMINIUM ASSOCIATION, INC.",4412 W 12 LANE HIALEAH FL 33012,Condominium,Abandoned,No,
CR24000818,"RIVER GRAND CONDOMINIUM ASSOCIATION, INC.",2610 NW 16 ST RD MIAMI FL 33125,Condominium,Issued,No,01-31-2027
CR24000819,"GREENWAY LAKES OWNERS ASSOCIATION, INC.",2518 SW 122 CT MIAMI FL 33175,Homeowner,Issued,No,01-31-2027
CR24000820,"WINDSONG LAKE VILLAGE CONDOMINIUM ASSOCIATION, INC.",9907 NW 9 ST CIRCLE -UNIT 1-20 MIAMI FL 33172,Condominium,Issued,No,01-31-2027
CR24000821,"EUCLID BEACH CONDOMINIUM, INC.",1334 EUCLID AVE MIAMI BEACH FLORIDA 33139,Condominium,Issued,No,01-31-2027
CR24000822,"THE SQUARE @ 62ND STREET CONDOMINIUM ASSOCIATION, INC.",541 NE 62 STREET MIAMI FLORIDA 33138,Condominium,Issued,No,01-31-2027
CR24000824,"DOUGLAS RESIDENCE CONDOMINIUM ASSOCIATION, INC.",120 SW 37 AVE MIAMI FLORIDA 33134,Condominium,Issued,No,01-31-2027
CR24000825,"WESTLAND PARK CONDOMINIUM ASSOCIATION, INC. #13B",1761 WEST 59TH STREET HIALEAH FL 33012,Condominium,Issued,No,01-31-2027
CR24000828,"LA BAHIA \THE BAY\ CONDOMINIUM, INC.",1111 NW 19TH AVE MIAMI FL 33125,Condominium,Issued,No,01-31-2027
CR24000830,"INTRACOASTAL POINT CONDOMINIUM ASSOCIATION, INC.",16531 NE 35 AVE NORTH MIAMI BEACH FL 33160,Condominium,Issued,No,01-31-2027
CR24000832,"WEST POINCIANA VILLAS CONDOMINIUM ASSOCIATION, INC.",7801 WEST 36TH AVE HIALEAH FL 33018,Condominium,Issued,No,01-31-2027
CR24000833,"LES JARDINS OF SOUTH BEACH CONDOMINIUM ASSOCIATION, INC.",1620 / 1622 PENNSYLVANIA AVE MIAMI BEACH FLORIDA 33139,Condominium,Issued,No,01-31-2027
CR24000834,"THE LOFTS AT HARDING CONDOMINIUM ASSOCIATION, INC.",300 74 STREET MIAMI BEACH FL 33141,Condominium,Issued,No,01-31-2027
CR24000835,"THE PLAZA OF WESTLAND CONDOMINIUM ASSOCIATION, INC.",4675 WEST 18 COURT HIALEAH FLORIDA 33012,Condominium,Issued,No,01-31-2027
CR24000836,"LES JARDINS CONDOMINIUM ASSOCIATION, INC.",8230 NW 10 ST MIAMI FL 33126,Condominium,Issued,No,01-31-2027
CR24000837,"VILLAS AT CUTLER BAY CONDOMINIUM ASSOCIATION, INC.",9760 SW 184 ST MIAMI FLORIDA 33157,Condominium,Expired,Yes,01-31-2026
CR24000838,"CAROLYN TOWNHOUSE CONDOMINIUM, INC.",11 SW 52 AVE CORAL GABLES FL 33134,Condominium,Issued,No,01-31-2027
CR24000839,"RIVER VILLAS CONDOMINIUM ASSOCIATION, INC.",652 NW 3RD ST MIAMI FL 33128,Condominium,Issued,No,01-31-2027
CR24000840,"COCONUT DEVELOPERS CONDOMINIUM ASSOCIATION, INC.",2945 COCONUT AVE MIAMI FLORIDA 33133,Condominium,Issued,No,01-31-2027
CR24000841,"LOS PORTALES SECTION B CONDOMINIUM, INC",330 EAST 4 ST HIALEAH FLORIDA 33010,Condominium,Issued,No,01-31-2027
CR24000842,"VENICE VILLAS CONDOMINIUM, INC.",2233 CALAIS DRIVE MIAMI BEACH FLORIDA 33141,Condominium,Issued,No,01-31-2027
CR24000843,"ALHAMBRA MANORS CONDOMINIUM ASSOCIATION, INC.",3585 SW 17TH ST MIAMI FL 33145,Condominium,Issued,No,01-31-2027
CR24000844,"COUNTRY CLUB EAST TOWN HOMES ASSOCIATION, INC.",5407 NW 168 TERRACE MIAMI FLORIDA 33126,Homeowner,Abandoned,No,
CR24000845,"IMAGES OF KENDALL CONDOMINIUM ASSOCIATION, INC.",7911 SW 152 AVE MIAMI FL 33193,Condominium,Issued,No,01-31-2027
CR24000846,"AIRPORT CONDOMINIUM ASSOCIATION, INC.",14151 SW 142ND AVE MIAMI FLORIDA 33186,Condominium,Expired,Yes,01-31-2026
CR24000847,"71ST BYRON CONDOMINIUM ASSOCIATION, INC.",7101 BYRON AVE MIAMI BEACH FLORIDA 33141,Condominium,Issued,No,01-31-2027
CR24000848,"NEW WORLD CONDOMINIUM APARTMENTS IV CONDOMINIUM ASSOCIATION, INC.",505 NW 177TH ST MIAMI GARDENS FLORIDA 33169,Condominium,In Progress,No,
CR24000849,"RIVER POINTE CONDOMINIUM ASSOCIATION, INC.",2400 NW 22 CT MIAMI FL 33142,Condominium,Issued,No,01-31-2027
CR24000851,"EDEN POINT SOUTH ASSOCIATION, INC.",4000 NE 169TH STREET NORTH MIAMI BEACH FL 33181,Condominium,Issued,No,01-31-2027
CR24000852,THE SHORES AT BISCAYNE CONDOMINIUM ASSOCIATION INC.,1521-1523 NE 110TH STREET MIAMI FL 33161,Condominium,Issued,No,01-31-2027
CR24000853,"VILLA REAL CONDOMINIUM NO. 4 ASSOCIATION, INC.",12501 NW 11 LANE MIAMI FLORIDA 33175,Condominium,Issued,No,01-31-2027
CR24000854,"THIRD FORUM CONDOMINIUM CORP., INC.",1350 NE 191ST STREET MIAMI FL 33179,Condominium,Issued,No,01-31-2027
CR24000855,"FLORENCE CONDOMINIUM ASSOCIATION, INC.",17051 NE 35 AVE NORTH MIAMI BEACH FL 33160,Condominium,Issued,No,01-31-2027
CR24000856,"FLAGLER TERRACE CONDOMINIUM ASSOCIATION, INC.",2035 NW FLAGLER TERRACE MIAMI FLORIDA 33125,Condominium,Issued,No,01-31-2027
CR24000857,"KELLAR COURT CONDOMINIUM ASSOCIATION, INC.",305 JEFFERSON AVE MIAMI BEACH FL 33139,Condominium,Issued,No,01-31-2027
CR24000858,"GALERIA VILLAS CONDOMINIUM ASSOCIATION, INC.",2397 W 73 PLACE HIALEAH FL 33106,Condominium,Issued,No,01-31-2027
CR24000859,"THE GARDENS OF KENDALL SOUTH CONDOMINIUM NO. 2 ASSOCIATION, INC.",10865 SW 112TH AVE MIAMI FLORIDA 33176,Condominium,Issued,No,01-31-2027
CR24000860,"GROVE HILL CONDOMINIUM ASSOCIATION, INC.",2645 S. BAYSHORE DR MIAMI FL 33133,Condominium,Issued,No,01-31-2027
CR24000861,"EL BATEY CONDOMINIUM ASSOCIATION, INC.",1383 NW 31ST AVE. MIAMI FL 33125,Condominium,Issued,No,01-31-2027
CR24000862,"ROSALES CONDOMINIUM ASSOCIATION, INC.",5100 W FLAGLER ST MIAMI FL 33134,Condominium,Issued,No,01-31-2027
CR24000864,"ALHAMBRA V CONDOMINIUM ASSOCIATION, INC.",2260 WEST 53RD PLACE HIALEAH FL 33016,Condominium,Expired,Yes,01-31-2026
CR24000867,SWEETWATER GROVES CONDOMINIUM ASSOCIATION INC.,10790 SW 7 STREET MIAMI FL 33174,Condominium,Issued,No,01-31-2027
CR24000868,FASHION OWNERS ASSOCIATION INC.,818 PENNSYLVANIA AVE MIAMI BEACH FL 33139,Homeowner,Abandoned,No,
CR24000869,"DORAL HOUSE CONDOMINIUM NO. 3 ASSOCIATION, INC.",9725 NW 52ST DORAL FLORIDA 33178,Condominium,Issued,No,01-31-2027
CR24000870,"FAIRMONT HOUSE, INC.",2700 NE 135 ST NORTH MIAMI FL 33181,Cooperative,Issued,No,01-31-2027
CR24000871,CORANES CONDOMINIUM NO. 2 ASSOCIATION INC.,1487 W 42 PL ACE HIALEAH FLORIDA 33012,Condominium,Issued,No,01-31-2027
CR24000872,"CONQUISTADOR VILLAS CONDOMINIUM ASSOCIATION, INC.",5800 WEST 18TH LANE HIALEAH FLORIDA 33012,Condominium,Issued,No,01-31-2027
CR24000873,"KENDALL HEIGHTS COMMUNITY ASSOCIATION, INC.",13700 SW 62ND STREET UNIT-101 MIAMI FL 33183,Condominium,Issued,No,01-31-2027
CR24000874,"KENLAND POINTE CONDOMINIUM II, INC.",9140 SW 123 CT MIAMI FL 33186,Condominium,Issued,No,01-31-2027
CR24000875,"335 NAVARRE CONDOMINIUM ASSOCIATION, INC.",355 NAVARRE AVE MIAMI FL 33134,Condominium,Issued,No,01-31-2027
CR24000876,"1610 RIVER PLACE CONDOMINIUM ASSOCIATION, INC.",1610 NW NORTH RIVER DR MIAMI FL 33125,Condominium,Issued,No,01-31-2027
CR24000877,TOWN PARK PLAZA SOUTH INC,1798 NW 5 AVE MIAMI FL 33136,Cooperative,Issued,No,01-31-2027
CR24000878,"THE LINCOLN CONDOMINIUM ASSOCIATION, INC.",1614 PENNSYLVANIA AVE MIAMI BEACH FL 33139,Condominium,Issued,No,01-31-2027
CR24000880,"SO.BE.BAY CONDOMINIUM ASSOCIATION, INC.",1577 BAY ROAD MIAMI BEACH FL 33139,Condominium,Issued,No,01-31-2027
CR24000881,"350 MERIDIAN CONDOMINIUM ASSOCIATION, INC.",350 MERIDIAN AVE MIAMI BEACH FL 33139,Condominium,Issued,No,01-31-2027
CR24000882,"THE EXOTIC VILLAS CONDOMINIUM ASSOCIATION, INC.",945 16TH ST MIAMI BEACH FL 33139,Condominium,Issued,No,01-31-2027
CR24000883,"BAHIA VISTA CONDOMINIUM, INC.",1750 NE 115 ST MIAMI FL 33181,Condominium,Issued,No,01-31-2027
CR24000884,"THOMAS GROVE CONDOMINIUM ASSOCIATION, INC.",3615 THOMAS AVE MIAMI FL 33133,Condominium,Issued,No,01-31-2027
CR24000886,6424 COLLINS BUILDING CONDOMINIUM ASOCIATION CORP.,6424 COLLINS AVE MIAMI BEACH FLORIDA 33140,Condominium,Issued,No,01-31-2027
CR24000887,"OCEAN VIEW PLAZA CONDOMINIUM, INC.",2924 COLLINS AVE MIAMI BEACH FLORIDA 33140,Condominium,Issued,No,01-31-2027
CR24000888,"HARBOR LIGHTS OF EASTERN SHORES CONDOMINIUM ASSOCIATION, INC.",3842 NE 171ST STREET NORTH MIAMI BEACH FL 33160,Condominium,Issued,No,01-31-2027
CR24000889,"LAGO VERDE VILLAS, INC.",3809 NE 170 ST NORTH MIAMI BEACH FL 33160,Condominium,Issued,No,01-31-2027
CR24000890,THE BEVERLY ARMS INC.,8132 HARDING AVE MIAMI BEACH FL 33141,Condominium,Issued,No,01-31-2027
CR24000891,"THE LOFTS AT ABBOTT CONDOMINIUM ASSOCIATION, INC.",320 80 ST MIAMI BEACH FL 33141,Condominium,Issued,No,01-31-2027
CR24000892,"MELROSE POINT AT SANS SOUCI CONDOMINIUM ASSOCIATION, INC.",11689 NE 18TH DRIVE NORTH MIAMI FL 33181,Condominium,Issued,No,01-31-2027
CR24000893,"INTERNATIONAL LAKE CONDOMINIUM ASSOCIATION, INC.",12217 SW 24 TERRACE MIAMI FLORIDA 33175,Condominium,Issued,No,01-31-2027
CR24000894,"SAN SEBASTIAN CONDOMINIUM ASSOCIATION, INC",1616 DREXEL AVE MIAMI BEACH FLORIDA 33139,Condominium,Issued,No,01-31-2027
CR24000895,HARDING AVENUE CONDOMINIUM ASSOCIATION INC,7334 HARDING AVE MIAMI BEACH FLORIDA 33141,Condominium,Issued,No,01-31-2027
CR24000898,"THE 740 BUILDING CONDOMINIUM ASSOCIATION, INC.",740 NW 45 AVE MIAMI FLORIDA 33126,Condominium,Issued,No,01-31-2027
CR24000900,"MIAMI FOREST VILLAS CONDOMINIUM ASSOCIATION, INC.",954 SW 36 CT MIAMI FLORIDA 33135,Homeowner,Issued,No,01-31-2027
CR24000901,"THE LOFTS TOWN VILLAS CONDOMINIUM ASSOCIATION, INC.",1441 NE 150TH STREET NORTH MIAMI BEACH FL 33181,Condominium,Issued,No,01-31-2027
CR24000902,VILLA SOLE CONDOMINIUM ASSOCIATION INC.,218 SW 8TH AVE MIAMI FL 33130,Condominium,Issued,No,01-31-2027
CR24000904,"ST. JOHN VILLAGE CONDOMINIUM ASSOCIATION, INC",1622 NW 1ST AVE MIAMI FL 33136,Condominium,Expired,Yes,01-31-2026
CR24000905,"ALHAMBRA GATE HOMES CONDOMINIUM ASSOCIATION, INC.",3540 SW 17TH ST MIAMI FL 33145,Condominium,Abandoned,No,
CR24000907,"KEYSTONE BAY CONDOMINIUM ASSOCIATION, INC.",2640 NE 135 ST. N. MIAMI FL 33181,Condominium,Issued,No,01-31-2027
CR24000908,"ESSEX GARDENS APARTMENTS, INC.",301 EAST 4TH AVE. HIALEAH FL 33010,Cooperative,Issued,No,01-31-2027
CR24000910,"COCOSTYLE AT 3250 GRAND AVENUE CONDOMINIUM ASSOCIATION, INC.",3250 GRAND AVE MIAMI FLORIDA 33133,Condominium,Issued,No,01-31-2027
CR24000911,"ADELANTE CONDOMINIUM ASSOCIATION, INC.",8501 CRESPI BLVD MIAMI BEACH FL 33141,Condominium,Issued,No,01-31-2027
CR24000912,"915 BUILDING, INC.",915 JEFFERSON AVE MIAMI BEACH FL 33139,Condominium,Abandoned,No,
CR24000913,"EL CONQUISTADOR OF HIALEAH CONDOMINIUM ASSOCIATION, INC.",1481 W 41 ST HIALEAH FL 33012,Condominium,Issued,No,01-31-2027
CR24000914,"ADMIRAL TOWERS CONDOMINIUM, INC.",1020 MERIDEAN AVENUE MIAMI BEACH FL 33139,Condominium,Issued,No,01-31-2027
CR24000915,"BELLEVIEW VILLAS CONDOMINIUM NO. 1 ASSOCIATION, INC.",17302 NW 74 AVE HIALEAH FL 33015,Condominium,Issued,No,01-31-2027
CR24000916,"VILLA CATALINA CONDOMINIUM ASSOCIATION, INC.",1305 WEST 53 ST HIALEAH FLORIDA 33012,Condominium,Issued,No,01-31-2027
CR24000917,"THE EWING CONDOMINIUM ASSOCIATION, INC.",4501 PRAIRIE AVENUE MIAMI BEACH FLORIDA 33140,Condominium,Issued,No,01-31-2027
CR24000918,"AVENTURA BAY TOWNHOMES CONDOMINIUM ASSOCIATION, INC.",18405 NE 30TH AVE AVENTURA FL 33160,Condominium,Issued,No,01-31-2027
CR24000919,"THE KENSINGTON CONDOMINIUM ASSOCIATION OF HIALEAH, INC.",1280 WEST 54 STREET HIALEAH FLORIDA 33012,Condominium,Abandoned,No,
CR24000920,"BELLEVIEW VILLAS CONDOMINIUM NO. 2 ASSOCIATION, INC.",17362 NW 74 AVE HIALEAH FLORIDA 33015,Condominium,Issued,No,01-31-2027
CR24000921,"WESTLAND VILLAGE CONDOMINIUM VI ASSOCIATION, INC.",2346 W 66 PL HIALEAH FL 33016,Condominium,Issued,No,01-31-2027
CR24000922,"WESTLAND VILLAGE CONDOMINIUM III ASSOCIATION, INC.",2347 W 66 PLACE HIALEAH FL 33016,Condominium,Issued,No,01-31-2027
CR24000923,"2600 ISLAND BOULEVARD CONDOMINIUM ASSOCIATION, INC.",2600 ISLAND BOULEVARD AVENTURA FL 33160,Condominium,Issued,No,01-31-2027
CR24000924,SANS SOUCI CONDOMINIUM ASSOCIATION INC.,"11960 NORTHEAST 19TH DRIVE, OFFICE BOX NORTH MIAMI FLORIDA 33181",Condominium,Expired,Yes,01-31-2026
CR24000925,"1155 BUILDING CONDOMINIUM ASSOCIATION, INC.",1155 98 ST MIAMI FL 33180,Condominium,Closed,Yes,01-31-2025
CR24000928,"ANNI VENTI CONDOMINIUM ASSOCIATION, INC.",820 - 15 STREET MIAMI BEACH FLORIDA 33139,Condominium,Issued,No,01-31-2027
CR24000929,"BOSTON PLAZA CONDOMINIUM ASSOCIATION, INC.",6801 INDIAN CREEK DRIVE MIAMI BEACH FL 33141,Condominium,Abandoned,No,
CR24000931,"BIARRITZ HOMEOWNERS ASSOCIATION, INC.",11300 NW 46TH LN DORAL FL 33178,Homeowner,Issued,No,01-31-2027
CR24000932,"LEJEUNE HOUSE CONDOMINIUM ASSOCIATION, INC.",300 NW 42 AVE MIAMI FL 33126,Condominium,Issued,No,01-31-2027
CR24000933,"SEVILLA HOMEOWNERS ASSOCIATION, INC.",642 MICHIGAN AVE MIAMI BEACH FL 33139,Condominium,Expired,Yes,01-31-2025
CR24000934,"THE NICHE AT 62ND ST. CONDOMINIUM ASSOCIATION, INC.",540-544 NORTHHEAST 62ND STREET MIAMI FL 33138,Condominium,Issued,No,01-31-2027
CR24000935,"RITZ ROYAL PALM CONDOMINIUM ASSOCIATION, INC.",8345 BYRON AVE MIAMI BEACH FL 33141,Condominium,Issued,No,01-31-2027
CR24000936,"MICHELLE CONDOMINIUM, INC.",3582 NE 171 ST NORTH MIAMI BEACH FL 33161,Condominium,Issued,No,01-31-2027
CR24000939,"PUERTO BELLO CONDOMINIUM NO. 1 ASSOCIATION, INC.",12411 NW 11 PLACE MIAMI FLORIDA 33182,Condominium,Issued,No,01-31-2027
CR24000940,"THE BAYLISS CONDOMINIUM ASSOCIATION, INC.",500 14 STREET MIAMI BEACH FLORIDA 33139,Condominium,Issued,No,01-31-2027
CR24000941,"WEST PALM GARDENS VILLAS II CONDOMINIUM ASSOCIATION, INC.",7191 W 24 AVENUE HIALEAH FLORIDA 33016,Condominium,Issued,No,01-31-2027
CR24000942,"1300 PENNSYLVANIA CONDOMINIUM ASSOCIATION, INC.",1300 PENNSYLVANIA AVENUE MIAMI BEACH FL 33139,Condominium,Issued,No,01-31-2027
CR24000944,"EASTSIDE MANOR CONDOMINIUM ASSOCIATION, INC",12120 NE 6TH AVE NORTH MIAMI FL 33181,Condominium,Issued,No,01-31-2027
CR24000945,"EVELYN CONDOMINIUM ASSOCIATION, INC.",1600 EUCLID AVENUE MIAMI BEACH FL 33139,Condominium,Issued,No,01-31-2027
CR24000946,"SAGE CONDOMINIUM ASSOCIATION, INC.",2185 NE 123 ST NORTH MIAMI FL 33181,Condominium,Issued,No,01-31-2027
CR24000947,"ELEVEN CONDOMINIUM ASSOCIATION, INC.",621 11TH STREET MIAMI BEACH FL 33139,Condominium,Issued,No,01-31-2027
CR24000948,"ROLLING GREEN CONDOMINIUM H, INC.",1101 NE 191ST ST MIAMI FL 33179,Condominium,Issued,No,01-31-2027
CR24000949,"FIRST ON PENN CONDOMINIUM ASSOCIATION, INC.",1526 PENNSYLVANIA AVE MIAMI BEACH FL 33139,Condominium,Issued,No,01-31-2027
CR24000950,"LINCOLN TOWERS CONDOMINIUM ASSOCIATION, INC.",1300 LINCOLN ROAD MIAMI BEACH FL 33139,Condominium,Issued,No,01-31-2027
CR24000951,"MORRISON CONDOMINIUM ASSOCIATION, INC.",600 15 STREET MIAMI BEACH FL 33139,Condominium,Issued,No,01-31-2027
CR24000952,"THE VILLAS OF NARANJA CONDOMINIUM ASSOCIATION, INC.","SW 264 STREET, 140 PLACE MIAMI FLORIDA 33032",Condominium,Expired,Yes,01-31-2026
CR24000954,"THE PATRICIA CONDOMINIUM ASSOCIATION, INC.",842 MERIDIAN AVE MIAMI BEACH FL 33139,Condominium,Issued,No,01-31-2027
CR24000955,"CALUMET CONDOMINIUM ASSOCIATION, INC.",1281 W 29 ST HIALEAH FLORIDA 33012,Condominium,Issued,No,01-31-2027
CR24000956,"EL PRADO XII CONDOMINIUM ASSOCIATION, INC.",2801 W 76 ST HIALEAH FLORIDA 33018,Condominium,Issued,No,01-31-2027
CR24000957,"LOS PALACIOS I CONDOMINIUM ASSOCIATION, INC.",9301 NW 121 TERR HIALEAH GARDENS FLORIDA 33018,Condominium,Issued,No,01-31-2027
CR24000958,"LOS BELLOS JARDINES CONDOMINIUM ASSOCIATION, INC.",5841 W 26 AVE HIALEAH FLORIDA 33016,Condominium,Abandoned,No,
CR24000959,"GARDEN VILLAS CONDOMINIUM II, ASSOCIATION, INC.",11068 W OKEECHOBEE RD HIALEAH GARDENS FL 33018,Condominium,Issued,No,01-31-2027
CR24000960,"THE FOUNTAINS AT FOUNTAINEBLEAU CONDOMINIUM NO. TWO ASSOCIATION, INC.",9330 FOUNTAINEBLEAU BLVD MIAMI FL 33172,Condominium,Issued,No,01-31-2027
CR24000961,"THE FOUNTAINS AT FOUNTAINEBLEAU HOMEOWNERS' ASSOCIATION, INC.",9330 FOUNTAINEBLEAU BLVD MIAMI FL 33172,Master Association,Issued,No,01-31-2027
CR24000962,"RO-MONT GARDENS ANDOVER CONDOMINIUM ""J"", INC.",12 NE 204TH ST MIAMI GARDENS FL 33179,Condominium,Issued,No,01-31-2027
CR24000963,"MIRACLE MILE PHASE III CONDOMINIUM ASSOCIATION, INC.",3120 CARTER ST MIAMI FL 33133,Condominium,Issued,No,01-31-2027
CR24000965,"LE TRIANON CONDOMINIUM ASSOCIATION, INC.",6061 COLLINS AVE MIAMI BEACH FL 33140,Condominium,Expired,No,01-31-2026
CR24000967,"PRESIDENTIAL CORNERS CONDOMINIUM ASSOCIATION, INC.",199 SW 12 AVE MIAMI FL 33130,Condominium,Issued,No,01-31-2027
CR24000968,"DIXIE GARDENS CONDOMINIUM ASSOCIATION, INC.",1230 NE 139 ST HIALEAH FL 33014,Condominium,Issued,No,01-31-2027
CR24000969,"12393-12395 TWINHOMES HOMEOWNER'S ASSOCIATION, INC.",12393-12395 SW 219 STREET MIAMI FL 33186,Homeowner,Closed,Yes,01-31-2025
CR24000970,"GOLDEN GATE CONDOMINIUM ASSOCIATION, INC",460 EAST 23RD STREET HIALEAH FLORIDA 33013,Condominium,Issued,No,01-31-2027
CR24000971,"SAMARI LAKE VILLAS CONDOMINIUM ASSOCIATION, INC.",8186 NW 99 ST HIALEAH GARDENS FLORIDA 33016,Condominium,Issued,No,01-31-2027
CR24000972,"LAS PALMAS DEL SOL CONDOMINIUM ASSOCIATION, INC.",605 W 68 ST HIALEAH FLORIDA 33012,Condominium,Issued,No,01-31-2027
CR24000973,"POINCIANA WEST NO. 1 CONDOMINIUM ASSOCIATION, INC.",2925 W 80 ST HIALEAH FLORIDA 33018,Condominium,Abandoned,No,
CR24000974,"POINCIANA WEST NO. 2 CONDOMINIUM ASSOCIATION, INC.",2985 W 80 ST HIALEAH FLORIDA 33018,Condominium,Abandoned,No,
CR24000975,"ALAMEDA HOMES CONDOMINIUM ASSOCIATION, INC.",53 STREET AND 23 AVE HIALEAH FLORIDA 33016,Condominium,Issued,No,01-31-2027
CR24000976,"CASA BISCAYNE COOPERATIVE APARTMENTS, INC.",12655 NE 16 AVE NORTH MIAMI FL 33161,Cooperative,Issued,No,01-31-2027
CR24000978,"THE LORENA OWNERS CONDOMINIUM ASSOCIATION, INC.",830 10 STREET MIAMI BEACH FL 33139,Condominium,Issued,No,01-31-2027
CR24000980,POINCIANA POINTE HOMEOWNERS ASSOCIATION INC.,8701 SW 5TH ST MIAMI FLORIDA 33174,Homeowner,Abandoned,No,
CR24000981,THE RIVIERA CONDOMINIUM APARTMENTS,1150 NE 191 ST MIAMI FL 33179,Condominium,Rejected,No,
CR24000982,"VALENCIA TOWERS CONDOMINIUM ASSOCIATION, INC.",6060 WEST 21 CT HIALEAH FLORIDA 33016,Condominium,Issued,No,01-31-2027
CR24000983,"1342 DREXEL CONDOMINIUM ASSOCIATION, INC.",1342 DREXEL AVE. MIAMI BEACH FL 33139,Condominium,Issued,No,01-31-2027
CR24000984,"ERIKA SOBE CONDOMINIUM ASSOCIATION, INC.",1601 MERIDIAN AVE MIAMI BEACH FL 33139,Condominium,Issued,No,01-31-2027
CR24000985,"360 BUILDING, INC., A CONDOMINIUM",360 MERIDIAN AVENUE MIAMI BEACH FL 33139,Condominium,Issued,No,01-31-2027
CR24000986,"PINESIDE CONDOMINIUM ASSOCIATION, INC.",8889 FONTAINEBLEAU BLVD MIAMI FLORIDA 33172,Condominium,Issued,No,01-31-2027
CR24000996,"GREENWICH ASSOCIATION, INC.",1470 NE 123 ST NORTH MIAMI FLORIDA 33161,Condominium,Issued,No,01-31-2027
CR24000997,"755 BUILDING CONDOMINIUM, INC.",755 SW 6 ST MIAMI FL 33130,Condominium,Issued,No,01-31-2027
CR24000998,"CREEK CLUB #2, INC.",8010 TATUM WATERWAY DR MIAMI BEACH FL 33141,Condominium,Issued,No,01-31-2027
CR24000999,"SUMMIT TOWER I OF DADELAND CONDOMINIUM ASSOCIATION, INC.",9125 SW 77 AVE MIAMI FL 33156,Condominium,Issued,No,01-31-2027
CR24001001,"LAGO AZUL, CONDOMINIUM ASSOCIATION, INC.",5736 W 26TH AVE HIALEAH FLORIDA 33012,Condominium,Issued,No,01-31-2027
CR24001002,"ESPERANZA PLACE CONDOMINIUM ASSOCIATION, INC.",1225 WEST 30TH PL HIALEAH FL 33012,Condominium,Issued,No,01-31-2027
CR24001003,"FERN ISLE GARDENS CONDOMINIUM ASSOCIATION, INC.",1336 NW 24TH AVENUE MIAMI FLORIDA 33125,Condominium,Issued,No,01-31-2027
CR24001004,"HIALEAH CONDOMINIUM ASSOCIATION, INC.",2565 W 56 ST HIALEAH [FL] FLORIDA 33016,Condominium,Issued,No,01-31-2027
CR24001005,"JASMINE VILLAS CONDOMINIUM ASSOCIATION, INC.",242 E 3RD STREET HIALEAH FL 33010,Condominium,Issued,No,01-31-2027
CR24001006,"LAGO LINDO #1 CONDOMINIUM ASSOCIATION, INC.",5830 WEST 26 AVENUE HIALEAH FLORIDA 33016,Condominium,Issued,No,01-31-2027
CR24001007,"LAGUNA DEL REY, A CONDOMINIUM ASSOCIATION, INC.",5400 W 26 AVENUE HIALEAH FL 33016,Condominium,Issued,No,01-31-2027
CR24001008,"MANGO HILL CONDOMINIUM ASSOCIATION NO.5, INC.",1082 W 41ST STREET HIALEAH FL 33012,Condominium,Issued,No,01-31-2027
CR24001010,"WESTLAND MANORS EAST CONDOMINIUM, INC.",6600-6620 WEST 2ND COURT HIALEAH FLORIDA 33012,Condominium,Issued,No,01-31-2027
CR24001011,"THE TOLEDO VILLAS CONDOMINIUM ASSOCIATION, INC.",6350 W 22ND COURT HIALEAH FL 33016,Condominium,Issued,No,01-31-2027
CR24001012,"YUMURI CONDOMINIUM ASSOCIATION, INC.",325 WEST 10TH STREET HIALEAH FL 33010,Condominium,Issued,No,01-31-2027
CR24001013,"FLAMINGO VILLAS CONDOMINIUM ASSOCIATION, INC.",2310 W 62 ST HIALEAH FL 33016,Condominium,Issued,No,01-31-2027
CR24001014,VILLAS DE CANCUN CONDOMINIUM ASSOCIATION INC.,10833 SW 6 TH ST MIAMI FL 33174,Condominium,Issued,No,01-31-2027
CR24001015,"DIANE CONDOMINIUM ASSOCIATION, INC.",16118 NE 21 AVE NORTH MIAMI BEACH FL 33162,Condominium,Issued,No,01-31-2027
CR24001016,"THE FOUNTAINS AT FONTAINEBLEAU CONDOMINIUM NO. FOUR ASSOCIATION, INC.",9360 FONTAINEBLEAU BLVD MIAMI FL 33172,Condominium,Issued,No,01-31-2027
CR24001018,"ARMITAGE PLACE CONDOMINIUM ASSOCIATION, INC.",730 3RD ST MIAMI BEACH FL 33139,Condominium,Issued,No,01-31-2027
CR24001019,"927 EUCLID CONDOMINIUM ASSOCIATION, INC.",927 EUCLID AVENUE MIAMI BEACH FL 33139,Condominium,Issued,No,01-31-2027
CR24001020,"WASHINGTON CORNER CONDOMINIUM ASSOCIATION, INC.",200 WASHINGTON AVENUE MIAMI BEACH FL 33139,Condominium,Issued,No,01-31-2027
CR24001021,"921 JEFFERSON AVE. ASSOC., INC.",921 JEFFERSON AVE MIAMI BEACH FL 33139,Condominium,Abandoned,No,
CR24001022,"CONCORD HOUSE CONDOMINIUM, INC",101 COLLINS AVE MIAMI BEACH FL 33139,Condominium,Issued,No,01-31-2027
CR24001023,"ARMITAGE PLACE NO. 1A CONDOMINIUM ASSOCIATION, INC.",243 MERIDIAN AVE MIAMI BEACH FL 33139,Condominium,Issued,No,01-31-2027
CR24001024,"DANIELE CONDOMINIUM ASSOCIATION, INC.",811 JEFFERSON AVE MIAMI BEACH FL 33139,Condominium,Issued,No,01-31-2027
CR24001025,CROWNGATE POINT CONDOMINIUM ASSOCIATION INC,501 E 21 ST HIALEAH FL 33013,Condominium,Issued,No,01-31-2027
CR24001026,"COCONUT AVENUE CONDOMINIUM ASSOCIATION, INC.",2919 COCONUT AVE MIAMI FL 33133,Condominium,Issued,No,01-31-2027
CR24001027,"EDGEWATER LOFTS CONDOMINIUM ASSOCIATION, INC.",2200 NE 4 AVE MIAMI FL 33137,Condominium,Issued,No,01-31-2027
CR24001038,"PARADISE VILLAS CONDOMINIUM ASSOCIATION OF MIAMI, INC.",8065 NW 8 ST MIAMI FL 33126,Condominium,Issued,No,01-31-2027
CR24001039,"MENORES CONDOMINIUM ASSOCIATION, INC.",119 MENORES AVE CORAL GABLES FL 33134,Condominium,Issued,No,01-31-2027
CR24001040,"1100 ALTON ROAD CONDOMINIUM APARTMENTS, INC.",1100 ALTON ROAD MIAMI BEACH FL 33139,Condominium,Issued,No,01-31-2027
CR24001041,"PALM SPRINGS VILLAS GROUP, INC",6990 W 2 CT HIALEAH FL 33014,Homeowner,Issued,No,01-31-2027
CR24001042,COURTYARDS AT KENDALL CONDOMINIUM ASSOCIATION INC.,8550 SW 109 AVE MIAMI FLORIDA 33173,Condominium,Issued,No,01-31-2027
CR24001043,"VILLAS OF GOLFVIEW, INC.",9660 FONTAINEBLEAU BLVD MIAMI FL 33172,Condominium,Issued,No,01-31-2027
CR24001044,"MANZANILLO CONDOMINIUM ASSOCIATION, INC.",159 W 8 ST HIALEAH FL 33010,Condominium,Issued,No,01-31-2027
CR24001045,"1800 MERIDIAN CONDOMINIUM ASSOCIATION, INC.",1800 MERIDIAN AVE MIAMI BEACH FLORIDA 33139,Condominium,Issued,No,01-31-2027
CR24001046,"AVENTURA VILLAGE CONDOMINIUM ASSOCIATION, INC.",19380 NE 26 AVE AVENTURA FL 33180,Condominium,Issued,No,01-31-2027
CR24001047,"CONQUISTADOR PARK CONDOMINIUM ASSOCIATION, INC.",5835-5875 WEST 20 AVE HIALEAH FLORIDA 33012,Condominium,Issued,No,01-31-2027
CR24001048,"HOUSES OF BRICKELL CONDOMINIUM ASSOCIATION, INC.",1880 BRICKELL AVE MIAMI FL 33172,Condominium,Issued,No,01-31-2027
CR24001049,"EMILIA CONDOMINIUM ASSOCIATION, INC.",481 NE 29TH STREET MIAMI FL 33137,Condominium,Issued,No,01-31-2027
CR24001050,"BOGART CONDOMINIUM ASSOCIATION, INC.",700 16 STREET MIAMI BEACH FL 33139,Condominium,Issued,No,01-31-2027
CR24001051,"ETRURIA CONDOMINIUM ASSOCIATION, INC.",1550 PENNSYLVANIA AVENUE MIAMI BEACH FL 33139,Condominium,Issued,No,01-31-2027
CR24001052,"SHORELAND ESTATES CONDOMINIUM ASSOCIATION, INC.",3501-3561 NE 171 ST NORTH MIAMI BEACH FLORIDA 33160,Condominium,Issued,No,01-31-2027
CR24001053,"ELENA SOBE CONDOMINIUM ASSOCIATION, INC.",1560 MERIDIAN AVENUE MIAMI BEACH FL 33139,Condominium,Issued,No,01-31-2027
CR24001054,"THE TOWERS OF QUAYSIDE COURTYARD VILLAS NO. 6 CONDOMINIUM ASSOCIATION, INC.",1 NE QUAYSIDE BLVD MIAMI FL 33138,Condominium,Issued,No,01-31-2027
CR24001055,"EVA CONDOMINIUM ASSOCIATION, INC.",1450 MERIDIAN AVENUE MIAMI BEACH FL 33139,Condominium,Issued,No,01-31-2027
CR24001056,"FIRST ON 8TH CONDOMINIUM ASSOCIATION, INC.",801 8 STREET MIAMI BEACH FL 33139,Condominium,Issued,No,01-31-2027
CR24001057,"EMILY SOBE CONDOMINIUM ASSOCIATION, INC.",1611 MERIDIAN AVENUE MIAMI BEACH FL 33139,Condominium,Issued,No,01-31-2027
CR24001058,"FLORIDA TOWER CONDOMINIUM ASSOCIATION, INC.",6422 COLLINS AVE MIAMI BEACH FL 33141,Condominium,Issued,No,01-31-2027
CR24001059,"KEYSTONE COURTS CONDOMINIUM ASSOCIATION, INC.",9300-9340 FONTAINEBLEAU BLVD MIAMI FLORIDA 33172,Condominium,Issued,No,01-31-2027
CR24001060,"ONE SEVENTEEN PROFESSIONAL ARTS CENTER CONDOMINIUM ASSOCIATION, INC.","8200 S.W. 117TH AVENUE, MIAMI, FLORIDA MIAMI FLORIDA 33183",Condominium,Rejected,No,
CR24001061,"RIVER GRAND II CONDOMINIUM ASSOCIATION, INC.",2330 NW 11 ST MIAMI FLORIDA 33125,Condominium,Issued,No,01-31-2027
CR24001062,"CRISTAL SHORES CONDOMINIUM ASSOCIATION, INC.",3702 NE 171ST STREET NORTH MIAMI BEACH FLORIDA 33160,Condominium,Issued,No,01-31-2027
CR24001063,"THE DRAKE CONDOMINIUM ASSOCIATION, INC.",1460 OCEAN DRIVE MIAMI BEACH FL 33139,Condominium,Issued,No,01-31-2027
CR24001064,"SUNDIAL TOWERS CONDOMINIUM, INC.",8400 BRYON AVENUE MIAMI BEACH FL 33141,Condominium,Issued,No,01-31-2027
CR24001065,"FIRST ART NOUVEAU CONDOMINIUM ASSOCIATION, INC.",920 JEFFERSON AVENUE MIAMI BEACH FL 33139,Condominium,Issued,No,01-31-2027
CR24001066,"MERIDIAN DECO CONDOMINIUM ASSOCIATION, INC.",1219 MERIDIAN AVENUE MIAMI BEACH FL 33139,Condominium,Issued,No,01-31-2027
CR24001068,"MEDITERRANEA HOMEOWNERS' ASSOCIATION, INC.",335 IVES DAIRY RD MIAMI FLORIDA 33179,Homeowner,Abandoned,No,
CR24001069,"CONDOMINIUM A ASSOCIATION AT MEDITERRANEA, INC.",335 IVES DAIRY ROAD MIAMI FLORIDA 33179,Condominium,Abandoned,No,
CR24001070,"CONDOMINIUM ""B"" ASSOCIATION AT MEDITERRANEA, INC.",335 IVES DAIRY RD HIALEAH FLORIDA 33179,Condominium,Abandoned,No,
CR24001071,"CONDOMINIUM ""F"" ASSOCIATION AT MEDITERRANEA, INC.",335 IVES DAIRY RD MIAMI FLORIDA 33179,Condominium,Abandoned,No,
CR24001072,"CONDOMINIUM ""G"" ASSOCIATION AT MEDITERRANEA, INC",335 IVES DAIRY RD MIAMI FLORIDA 33179,Condominium,Issued,No,01-31-2027
CR24001073,"ELISA CONDOMINIUM ASSOCIATION, INC.",801 - 15 STREET MIAMI BEACH FL 33139,Condominium,Issued,No,01-31-2027
CR24001075,THE CORVETTE CONDOMINIUM ASSOCIATION,7430 BYRON AVE MIAMI BEACH FLORIDA 33141,Condominium,Rejected,No,
CR24001076,"INDIAN CREEK TOWER CONDOMINIUM ASSOCIATION, INC.",6941 CARLYLE AVENUE MIAMI BEACH FL 33141,Condominium,Issued,No,01-31-2027
CR24001078,"ARMITAGE PLACE NO. 3 CONDOMINIUM ASSOCIATION, INC.",300 EUCLID AVE MIAMI BEACH FL 33139,Condominium,Issued,No,01-31-2027
CR24001079,DIAMOND TOWER CONDOMINIUM ASSOCIATION INC.,218 NW 12TH AVENUE MIAMI FL 33128,Condominium,Issued,No,01-31-2027
CR24001080,"HIALEAH WESTVIEW CONDOMINIUM ASSOCIATION, INC.",71 W 22 STREET HIALEAH FL 33010,Condominium,Issued,No,01-31-2027
CR24001081,"HIALEAH CLUB VILLAS CONDOMINIUM ASSOCIATION, INC.",2150 WEST 60 STREET HIALEAH FL 33016,Condominium,Issued,No,01-31-2027
CR24001083,GREYNOLDS ARMS CO-OP APTS INC,17051 NE 23RD AVE NORTH MIAMI BEACH FL. 33160,Cooperative,Expired,Yes,01-31-2026
CR24001084,TEST,1420 WASHINGTON AVENUE MIAMI BEACH FL 33174,Cooperative,Abandoned,No,
CR24001085,"GROVE WALK TOWNHOMES CONDOMINIUM ASSOCIATION, INC.",3135 GIFFORD LANE MIAMI FL 33133,Condominium,Issued,No,01-31-2027
CR24001086,"PARCVIEW VILLAS HOMEOWNERS ASSOCIATION, INC.",2451-2489 NE 135TH ST NORTH MIAMI FLORIDA 33181,Homeowner,Issued,No,01-31-2027
CR24001087,"HECO CONDOMINIUM ASSOCIATION, INC.",1541-1555 W 42 ST HIALEAH FLORIDA 33012,Condominium,Issued,No,01-31-2027
CR24001088,"GABRIELLA CONDOMINIUM CENTER ASSOCIATION, INC.",7601 NW 183 TERRACE HIALEAH FLORIDA 33015,Condominium,Issued,No,01-31-2027
CR24001089,"ETHEREAL GARDENS-I CONDOMINIUM ASSOCIATION, INC.",9356 NW 114 TERRACE HIALEAH GARDENS FLORIDA 33018,Condominium,Issued,No,01-31-2027
CR24001090,"7636 ABBOTT AVENUE CONDOMINIUM ASSOCIATION, INC.",7636 ABBOTT AVENUE MIAMI BEACH FL 33141,Homeowner,Issued,No,01-31-2027
CR24001091,"LENOX VIEW CONDOMINIUM, INC.",947 LENOX AVE MIAMI BEACH FL 33139,Condominium,Issued,No,01-31-2027
CR24001092,"PORTOFINO OF COCONUT GROVE CONDOMINIUM ASSOCIATION, INC.",3149-3159 MARY ST MIAMI FL 33133,Homeowner,Issued,No,01-31-2027
CR24001093,"ONE ISLAND PLACE CONDOMINIUM ASSOCIATION, INC.",3801 NE 207 ST AVENTURA FL 33180,Condominium,Issued,No,01-31-2027
CR24001094,THE APOLLO CONDOMINIUM INC.,1130 11TH ST MIAMI BEACH FL 33139,Condominium,Expired,Yes,01-31-2026
CR24001095,"LEX CORP., CO-OP.",501 79TH STREET MIAMI BEACH FL 33141,Cooperative,Issued,No,01-31-2027
CR24001096,"NONNIE SUE INC., A CONDOMINIUM",543 MERIDIAN AVENUE MIAMI BEACH FL 33139,Condominium,Issued,No,01-31-2027
CR24001097,"LAS BRISAS DEL CARIBE CONDOMINIUM ASSOCIATION, INC.",7130 7190 7200 WEST 11TH COURT HIALEAH FLORIDA 33014,Condominium,Issued,No,01-31-2027
CR24001098,SAGE ON PENN CONDOMINIUM ASSOCIATION INC,1358 PENNSYLVANIA AVE MIAMI BEACH FLORIDA 33139,Condominium,Issued,No,01-31-2027
CR24001099,"ONE AVENTURA EXECUTIVE CENTER CONDOMINIUM ASSOCIATION, INC.",20900 NE 30 AVE AVENTURA FL 33180,Condominium,Revoked,No,01-31-2026
CR24001100,"CORAL WAY MANOR CONDOMINIUM ASSOCIATION, INC.",2530 SW 3 AVE MIAMI FL 33129,Condominium,Issued,No,01-31-2027
CR24001101,"PLAZA CONDOMINIUM, INC.",926 MICHIGAN AVE MIAMI BEACH FL 33139,Condominium,Issued,No,01-31-2027
CR24001102,"PARK FOUNTAIN CONDOMINIUM ASSOCIATION, INC.",12195 WEST DIXIE HIGHWAY NORTH MIAMI FL 33161,Condominium,Issued,No,01-31-2027
CR24001103,"1515 CORAL TOWERS CONDOMINIUM, INC.",1515 NE 125 TER NORTH MIAMI FLORIDA 33161,Condominium,Expired,Yes,01-31-2026
CR24001104,"GALERIA III CONDOMINIUM ASSOCIATION, INC.",7211 W 24 AVE HIALEAH FL 33016,Condominium,Issued,No,01-31-2027
CR24001106,"PENN CONDO ASSOCIATION, INC",1228 PENNSYLVANIA AVE MIAMI BEACH FL 33139,Condominium,Expired,Yes,01-31-2026
CR24001108,"PARAISO CONDOMINIUM ASSOCIATION, INC.",1000 W 28 ST HIALEAH FL 33010,Condominium,Issued,No,01-31-2027
CR25000001,"IBIZA VILLAGE CONDOMIUM ASSOCIATION, INC.",7743 SW 99TH STREET MIAMI FLORIDA 33156,Condominium,Issued,No,01-31-2027
CR25000002,"1750 JAMES CONDOMINIUM ASSOCIATION, INC.",1750 JAMES AVE MIAMI BEACH FL 33139,Condominium,Issued,No,01-31-2027
CR25000003,"TERRA SOL HOMEOWNERS ASSOCIATION, INC.",715 SE 15TH ST HOMESTEAD FL 33034,Homeowner,Issued,No,01-31-2027
CR25000004,"525 MERIDIAN CONDOMINIUM, INC.",525 MERIDIAN AVE. MIAMI BEACH FL 33139,Condominium,Issued,No,01-31-2027
CR25000005,"TROPICAL TERRACE CONDOMINIUM ASSOCIATION, INC.",13725 NE 6TH AVE MIAMI FL 33161,Condominium,Expired,Yes,01-31-2026
CR25000006,"MOONRAKER CONDOMINUIM ASSOCIATION, INC.",1975 NE 135 STREET NORTH MIAMI FL 33181,Condominium,Issued,No,01-31-2027
CR25000007,"PLAZA SAN REMO CONDOMINIUM ASSOCIATION, INC.",6705 RED ROAD CORAL GABLES FL 33146,Condominium,Issued,No,01-31-2027
CR25000008,"LENOX VILLAS CONDOMINIUM ASSOCIATION, INC.",1024 LENOX AVE MIAMI BEACH FL 33139,Condominium,Issued,No,01-31-2027
CR25000012,"SHOMA VILLAS I AT COUNTRY CLUB OF MIAMI CONDOMINIUM ASSOCIATION, INC.",6950 NW 177 ST HIALEAH FL 33015,Condominium,Issued,No,01-31-2027
CR25000015,"SOLABELLA CONDOMINIUM ASSOCIATION, INC.",17387 NW 7 AVE MIAMI GARDENS FLORIDA 33169,Condominium,Issued,No,01-31-2027
CR25000016,PALM-WEST GARDENS INC.,1950 W 56TH ST HIALEAH FL 33012,Condominium,Issued,No,01-31-2027
CR25000017,"WESTWIND LAKES TOWNHOUSES ASSOCIATION III, INC.",6700 SW 147 CT MIAMI FL 33193,Homeowner,Issued,No,01-31-2027
CR25000019,"WEST PALM VILLAS IV CONDOMINIUM ASSOCIATION, INC.",3240 W 70 ST HIALEAH FLORIDA 33018,Condominium,Issued,No,01-31-2027
CR25000020,"MALAGA CONDOMINIUM ASSOCIATION OF MIAMI, INC.",6671 W 22 CT HIALEAH FLORIDA 33018,Condominium,Issued,No,01-31-2027
CR25000021,"CAMBRIDGE HOUSE CONDOMINIUM ASSOCIATION, INC.",1855 W 56 ST HIALEAH FLORIDA 33012,Condominium,Revoked,No,01-31-2027
CR25000022,"VILLAS LAS PALMAS III CONDOMINIUM ASSOCIATION, INC.",37 WEST 11 STREET HIALEAH FLORIDA 33010,Condominium,Issued,No,01-31-2027
CR25000023,"BAYSHORE TREASURE CONDOMINIUM ASSOCIATION, INC.",7851 DUNHAM BLVD MIAMI FL 33138,Condominium,Issued,No,01-31-2027
CR25000024,"2655 SOUTH BAYSHORE MASTER ASSOCIATION, INC.",2655 SOUTH BAYSHORE DR MIAMI FLORIDA 33133,Master Association,Issued,No,01-31-2027
CR25000026,"MACO COMMERCE CENTER, CONDOMINIUM ASSOCIATION, INC.",13117 NW 107 AVE. # E-7 HIALEAH GARDENS FL 33018,Homeowner,Rejected,No,
CR25000030,"CATALINA ISLE TOWNHOMES HOMEOWNERS' ASSOCIATION, INC.",SW 152 AVE & SW 8 WAY MIAMI FL 33194,Homeowner,Issued,No,01-31-2027
CR25000031,"BRANDONWOOD ESTATES ASSOCIATION, INC.",SW 159 TERRACE & 109 AVENUE MIAMI FLORIDA 33157,Homeowner,Issued,No,01-31-2027
CR25000032,"ARBOR COURTS ASSOCIATION, INC.",14311 SW 98 TER MIAMI FL 33186,Homeowner,Issued,No,01-31-2027
CR25000033,"LEEWARD ISLES HOMEOWNERS ASSOCIATION, INC.",NE 3 DR & NE 34 ST FHOMESTEAD FL 33033,Homeowner,Issued,No,01-31-2027
CR25000034,"SEASTONE TOWNHOMES HOA, INC.",10811 SW 108 PL MIAMI FL 33157,Homeowner,Issued,No,01-31-2027
CR25000035,"THE WATERWAYS AT ISLES AT BAYSHORE HOMEOWNERS' ASSOCIATION, INC.",SW 92 PL & SW 221 ST MIAMI FL 33190,Homeowner,Issued,No,01-31-2027
CR25000037,"GOLFWOOD OF THE CALIFORNIA CLUB HOMEOWNERS ASSOCIATION III, INC.",12905 SW 132 ST MIAMI FL 33179,Homeowner,Issued,No,01-31-2027
CR25000038,"DEER CREEK SUBDIVISION HOMEOWNERS' ASSOCIATION, INC.",6301 SW 157 TH PL MIAMI FLORIDA 33193,Homeowner,Issued,No,01-31-2027
CR25000039,"TOWNHOMES OF DORAL OAKS HOMEOWNERS ASSOCIATION, INC.",9800 NW 52 TERRACE DORAL FLORIDA 33178,Homeowner,Rejected,No,
CR25000040,"THE WILLIAM LEE, INC.",7720 HARDING AVE MIAMI BEACH FLORIDA 33141,Condominium,Issued,No,01-31-2027
CR25000041,"THE MERIDIAN (MIAMI BEACH) CONDOMINIUM ASSOCIATION, INC.",2001 MERIDIAN AVENUE MIAMI BEACH FLORIDA 33139,Condominium,Issued,No,01-31-2027
CR25000042,"VARADERO CONDOMINIUM ASSOCIATION, INC.","1250 W 26 PL. HIALEAH, FL. 33010 HIALEAH FL 33012",Condominium,Issued,No,01-31-2027
CR25000043,"VILLA MONREAL CONDOMINIUM ASSOCIATION, INC",1685 WEST 42ND STREET HIALEAH FLORIDA 33012,Condominium,Rejected,No,
CR25000044,"GARDENGATE II CONDOMINIUM, INC.",8701 NW 107 LN HIALEAH GARDENS FL 33018,Condominium,Issued,No,01-31-2027
CR25000045,"ALAMEDA TOWER 5 CONDOMINIUM ASSOCIATION, INC.",5480 & 5490 W 21 CT HIALEAH FL 33016,Condominium,Issued,No,01-31-2027
CR25000046,"FLAMINGO PARKVIEW CONDOMINIUM, INC.",1100 11TH STREET MIAMI BEACH FL 33139,Condominium,Issued,No,01-31-2027
CR25000048,"CLARIS CONDOMINIUM ASSOCIATION, INC",234 MERIDIAN AVENUE MIAMI FLORIDA 33139,Condominium,Rejected,No,
CR25000049,"SUNSET LAKE TOWNHOMES HOMEOWNER'S ASSOCIATION, INC.",SW 72 STREET & 166 AVENUE MIAMI FLORIDA 33193,Homeowner,Issued,No,01-31-2027
CR25000052,"TWIN LAKES ASSOCIATION, INC.",6651 SW 139 AVE MIAMI FLORIDA 33183,Homeowner,Issued,No,01-31-2027
CR25000053,"HIBISCUS SOUTH CONDOMINIUM ASSOCIATION, INC.",753 MICHIGAN AVE MIAMI BEACH FL 33139,Condominium,Issued,No,01-31-2027
CR25000054,"GRAND LAKES ESTATES HOMEOWNERS ASSOCIATION, INC.",16435 SW 42 TER MIAMI FL 33185,Homeowner,Issued,No,01-31-2027
CR25000055,"TOWERS NORTH CONDOMINIUM ASSOCIATION, INC.",8095 NW 8 ST MIAMI FLORIDA 33126,Condominium,Issued,No,01-31-2027
CR25000056,"CARMEL VILLAS CONDOMINIUM ASSOCIATION, INC.",215 30TH STREET MIAMI BEACH FL 33139,Condominium,Rejected,No,
CR25000057,"THE CHELSEA CONDOMINIUM ASSOCIATION, INC.",530 15TH STREET MIAMI BEACH FL 33139,Condominium,Issued,No,01-31-2027
CR25000058,"MIRADOR 1035 CONDOMINIUM ASSOCIATION, INC.",1035 WEST AVENUE MIAMI BEACH FL 33139,Condominium,Issued,No,01-31-2027
CR25000059,"THE EMPIRE CONDOMINIUM ASSOCIATION, INC.",750 COLLINS AVE MIAMI BEACH FL 33139,Condominium,Issued,No,01-31-2027
CR25000061,"CHRISTOPHER PLAZA CONDOMINIUM ASSOCIATION, INC.",1736 SW 19 ST MIAMI FL 33145,Condominium,Issued,No,01-31-2027
CR25000062,"THE DANTON CONDOMINIUM ASSOCIATION, INC.",1528-1532 DREXEL AVE MIAMI BEACH FL 33139,Condominium,Issued,No,01-31-2027
CR25000063,"OCEAN VILLAS OF MIAMI BEACH CONDOMINIUM ASSOCIATION, INC.",3700 AND 3710 COLLINS AVE MIAMI BEACH FL 33141,Condominium,Issued,No,01-31-2027
CR25000066,"EVERGLADES EAST CONDOMINIUM ASSOCIATION, INC.",536 14TH STREET MIAMI BEACH FL 33139,Condominium,Issued,No,01-31-2027
CR25000067,"ATLANTIC II AT THE POINT CONDOMINIUM ASSOCIATION, INC.",21150 POINT PLACE AVENTURA FLORIDA 33180,Condominium,Issued,No,01-31-2027
CR25000068,"LOFT DOWNTOWN CONDOMINIUM ASSOCIATION, INC.",234 NE 3RD STREET MIAMI FL 33132,Condominium,Issued,No,01-31-2027
CR25000069,"THE COURTS AT KENDALL CONDOMINIUM ASSOCIATION, INC.",15490 SW 80 STREET MIAMI FLORIDA 33193,Condominium,Issued,No,01-31-2027
CR25000070,"WINDSOR ON THE BEACH CONDOMININIUM ASSOCIATION, INC.",836 PENNSYLVANIA AVENUE MIAMI BEACH FL 33139,Condominium,Issued,No,01-31-2027
CR25000072,"PORTA BELA CONDOMINIUM ASSOCIATION, INC.",16851 NE 21 AVE NORTH MIAMI BEACH FL 33162,Condominium,Issued,No,01-31-2027
CR25000073,"CRESTVIEW TOWERS CONDOMINIUM ASSOCIATION, INC.",2025 NE 164TH STREET NORTH MIAMI BEACH FLORIDA 33162,Condominium,Issued,No,01-31-2027
CR25000074,"BONI-VISTA CONDOMINIUM ASSOCIATION, INC.",7125 BONITA DR MIAMI BEACH FL 33139,Condominium,Issued,No,01-31-2027
CR25000076,"SELMA CONDOMINIUM ASSOCIATION, INC.",526 15TH STREET MIAMI BEACH FLORIDA 33139,Condominium,Issued,No,01-31-2027
CR25000077,"CATALINA TOWNHOMES HOMEOWNERS' ASSOCIATION, INC.",288 NE 200 TERRACE MIAMI FL 33179,Homeowner,Issued,No,01-31-2027
CR25000078,"CORAL LAKES HOME OWNERS ASSOCIATION OF MIAMI, INC.",14850 SW 26TH STREET MIAMI FL 33185,Homeowner,Issued,No,01-31-2027
CR25000079,"LAGO GRANDE 5-D CONDOMINIUM ASSOCIATION, INC.",6374 W 27 WAY HIALEAH FLORIDA 33016,Condominium,Issued,No,01-31-2027
CR25000080,"BELLA LUNA CONDOMINIUM ASSOCIATION, INC.",1245 W 24 STREET HIALEAH FLORIDA 33010,Condominium,Issued,No,01-31-2027
CR25000082,"OASIS EN MANGO HILL CONDOMINIUM (MANGO HILL CONDOMINIUM NO. XVI) ASSOCIATION, INC.",WEST 9 LANE HIALEAH FLORIDA 33012,Condominium,Issued,No,01-31-2027
CR25000084,"MAHOGANY ISLE HOMES CONDOMINIUM ASSOCIATION, INC.",SW 104TH STREET & 14TH AVENUE MIAMI FL 33196,Condominium,Issued,No,01-31-2027
CR25000085,"VILLAS DE VALENCIA CONDOMINIUM ASSOCIATION, INC.",8301 NW 99 ST HIALEAH HIALEAH FL 33016,Condominium,Issued,No,01-31-2027
CR25000086,"MAHOGANY KEY CONDOMINIUM ASSOCIATION, INC.",13501 SW 128 ST MIAMI FL 33196,Condominium,Issued,No,01-31-2027
CR25000087,"PLUMBAGO COMMUNITY ASSOCIATION, INC.",10450 MAHOGANY KEY CIRCLE MIAMI FL 33196,Master Association,Issued,No,01-31-2027
CR25000089,"LAKEVIEW OF THE CALIFORNIA CLUB HOMEOWNERS ASSOCIATION, INC.",20860 SAN SIMEON WAY MIAMI FL 33179,Master Association,Issued,No,01-31-2027
CR25000090,"PUERTA DEL SOL HOMEOWNERS ASSOCIATION, INC",137 SW 15TH RD HOMESTEAD FL 33033,Homeowner,Issued,No,01-31-2027
CR25000092,"MIDWAY MANSIONS TOWNHOMES CONDOMINIUM ASSOCIATION, INC.",7985 NW 7TH STREET MIAMI FLORIDA 33126,Condominium,Issued,No,01-31-2027
CR25000093,"SONOMA LAKE CONDOMINIUM ASSOCIATION, INC",8261 SW 157TH AVE MIAMI FL 33193,Condominium,Issued,No,01-31-2027
CR25000094,"THE PRADO CONDOMINIUM ASSOCIATION, INC.",10641 SW 108 AVE MIAMI FL 33176,Condominium,Issued,No,01-31-2027
CR25000095,"LUCY OWNER'S ASSOCIATION, INC.",2033 CALAIS DR MIAMI BEACH FL 33141,Condominium,Rejected,No,
CR25000096,"VISTA ALEGRE TOWNHOMES VILLAS PROPERTY OWNERS ASSOCIATION, INC.",15250 SW 154 PL MIAMI FL 33186,Master Association,Issued,No,01-31-2027
CR25000099,"VILLA ENCANTADA MASTER HOMEOWNERS ASSOCIATION, INC.",15731 SW 137 AVE MIAMI FL 33177,Master Association,Issued,No,01-31-2027
CR25000100,"BENT TREE PARCEL NO. 1-A ASSOCIATION, INC.",4918 SW 138 AVE MIAMI FLORIDA 33175,Homeowner,Issued,No,01-31-2027
CR25000101,"BAYSHORE TERRACE CONDOMINIUM, INC.",1455 WEST AVE MIAMI BEACH FL 33139,Condominium,Issued,No,01-31-2027
CR25000102,"PINE ROCKLAND ESTATES HOMEOWNERS ASSOCIATION, INC.",7280 SW 72 PL MIAMI FL 33186,Homeowner,Issued,No,01-31-2027
CR25000103,"THE GARDENS OF KENDALL SOUTH CONDOMINIUM NO. 6 ASSOCIATION, INC.",10825 SW 112TH AVE MIAMI FLORIDA 33176,Condominium,Issued,No,01-31-2027
CR25000104,"HARBORVIEW AT FISHER ISLAND CONDOMINIUM ASSOCIATION, INC.",4400 - 4700 FISHER ISLAND DR MIAMI BEACH FLORIDA 33109,Condominium,Issued,No,01-31-2027
CR25000105,"RIVER RUN CONDOMINIUM ASSOCIATION, INC.",1700 NW NORTH RIVER DR MIAMI FLORIDA 33125,Condominium,Issued,No,01-31-2027
CR25000108,"CREEK CLUB NO. 1, INC.",8000 TATUM WATERWAY DRIVE MIAMI BEACH FL 33141,Condominium,Issued,No,01-31-2027
CR25000109,"AVENTI AT AVENTURA CONDOMINIUM ASSOCIATION, INC.",2901 NE 185 ST AVENTURA FL 33180,Condominium,Rejected,No,
CR25000110,MNTY CONDOMINIUM ASSOCIATION #3 INC.,20910 NE 8 CT MIAMI FLORIDA 33179,Condominium,Issued,No,01-31-2027
CR25000111,"EUREKA GARDEN HOMEOWNERS ASSOCIATION, INC.",SW 109 PATH & SW 181 TERRACE MIAMI FLORIDA 33157,Homeowner,Issued,No,01-31-2027
CR25000116,"MICHIGAN TERRACE ASSOCIATION, INC.",750 MICHIGAN AVENUE MIAMI BEACH FL 33139,Condominium,Issued,No,01-31-2027
CR25000119,"BAYSIDE VILLAGE CONDOMINIUM ASSOCIATION, INC.",40306 FISHER ISLAND DRIVE MIAMI FL 33109,Condominium,Rejected,No,
CR25000120,"BEACHGARDENS CONDOMINIUM ASSOCIATION, INC.",439 15 ST MIAMI BEACH FLORIDA 33139,Condominium,Issued,No,01-31-2027
CR25000121,"THE OHIO APARTMENT BUILDING CONDOMINIUM ASSOCIATION, INC.",1550 DREXEL AVENUE MIAMI BEACH FLORIDA 33139,Condominium,Issued,No,01-31-2027
CR25000122,"BAYVIEW AT FISHER ISLAND CONDOMINIUM NO. TWO ASSOCIATION, INC.",5300 FISHER ISLAND DR MIAMI BEACH FL 33109,Condominium,Issued,No,01-31-2027
CR25000123,"WEST VIEW LAKE TOWNHOMES CONDOMINIUM ASSOCIATION, INC.",5328 W 26 AVENUE HIALEAH FLORIDA 33016,Condominium,Expired,Yes,01-31-2026
CR25000126,"905 MICHIGAN CONDOMINIUM ASSOCIATION, INC.",905 MICHIGAN AVE MIAMI BEACH FLORIDA 33139,Condominium,Issued,No,01-31-2027
CR25000127,"BASE01 CONDOMINIUM ASSOCIATION, INC.",1235 EUCLID AVE MIAMI BEACH FLORIDA 33139,Condominium,Issued,No,01-31-2027
CR25000128,"HIDDEN LAKE TOWNHOME HOMEOWNERS ASSOCIATION, INC",13700 SW 131 TERR MIAMI FL 33186,Homeowner,Issued,No,01-31-2027
CR25000130,"GARDENS ESTATE HOMEOWNERS ASSOCIATION, INC",12073 SW 125 ST MIAMI FL 33186,Homeowner,Issued,No,01-31-2027
CR25000131,"EUCLID GARDENS CONDOMINIUM, INC.",1575 EUCLID AVE MIAMI BEACH FL 33139,Condominium,Issued,No,01-31-2027
CR25000133,"801 SMA DESIGNER SUITES CONDOMINIUM ASSOCIATION, INC.",805 S MIAMI DR BRICKELL FL 33131,Condominium,Expired,Yes,01-31-2026
CR25000136,"WESTLAND VILLAGE CONDOMINIUM III ASSOCIATION, INC.",2347 W 66 PLACE HIALEAH FL 33016,Condominium,Rejected,No,
CR25000138,"8000 CONDOMINIUM, INC.",8000 HARDING AVE MIAMI BEACH FL 33141,Condominium,Abandoned,No,
CR25000140,"VILLA BELLINI CONDOMINIUM ASSOCIATION, INC.",7050 NW 179 ST HIALEAH FL 33015,Condominium,Issued,No,01-31-2027
CR25000143,"INLAND TOWERS CONDOMINIUM ASSOCIATION, INC.",2075 NE 164 ST NORTH MIAMI BEACH FL 33162,Condominium,Issued,No,01-31-2027
CR25000144,VILLA BRICKELL CONDOMINIUM ASSOCIATION INC.,1824 BRICKELL AVE MIAMI FLORIDA 33129,Condominium,Issued,No,01-31-2027
CR25000146,"CASA BELLA CONDOMINIUM ASSOCATION OF HIALEAH, INC.",4500 W 16 AVE HIALEAH FL 33012,Condominium,Issued,No,01-31-2027
CR25000147,"BISCAYNE PARK TERRACE CONDOMINIUM ASSOCIATION, INC.",1360 NE 119 ST NORTH MIAMI FLORIDA 33012,Condominium,Issued,No,01-31-2027
CR25000148,"MIRAMAR TERRACE CONDOMINIUM ASSOCIATION, INC.",1051 SW 1 STREET MIAMI FLORIDA 33130,Condominium,Issued,No,01-31-2027
CR25000149,"VILLAS DE MARBELLA CONDOMINIUM ASSOCIATION, INC.",2560 WEST 60 STREET HIALEAH FLORIDA 33018,Condominium,Issued,No,01-31-2027
CR25000151,"VIZCAYA VILLAS CONDOMINIUM ASSOCIATION, INC.",355 E 4 STREET HIALEAH FLORIDA 33010,Condominium,Issued,No,01-31-2027
CR25000152,"MADRID TERRACE CONDOMINIUM ASSOCIATION, INC.",6820 W FLAGLER ST MIAMI FLORIDA 33144,Condominium,Rejected,No,
CR25000153,"LUDLUM VILLAS EAST CONDOMINIUM ASSOCIATION, INC.",1310 WEST 42 STREET HIALEAH FLORIDA 33012,Condominium,Issued,No,01-31-2027
CR25000154,"CCA CONDOMINIUM ASSOCIATION, INC",94 CIR LN SW 139-142 AVE MIAMI FL 33186,Master Association,Expired,Yes,01-31-2026
CR25000155,"CAMELOT HOMEOWNERS ASSOCIATION, INC.",14047 SW 94TH CIR LN MIAMI FL 33186,Master Association,Issued,No,01-31-2027
CR25000156,"ALHAMBRA CONDOMINIUM NO. IV ASSOCIATION, INC.",2261 W 53 STREET HIALEAH FL 33012,Condominium,Issued,No,01-31-2027
CR25000157,"BRIDGEPORT GROVES CONDOMINIUM ASSOCIATION, INC.",2924 BRIDGEPORT AVE MIAMI FLORIDA 33133,Condominium,Expired,Yes,01-31-2026
CR25000158,"LAS BRISAS TOWNHOUSE APARTMENTS CONDOMINIUM #IV ASSOCIATION, INC.",2567 WEST 52 PLACE HIALEAH FL 33015,Condominium,Issued,No,01-31-2027
CR25000159,"EL CABRIALES CONDOMINIUM ASSOCIATION, INC.",1305 W 44 PL HIALEAH FL 33012,Condominium,Issued,No,01-31-2027
CR25000161,"THE COURTYARD VILLAS CONDOMINIUM ASSOCIATION, INC.",18000 NW 68TH AVE HIALEAH FL 33015,Condominium,Issued,No,01-31-2027
CR25000163,"AKOYA CONDOMINIUM ASSOCIATION, INC.",6365 COLLINS AVE MIAMI BEACH FLORIDA 33141,Condominium,Rejected,No,
CR25000165,"L'ATELIER CONDOMINIUM ASSOCIATION, INC.",6901 COLLINS AVE MIAMI BEACH FL 33141,Condominium,Closed,No,01-31-2027
CR25000167,"LOS PATIOS OF SNAPPER CREEK CONDOIMINIUM ASSOCIATION, INC.",11570 SW 2 ST MIAMI FLORIDA 33174,Condominium,Issued,No,01-31-2027
CR25000169,"CUTLER-CREEK VILLAGE CONDOMINIUM ASSOCIATION, INC.",10370 SW 220 ST MIAMI FLORIDA 33190,Condominium,Issued,No,01-31-2027
CR25000170,"STAR LAKE NORTH COMMODORE ASSOCIATION, INC",19305 NE 2 AVE NORTH MIAMI FL 33179,Condominium,Issued,No,01-31-2027
CR25000172,"SUNDIAL TOWERS CONDOMINIUM, INC.",8400 BYRON AVENUE MIAMI BEACH FL 33141,Condominium,Rejected,No,
CR25000173,"821 EUCLID CONDOMINIUM ASSOCIATION, INC.",821 EUCLID AVE MIAMI BEACH FLORIDA 33139,Condominium,Issued,No,01-31-2027
CR25000174,"QUANTUM ON THE BAY CONDOMINIUM NO. ONE ASSOCIATION, INC.",1900 N BAYSHORE DR MIAMI FL 33132-3001,Condominium,Expired,Yes,01-31-2026
CR25000175,"MILAM CONDOMINIUM SOUTH, INC.",325 NW 72 AVE MIAMI FL 33126,Condominium,Issued,No,01-31-2027
CR25000176,"LESLIE ESTATES HOMEOWNERS' ASSOCIATION NO. 1, INC.",19468 NW 28 PLACE MIAMI GARDENS FL 33056,Homeowner,Issued,No,01-31-2027
CR25000177,"FIFTY SIX SIXTY COLLINS AVE. CONDOMINIUM, INC.",5660 COLLINS AVENUE MIAMI BEACH FL 33140,Condominium,Issued,No,01-31-2027
CR25000179,"CUTLER CREEK CLUB ASSOCIATION, INC.",VICINITY OF 10347 SW 209 LN MIAMI FL 33186,Homeowner,Issued,No,01-31-2027
CR25000182,"PARKER POINTE COMMUNITY ASSOCIATION, INC.",SW 162ND AVE AND SW 320TH ST HOMESTEAD FL 33033,Homeowner,Issued,No,01-31-2027
CR25000184,"LWG CONDOMINIUM ASSOCIATION, INC.",1250 LINCOLN RD MIAMI BEACH FL 33139,Condominium,Expired,Yes,01-31-2026
CR25000187,"VILLA 56 SOUTH CONDOMINIUM ASSOCIATION, INC.",1702 W 55 PLACE HIALEAH FL 33012,Condominium,Issued,No,01-31-2027
CR25000188,"J. C. M. H. CONDOMINIUM ASSOCIATION, INC.",14329 NW 78 AVE MIAMI LAKES FL 33016,Condominium,Closed,No,01-31-2026
CR25000189,"VISTA ALEGRE TOWNHOMES CONDOMINIUM ASSOCIATION, INC.",5625 W 26 COURT HIALEAH FL 33016,Condominium,Rejected,No,
CR25000191,"VENICE LANE, INC.",1725-1755 NE VENICE LANE NORTH MIAMI FL 33160,Cooperative,Issued,No,01-31-2027
CR25000192,"WHITEHALL REGENCY CONDOMINIUM ASSOCIATION, INC.",14860-14872 NW 6 AVE MIAMI FL 33162,Condominium,Expired,No,01-31-2026
CR25000193,"VILLA LUISA CONDOMINIUM ASSOCIATION, INC.",6175 W 20 AVE HIALEAH FL 33012,Condominium,Issued,No,01-31-2027
CR25000194,"ROYALE GREEN CONDOMINIUM ASSOCIATION, INC.",12802 SW 43 DR MIAMI FL 33175,Condominium,Issued,No,01-31-2027
CR25000195,"VILLAGE AT BRICKELL CONDOMINIUM ASSOCIATION, INC.",150 SW 10 ST MIAMI FLORIDA 33130,Condominium,Issued,No,01-31-2027
CR25000196,"LAS VILLAS DE VALENCIA CONDOMINIUM ASSOCIATION, INC.",200 SW 113 AVE MIAMI FL 33174,Condominium,Issued,No,01-31-2027
CR25000197,"WATERPOINT CONDOMINIUM ASSOCIATION, INC.",3868 NE 169 STREET NORTH MIAMI BEACH FLORIDA 33160,Condominium,Issued,No,01-31-2027
CR25000198,"VILLAS ARANDEL CONDOMINIUM ASSOCIATION, INC.",2277 W 52 ST HIALEAH FL 33016,Condominium,Issued,No,01-31-2027
CR25000200,"FLAMENCO CONDOMINIUM ASSOCIATION, INC.",1055 W 77 ST HIALEAH FL 33016,Condominium,Issued,No,01-31-2027
CR25000201,"3070-3072 NEW YORK CONDOMINIUM ASSOCIATION, INC",3070 NEW YORK STREET MIAMI FLORIDA 33133,Condominium,Rejected,No,
CR25000203,"KEYSTONE ARMS CONDOMINIUM ASSOCIATION, INC.",13105 IXORA COURT NORTH MIAMI FLORIDA 33181,Condominium,Issued,No,01-31-2027
CR25000204,"ROYAL CONDOMINIUM ASSOCIATION, INC.",1855 SW 1 ST MIAMI FL 33135,Condominium,Expired,Yes,01-31-2026
CR25000205,"MYSTIC POINTE TOWNHOUSES CONDOMINIUM ASSOCIATION, INC.",3595 MYSTIC POINTE DR AVENTURA FL 33180-2553,Condominium,Issued,No,01-31-2027
CR25000207,"WESTLAND PARK CONDO ASSOCIATION #5, INC.",1750 W 60 ST HIALEAH FLORIDA 33012,Condominium,Issued,No,01-31-2027
CR25000208,"VILLAS DEL LAGO CONDOMINIUM ASSOCIATION, INC.",2631 W 52 PLACE HIALEAH FLORIDA 33016,Condominium,Issued,No,01-31-2027
CR25000211,"HIBISCUS GARDENS CONDOMINIUM ASSOCIATION, INC.",3065 HIBISCUS ST MIAMI FLORIDA 33133,Homeowner,Abandoned,No,
CR25000213,PRESTIGE APARTMENTS INC,70 NW 77 STREET MIAMI FL 33150,Cooperative,Issued,No,01-31-2027
CR25000214,"SILVER SPRING TOWERS, INC",1630 W 46TH ST HIALEAH FL 33012,Condominium,Issued,No,01-31-2027
CR25000216,"ANTILLA PLACE CONDOMINIUM ASSOCIATION, INC.",45 ANTILLA AVE CORAL GABLES FLORIDA 33134,Condominium,Issued,No,01-31-2027
CR25000217,"ST. REMY CONDOMINIUM ASSOCIATION, INC.",1307-1309 EUCLID AVE. MIAMI BEACH FL 33139,Condominium,Issued,No,01-31-2027
CR25000218,"RIVER LOFTS CONDOMINIUM ASSOCIATION, INC.",1021 NW 3 STREET MIAMI FL 33128,Condominium,Issued,No,01-31-2027
CR25000219,"NAUTICO BAY CLUB CONDOMINIUM ASSOCIATION, INC.",6937 BAY DRIVE MIAMI BEACH FLORIDA 33141,Condominium,Issued,No,01-31-2027
CR25000220,LAS OLAS CONDOMINIUM,7899 NE BAYSHORE CT MIAMI FL 33138,Condominium,Issued,No,01-31-2027
CR25000221,"CARMEL LAKES CONDOMINIUM NO. 9 ASSOCIATION, INC.",20761 NE 4 PL MIAMI FL 33179,Condominium,Issued,No,01-31-2027
CR25000222,"EVERGREEN LAWNS CONDOMINIUM ASSOCIATION, INC.",2210 NW 34 TH ST MIAMI FLORIDA 33142,Condominium,Expired,Yes,01-31-2026
CR25000223,"LAGUNA POINTE CONDOMINIUM ASSOCIATION, INC.",20810 SAN SIMEON WAY MIAMI FLORIDA 33179,Condominium,Issued,No,01-31-2027
CR25000224,"CARMEL LAKES CONDOMINIUM NO. 10 ASSOCIATION, INC.",20730 NE 4 PL MIAMI FL 33015,Condominium,Issued,No,01-31-2027
CR25000225,EVERGLADES SOUTH CONDOMINIUM ASSOCIATION INC.,1337 EUCLID AVE. MIAMI BEACH FL 33139,Condominium,Issued,No,01-31-2027
CR25000226,"LAKE VIEW OF THE CALIFORNIA CLUB CONDOMINIUM II ASSOCIATION, INC.",20840 SAN SIMEON WAY MIAMI FLORIDA 33179,Condominium,Issued,No,01-31-2027
CR25000227,"SPRINGVIEW CONDOMINIUM ASSOCIATION, INC.",121 MORNINGSIDE DRIVE MIAMI SPRINGS FLORIDA 33166,Condominium,Expired,Yes,01-31-2026
CR25000228,"208 MERIDIAN CONDOMINIUM, INC.",208 MERIDIAN AVE MIAMI BEACH FL 33139,Condominium,Issued,No,01-31-2027
CR25000229,"LINCOLN PLACE CONDOMINIUM ASSOCIATION, INC.",1551 MICHIGAN AVE MIAMI BEACH FL 33139,Condominium,Issued,No,01-31-2027
CR25000230,"THE ADMIRALTY APARTMENTS, INC.",10150 & 10160 COLLINS AVENUE MIAMI BEACH FL 33139,Cooperative,Issued,No,01-31-2027
CR25000231,"VIRGINIA STREET CONDOMINIUM ASSOCIATION, INC.",2930 VIRGINIA ST MIAMI FL 33133,Condominium,Issued,No,01-31-2027
CR25000232,"JUBILEE VILLAS CONDOMINIUM ASSOCIATION, INC.",1060 NW 7TH ST MIAMI FL 33136,Condominium,Issued,No,01-31-2027
CR25000233,"L & M APARTMENTS, INC.",555 75 STREET MIAMI BEACH FLA 33141,Cooperative,Issued,No,01-31-2027
CR25000234,"TWIN HOMES VILLAGE I CONDOMINIUM ASSOCIATION, INC.",3652 SW 17 ST MIAMI FL 33145,Homeowner,Issued,No,01-31-2027
CR25000235,"STAR MERIDIAN CONDOMINIUM, INC",528 MERIDIAN AVENUE MIAMI BEACH FL 33139,Condominium,Issued,No,01-31-2027
CR25000236,"SUNSET VILLAS PHASE II CONDOMINIUM ASSOCIATION, INC.",4841 NW 7 ST. MIAMI FL 33125,Condominium,Rejected,No,
CR25000237,"NEW WORLD CONDOMINIUM TOWNHOMES CONDOMINIUM ASSOCIATION, INC.",17501-17637 NW 7 AVE MIAMI GARDENS FLORIDA 33169,Condominium,Issued,No,01-31-2027
CR25000239,"VILAMUR CONDOMINIUM, INC.",7700 COLLINS AVE MIAMI BEACH FL 33141,Condominium,Issued,No,01-31-2027
CR25000240,"THE COURTYARDS AT THE POINT CONDOMINIUM ASSOCIATION, INC.",21125 YACHT CLUB DR AVENTURA FL 33180,Condominium,Issued,No,01-31-2027
CR25000241,"REFLECTIONS AT IMPERIAL LAKE HOMEOWNERS, INC",12301 NW 7TH LANE MIAMI FL 33182,Homeowner,Issued,No,01-31-2027
CR25000242,KENDALL FALLS CONDOMINIUM ASSOCIATION INC.,13880 SW 65 TERR DORAL FL 33172,Condominium,Issued,No,01-31-2027
CR25000243,"CASA DEL SOL CONDOMINIUM ASSOCIATION, INC.",1750 W 46 ST HIALEAH FL 33012,Condominium,Issued,No,01-31-2027
CR25000244,"ST. JAMES ON THE BEACH CONDOMINIUM ASSOCIATION, INC.",1521 MERIDIAN AVENUE MIAMI BEACH FL 33139,Condominium,Expired,Yes,01-31-2026
CR25000245,"HIALEAH PLACE CONDOMINIUM ASSOCIATION, INC.",199 W 29 AVE HIALEAH FLORIDA 33012,Condominium,Expired,Yes,01-31-2026
CR25000246,"LENOX TOWERS CONDOMINIUM, INC",1030 9TH ST MIAMI BEACH FLORIDA 33139,Condominium,Issued,No,01-31-2027
CR25000247,"VALENCIA AT DORAL CONDOMINIUM NO. 1 ASSOCIATION, INC.",10000 NW 45TH TERRACE DORAL FL 33178,Condominium,Issued,No,01-31-2027
CR25000248,"VALENCIA AT DORAL CONDOMINIUM NO. 2 ASSOCIATION, INC.",10000 NW 45TH TERRACE DORAL FL 33178,Condominium,Issued,No,01-31-2027
CR25000249,"MARINER VILLAGE TOWNHOUSE CONDOMINIUM ASSOCIATION, INC.",20941 BAY COURT AVENTURA FL 33180,Condominium,Abandoned,No,
CR25000250,"MEDITERRANEAN VILLAGE MASTER ASSOCIATION, INC.",3700 ISLAND BLVD AVENTURA FL 33160,Master Association,Issued,No,01-31-2027
CR25000251,"ART DECO CONDOMINIUM ASSOCIATION, INC.",610 8 STREET MIAMI BEACH FLORIDA 33139,Condominium,Issued,No,01-31-2027
CR25000252,"ESSENZA AT 1410 EUCLID CONDOMINIUM ASSOCIATION, INC.",1410 EUCLID AVE MIAMI BEACH FL 33139,Condominium,Issued,No,01-31-2027
CR25000255,"VILLA 56 CONDOMINIUM,INC.",5649 WEST 17TH AVE HIALEAH FL 33012,Condominium,Issued,No,01-31-2027
CR25000256,"TOUCH OF GLASS CONDOMINIUM ASSOCIATION, INC.",629 W 68 ST HIALEAH FL 33012,Condominium,Abandoned,No,
CR25000257,"EUCLID MANOR CONDOMINIUM ASSOCIATION, INC.",1540 EUCLID AVE MIAMI BEACH FL 33139,Condominium,Issued,No,01-31-2027
CR25000258,"TRACY CONDOMINIUM, INC",3000 BIRD AVE MIAMI FL 33133,Condominium,Abandoned,No,
CR25000259,"WATERWAY ISLES CONDOMINIUM ASSOCIATION, INC.",3860 NE 170 STREET N. MIAMI BEACH FL 33160,Condominium,Issued,No,01-31-2027
CR25000260,"CHATEAUBLEAU VILLAS AT MIDWAY CONDOMINIUM ASSOCIATION, INC.",471 NW 82 AVE MIAMI FL 33126,Condominium,Issued,No,01-31-2027
CR25000261,"GARDEN VISTA CONDOMINIUM ASSOCIATION, INC.",4758 WEST FLAGLER STREET MIAMI FL 33134,Condominium,Issued,No,01-31-2027
CR25000263,"1045 CONDOMINIUM ASSOCIATION, INC.",1045 MERIDIAN AVE MIAMI BEACH FL 33139,Condominium,Issued,No,01-31-2027
CR25000264,"THE CASTILLE CONDOMINIUM ASSOCIATION, INC.",4011 MERIDIAN AVE MIAMI BEACH FL 33140,Condominium,Issued,No,01-31-2027
CR25000266,"LAS HADAS CONDOMINIUM ASSOCIATION, INC.",4345 WEST 12 LANE HIALEAH FLORIDA 33012,Condominium,Issued,No,01-31-2027
CR25000267,"KEY CASSA CONDOMINIUM ASSOCIATION, INC",SUNRISE DR KEY BISCAYNE FL 33149,Condominium,Issued,No,01-31-2027
CR25000268,"TOWER FORTY ONE ASSOCIATION, INC.",4101 PINE TREEE DR MIAMI BEACH FL 33140,Condominium,Issued,No,01-31-2027
CR25000269,"WEST PARK VIEW CONDOMINIUM ASSOCIATION, INC.",855 WEST 29 STREET HIALEAH FL 33012,Condominium,Issued,No,01-31-2027
CR25000271,"PARC CENTRAL AVENTURA MASTER ASSOCIATION, INC.",3300 NE 192 STREET AVENTURA FL 33180,Master Association,Issued,No,01-31-2027
CR25000272,"1401 EUCLID CONDOMINIUM ASSOCIATION, INC.",1401 EUCLID AVE MIAMI BEACH FL 33139,Condominium,Issued,No,01-31-2027
CR25000275,"EDGEWATER OF CORAL GABLES CONDOMINIUM ASSOCIATION, INC.",1 EDGEWATER DRIVE CORAL GABLES FL 33133,Condominium,Issued,No,01-31-2027
CR25000276,"SEASONS IN THE GROVE CONDOMINIUM ASSOCIATION, INC.",2865-2867 DAY AVENUE MIAMI FL 33133,Condominium,Abandoned,No,
CR25000277,"VILLA DEL SOL CONDOMINIUM, INC",1530 SW 2ND STREET MIAMI FL 33135,Condominium,Issued,No,01-31-2027
CR25000280,"1419 WEST CONDOMINIUM ASSOCIATION, INC.",1419 WEST AVE MIAMI BEACH FL 33139,Condominium,Issued,No,01-31-2027
CR25000281,"WALLIAN CO-OP, INC.",1525 MERIDIAN AVENUE MIAMI BEACH FL 33139,Condominium,Issued,No,01-31-2027
CR25000283,"BELO HORIZONTE CONDOMINIUM ASSOCIATION, INC.",6444 COLLINS AVE MIAMI BEACH FL 33141,Condominium,Issued,No,01-31-2027
CR25000286,"GALERIA CONDOMINIUM ASSOCIATION, INC.",5415 COLLINS AVE MIAMI BEACH FLORIDA 33140,Condominium,Expired,Yes,01-31-2026
CR25000289,"POINCIANA WEST NO. 1 CONDOMINIUM ASSOCIATION, INC.",2925 W 80 ST HIALEAH FLORIDA 33018,Condominium,Issued,No,01-31-2027
CR25000290,"POINCIANA WEST NO. 2 CONDOMINIUM ASSOCIATION, INC.",2985 W 80 ST HIALEAH FLORIDA 33018,Condominium,Issued,No,01-31-2027
CR25000291,"THE KENSINGTON CONDOMINIUM ASSOCIATION OF HIALEAH, INC.",1230 W 54 ST HIALEAH FLORIDA 33012,Condominium,Issued,No,01-31-2027
CR25000292,"THE VILLAGE AT WEST MIAMI CONDOMINIUM ASSOCIATION, INC.",6000 SW 8 STREET WEST MIAMI FL 33144,Condominium,Expired,Yes,01-31-2026
CR25000293,"PUERTO BELLO CONDOMINIUM NO.2 ASSOCIATION, INC.",12301 NW 7TH LANE MIAMI FL 33182,Condominium,Issued,No,01-31-2027
CR25000294,"ALCALA PLAZA CONDOMINIUM ASSOCIATION, INC.",1215 SW 32 AVE MIAMI FL 33135,Condominium,Issued,No,01-31-2027
CR25000295,"COURTS OF BIRDWOOD CONDOMINIUM ASSOCIATION, INC.",3639 SW 99 AVE MIAMI FL 33165,Condominium,Issued,No,01-31-2027
CR25000296,"GRAMERCY PARK HOMEOWNERS' ASSOCIATION, INC.",16035 NW 82 COURT MIAMI LAKES FL 33016,Homeowner,Issued,No,01-31-2027
CR25000297,"MONTE CARLO OF MIAMI CONDOMINIUM ASSOCIATION, INC.",490 NW 165 ST RD MIAMI FLORIDA 33169,Homeowner,Issued,No,01-31-2027
CR25000298,"VILLAS GODOY CONDOMINIUM ASSOCIATION, INC.",1475 W. FLAGLER ST. MIAMI FL 33130,Condominium,Issued,No,01-31-2027
CR25000299,"1820 JAMES AVENUE, INC. A CONDOMINIUM",1820 JAMES AVE MIAMI BEACH FL 33139,Condominium,Issued,No,01-31-2027
CR25000300,"DADELAND PLACE CONDOMINIUM ASSOCIATION, INC.","9001 SW 77 AVE MIAMI, FL 33186 FL 33186",Condominium,Issued,No,01-31-2027
CR25000301,"ORCHARD GARDEN CONDOMINIUM, INC.",13901 NE 3 CT MIAMI FL 33161,Condominium,Issued,No,01-31-2027
CR25000302,1590 CORAL TERRACE CORPORATION,1590 NE 127TH ST NORTH MIAMI FL 33161,Condominium,Issued,No,01-31-2027
CR25000303,"VALENCIA CONDOMINIUM ASSOCIATION GROUP, INC.",2582 W 56 ST HIALEAH FL 33016,Condominium,Issued,No,01-31-2027
CR25000304,"HARBOUR POINTE OF MIAMI CONDOMINIUM ASSOCIATION, INC.",1251 NE 108 ST MIAMI FL 33161,Condominium,Issued,No,01-31-2027
CR25000305,"TROWBECK CONDOMINIUM ASSOCIATION, INC.",3725 NE 167TH STREET NORTH MIAMI BEACH FLORIDA 33160,Condominium,Expired,Yes,01-31-2026
CR25000306,"THE MAJORCAS CONDOMINIUM ASSOCIATION, INC.",338 MAJORCA AVENUE CORAL GABLES FLORIDA 33134,Condominium,Issued,No,01-31-2027
CR25000307,"KENLAND WALK CONDOMINIUM III, INC.",8933 SW 123 CT MIAMI FLORIDA 33186,Condominium,Issued,No,01-31-2027
CR25000308,"RIVER WEST CONDOMINIUM ASSOCIATION OF MIAMI, INC.",437 SW 7TH STREET UNIT#19 MIAMI FLORIDA 33130,Condominium,Issued,No,01-31-2027
CR25000309,"CANARIAS AT DOWNTOWN DORAL HOMEOWNERS ASSOCIATION, INC.",4651 NW 82 AVENUE DORAL FL 33166,Homeowner,Issued,No,01-31-2027
CR25000310,SEASIDE VILLAS CONDOMINIUM ASSOCIATION INC. (FISHER ISLAND),15111 - 15912 FISHER ISLAND DR MIAMI BEACH FLORIDA 33109,Condominium,Issued,No,01-31-2027
CR25000312,"THE VINTAGE CONDOMINIUM OWNERS ASSOCIATION, INC.",1080 94TH STREET PEMBROKE PINES FL 33024,Condominium,Issued,No,01-31-2027
CR25000313,"SKYLOFTS CONDOMINIUM ASSOCIATION, INC.",1791 NE MIAMI GARDENS DR NORTH MIAMI BEACH FL 33179,Condominium,Issued,No,01-31-2027
CR25000314,"ISLAND SHORES CONDOMINIUM ASSOCIATION, INC.",2903 NE 163RD STREET NORTH MIAMI BEACH FLORIDA 33160,Condominium,Issued,No,01-31-2027
CR25000315,"MORNINGSIDE PALMS CONDOMINIUM ASSOCIATION, INC.",650 NE 61 ST MIAMI FLORIDA 33137,Condominium,Issued,No,01-31-2027
CR25000316,"RIO CRISTAL CONDOMINIUM ASSOCIATION, INC.",453 SW 2 ST MIAMI FL 33130,Condominium,Issued,No,01-31-2027
CR25000317,"VILLA CAPRI CONDOMINIUM ASSOCIATION, INC.",1205 MARIPOSA CORAL GABLES FL 33146,Condominium,Issued,No,01-31-2027
CR25000318,"BIRDGROVE TOWNHOUSES CONDOMINIUM, INC.",2956 BIRD AVE MIAMI FL 33133,Condominium,Issued,No,01-31-2027
CR25000319,"NAUTILUS TOWERS, INC., A CONDOMINIUM",4142 N. JEFFERSON AVE MIAMI BEACH FL 33140,Condominium,Issued,No,01-31-2027
CR25000320,TWENTY FIVE HUNDRED ASSOCIATION INC,2500 SW 6 ST MIAMI FLORIDA 33135,Condominium,Expired,Yes,01-31-2026
CR25000321,"JEFFERSON DAVIS CONDOMINIUM ASSOCIATION, INC.",2444 FLAMINGO PL MIAMI BEACH FL 33140,Condominium,Expired,Yes,01-31-2026
CR25000322,"THE LUXOR RESIDENCES CONDOMINIUM ASSOCIATION, INC.",2301 SW 27TH AVENUE MIAMI FL 33145,Condominium,Issued,No,01-31-2027
CR25000323,"THE GARDENS OF KENDALL SOUTH CONDOMINIUM NO. 5 ASSOCIATION, INC.",10835 SW 112 AVE MIAMI FLORIDA 33176,Condominium,Issued,No,01-31-2027
CR25000325,"COCO BREEZE CONDOMINIUM ASSOCIATION, INC.",3060 BLAINE STREET MIAMI FL 33133,Homeowner,Issued,No,01-31-2027
CR25000326,"THE GARDENS OF KENDALL SOUTH CONDOMINIUM NO. 1 ASSOCIATION, INC.",10875 SW 112 AVE MIAMI FL 33176,Condominium,Issued,No,01-31-2027
CR25000327,REGATTA AT INDIAN CREEK CONDOMINIUM ASSOCIATION. INC.,6580 INDIAN CREEK DR MIAMI BEACH FLORIDA 33141,Condominium,Expired,Yes,01-31-2026
CR25000328,NORMA BEACH CONDOMINIUM ASSOCIATION INC.,760 EUCLID AVE MIAMI BEACH FL 33139,Condominium,Issued,No,01-31-2027
CR25000329,"TENNIS VIEW CONDOMINIUM ASSOCIATION, INC.",15401 SW 81 CIRCLE LN MIAMI FLORIDA 33193,Condominium,Issued,No,01-31-2027
CR25000331,"PINE BEACH CONDOMINIUM ASSOCIATION, INC.",301 MICHIGAN AVE MIAMI BEACH FLORIDA 33139,Condominium,Issued,No,01-31-2027
CR25000332,"3110-12 MATILDA STREET CONDOMINIUM ASSOCIATION, INC.",3112 MATILDA ST MIAMI FL 33133,Condominium,Issued,No,01-31-2027
CR25000333,"SOUTH TWO SEVEN LOFTS CONDOMINIUM ASSOCIATION, INC.",3001 SW 27 AVE MIAMI FL 33133,Condominium,Issued,No,01-31-2027
CR25000334,"THE MICHELLE CONDOMINIUM ASSOCIATION, INC.",901 EUCLID AVE MIAMI BEACH FL 33139,Condominium,Issued,No,01-31-2027
CR25000335,"CREEK CLUB #3, INC.",8040 TATUM WATERWAY DR MIAMI BEACH FL 33141,Condominium,Issued,No,01-31-2027
CR25000336,"SAN LORENZO CONDOMINIUM ASSOCIATION, INC.",219 NW 12 AVE MIAMI FL 33128,Condominium,Issued,No,01-31-2027
CR25000337,"HERITAGE OF SANS SOUCI CONDOMINIUM ASSOCIATION, INC.",1725 NE 116 RD NORTH MIAMI FL 33181,Condominium,Issued,No,01-31-2027
CR25000339,"MISTY LAKE SOUTH CONDOMINIUM ASSOCIATION, INC.",515-650 SW 210 ST MIAMI GARDENS FLORIDA 33169,Condominium,Issued,No,01-31-2027
CR25000340,"RO-MONT GARDENS ANDOVER CONDOMINIUM ""L"", INC.",122 NE 204 ST MIAMI FL 33179,Homeowner,Issued,No,01-31-2027
CR25000345,"BAYSHORE PLACE CONDOMINIUM, INC.",1420 BRICKELL BAY DR MIAMI FL 33131,Condominium,Expired,Yes,01-31-2026
CR25000346,"BAIA CONDOMINIUM ASSOCIATION, INC.",930 10TH ST MIAMI BEACH FL 33139,Condominium,Issued,No,01-31-2027
CR25000347,"HALF MOON TOWERS CONDO ASSOCIATION, INC.",5055 NW 7 ST MIAMI FL 33126,Condominium,Issued,No,01-31-2027
CR25000348,"VENICE ISLE, INC.",3536 NE 168 ST NORTH MIAMI BEACH FLORIDA 33160,Condominium,Issued,No,01-31-2027
CR25000349,ELDORADO TOWERS CONDOMINIUM ASSOCIATION INC,3675 N COUNTRY CLUB DR AVENTURA FL 33180,Condominium,Issued,No,01-31-2027
CR25000351,ANDALUSIA CONDOMINIUM CORP.,6200 W FLAGLER ST MIAMI FLORIDA 33144,Condominium,Abandoned,No,
CR25000352,BENTLEY BEACH CONDOMINIUM ASSOCIATION INC.,101 OCEAN DRIVE MIAMI BEACH FL 33139,Condominium,Issued,No,01-31-2027
CR25000353,"LOFTS ON BRICKELL ""I"" CONDOMINIUM ASSOCIATION INC.",1528 BRICKELL AVENUE MIAMI FL 33129,Condominium,Issued,No,01-31-2027
CR25000354,"VILLA BILTMORE CONDOMINIUM ASSOCIATION, INC.",1228 ANASTASIA AVE CORAL GABLES FL 33146,Condominium,Issued,No,01-31-2027
CR25000355,"MANGO HILL CONDOMINIUM ASSOCIATION NO. 12, INC.",3780 W 8 LANE HIALEAH FL 33012,Condominium,Expired,No,01-31-2026
CR25000356,"LATITUDE ON THE RIVER CONDOMINIUM ASSOCIATION, INC.",185 SW 7TH STREET SUITE 1200 MIAMI FL 33130,Condominium,Issued,No,01-31-2027
CR25000357,"BELLE TOWERS CONDOMINIUM, INC",16 ISLAND AVE MIAMI BEACH FL 33139,Condominium,Issued,No,01-31-2027
CR25000358,"ANGIE I CONDOMINIUM ASSOCIATION, INC.",1311 W 44TH ST HIALEAH FL 33012,Condominium,Issued,No,01-31-2027
CR25000359,"THE OAKVIEW CONDOMINIUM ASSOCIATION NO. 4, INC.",9179 FONTAINEBLEAU BLVD MIAMI FL 33172,Condominium,Issued,No,01-31-2027
CR25000360,"QUATRAINE CONDOMINIUM II ASSOCIATION, INC",20005 NE 3RD CT MIAMI FL 33179,Condominium,Issued,No,01-31-2027
CR25000361,"ARC GROVE CONDOMINIUM ASSOCIATION, INC.",3075 VIRGINIA ST MIAMI FLORIDA 33133,Condominium,Issued,No,01-31-2027
CR25000363,ARCADIA CONDOMINIUM ASSOCIATION INC,1674 BAY RD MIAMI BEACH FL 33139,Condominium,Issued,No,01-31-2027
CR25000365,"QUATRAINE CONDOMINIUM III ASSOCIATION, INC.",20130 NE 3RD CT. MIAMI FL 33179,Condominium,Issued,No,01-31-2027
CR25000366,"411 SW 9 STREET CONDOMINIUM ASSOCIATION, INC.",411 SW 9 ST MIAMI FLORIDA 33130,Condominium,Expired,Yes,01-31-2026
CR25000367,"MEMORIAL VILLAS CONDOMINIUM ASSOCIATION, INC.",13944 NE 2ND AVE MIAMI FLORIDA 33161,Condominium,Revoked,No,01-31-2026
CR25000368,"THE 1120 ON 7TH STREET CONDOMINIUM ASSOCIATION, INC.",11 20 7TH STREET MIAMI FL 33139,Condominium,Abandoned,No,
CR25000369,"SOUTHVIEW AT AVENTURA MASTER ASSOCIATION, INC.",3400 NE 192 ST AVENTURA FLORIDA 33180,Master Association,Issued,No,01-31-2027
CR25000370,"PETER ALAN CONDOMINIUM ASSOCIATION, INC",6880 ABBOTT AVE MIAMI BEACH FL 33141,Condominium,Issued,No,01-31-2027
CR25000371,"645 MICHIGAN AVENUE CONDOMINIUM ASSOCIATION, INC.",645 MICHIGAN AVENUE MIAMI BEACH FL 33139,Condominium,Issued,No,01-31-2027
CR25000374,"LA FUENTE CONDOMINIUM , INC",9520 SW 8ST. MIAMI FLORIDA 33174,Condominium,Issued,No,01-31-2027
CR25000375,"BAHIA BISCAYNE CONDOMINIUM ASSOCIATION, INC.",471 NE 25TH STREET MIAMI FL 33137,Condominium,Issued,No,01-31-2027
CR25000376,"7149 BAY DRIVE CONDOMINIUM ASSOCIATION, INC.",7149 BAY DRIVE MIAMI BEACH FLORIDA 33141,Condominium,Issued,No,01-31-2027
CR25000377,"BEACH CLUB VILLAS CONDOMINIUM, INC.",3670 NE 167 ST NORTH MIAMI BEACH FLORIDA 33160,Condominium,Issued,No,01-31-2027
CR25000379,"BAT YAM CONDOMINIUM ASSOCIATION, INC.",7330 BYRON AVENUE MIAMI BEACH FLORIDA 33141,Condominium,Expired,Yes,01-31-2026
CR25000381,"WEST BRICKELL TOWN HOMES CONDOMINIUM ASSOCIATION,INC.",428-343 SW 10TH ST MIAMI FL 33130,Condominium,Issued,No,01-31-2027
CR25000383,MICHIGAN ART VILLA INC,840 MICHIGAN AVE MIAMI BEACH FL 33139,Condominium,Issued,No,01-31-2027
CR25000384,"610-612 MICHIGAN AVENUE, INC.",610-612 MICHIGAN AVE MIAMI BEACH FLORIDA 33139,Condominium,Issued,No,01-31-2027
CR25000386,"BRICKELL BAY TOWER CONDOMINIUM ASSOCIATION, INC.",1408 BRICKELL BAY DR MIAMI FL 33131,Condominium,Expired,Yes,01-31-2026
CR25000387,BEACH CLUB VILLAS CONDOMINIUM II INC,3937 NE 167 ST NORTH MIAMI BEACH FLORIDA 33160,Condominium,Issued,No,01-31-2027
CR25000388,2072 N E 169TH STREET CORP INC,2072 NE 169 ST NORTH MIAMI BEACH FL 33162,Condominium,Issued,No,01-31-2027
CR25000389,BEACH PLAZA SOUTH CONDOMINIUM ASSOCIATION INC.,2939 INDIAN CREEK DRIVE MIAMI BEACH FL 33140,Condominium,Expired,Yes,01-31-2026
CR25000390,EASTERN SHORES COMMUNITY APTS INC.,3741 NE 170 ST NORTH MIAMI BEACH FLORIDA 33160,Cooperative,Issued,No,01-31-2027
CR25000392,"PELICAN LANDING CONDOMINIUM ASSOCIATION, INC.",4000 NE 168 ST NORTH MIAMI BEACH FLORIDA 33160,Condominium,Issued,No,01-31-2027
CR25000393,"ENCLAVE ON THE BAY CONDOMINIUM ASSOCIATION, INC.",1990 BAY DR MIAMI BEACH FL 33141,Condominium,Expired,Yes,01-31-2026
CR25000395,"FLAMINGO WAVE CONDOMINIUM OF MIAMI BEACH, INC.",844-846 JEFFERSON AVENUE MIAMI BEACH FL 33139,Condominium,Issued,No,01-31-2027
CR25000396,"SHOMA HOMES AT COUNTRY CLUB OF MIAMI CONDOMINIUM ASSOCIATION, INC.",7250 NW 177 ST HIALEAH FLORIDA 33015,Condominium,Issued,No,01-31-2027
CR25000398,ROMONT SOUTH GREEN COMMUNITY ASSOCIATION INC,20110 NE 2ND AVENUE MIAMI GARDENS FL 33179,Condominium,Issued,No,01-31-2027
CR25000399,"GOLF RIDGE VILLAS CONDOMINIUM UNIT E, INC.",NORTHWEST MIAMI DADE MIAMI GARDENS FLORIDA 33169,Condominium,Issued,No,01-31-2027
CR25000400,"LENOX COURTYARD CONDOMINIUM ASSOCIATION, INC.",822 LENOX AVENUE MIAMI BEACH FLORIDA 33139,Condominium,Expired,Yes,01-31-2026
CR25000401,"ROYAL PALM VILLAS CONDOMINIUM ASSOCIATION, INC.",1821 JEFFERSON AVENUE MIAMI BEACH FL 33139,Condominium,Issued,No,01-31-2027
CR25000402,"BRAVURA I CONDOMINIUM ASSOCIATION, INC.",3201 N COUNTRY CLUB DR AVENTURA FLORIDA 33180,Condominium,Closed,No,01-31-2026
CR25000403,"BLUE GALEON CONDOMINIUM ASSOCIATION, INC.",753 NW 3 ST MIAMI FL 33128,Condominium,Issued,No,01-31-2027
CR25000404,"RIVER POINT CONDOMINIUM ASSOCIATION, INC.",103 NW 6 AVE MIAMI FLORIDA 33128,Condominium,Issued,No,01-31-2027
CR25000405,"MELROSE POINT AT EDEN LAKES HOMEOWNERS ASSOCIATION, INC",16280 SW 46TH TERR MIAMI FL 33185,Homeowner,Issued,No,01-31-2027
CR25000406,"VENICE ARMS, INC.",1810-1820 VENICE PARK DRIVE NORTH MIAMI FL 33181,Cooperative,Issued,No,01-31-2027
CR25000408,MONTEREY MASTER OWNERS' ASSOCIATION OF DADE COUNTY,57 AVE NW 189 ST MIAMI FL 33055,Homeowner,Issued,No,01-31-2027
CR25000409,"BILTMORE CLUB VILLAS TOWNHOUSES CONDOMINIUM ASSOCIATION, INC.",2409 NW 11TH STREET MIAMI FLORIDA 33125,Condominium,Expired,Yes,01-31-2026
CR25000411,"MELROSE PARC AT EDEN LAKES HOMEOWNERS ASSOCIATION, INC",16530 SW 47TH TERR MIAMI FL 33185,Homeowner,Issued,No,01-31-2027
CR25000412,1035 MERIDIAN CONDOMINIUM INCORPORATED,1035 MERIDIAN AVENUE MIAMI BEACH FL 33139,Condominium,Issued,No,01-31-2027
CR25000413,"LAGO GRANDE FIVE-B CONDOMINIUM ASSOCIATION, INC",6520 W. 24TH COURT HIALEAH FL 33016,Homeowner,Issued,No,01-31-2027
CR25000414,"PARK CORNER CONDO ASSOCIATION, INC.",1135 MERIDIAN AVENUE MIAMI BEACH FL 33139,Condominium,Issued,No,01-31-2027
CR25000415,"CENTRE COURT AT KENDALL CONDOMINIUM ASSOCIATION, INC.",8334 SW 154 AVENUE MIAMI FL 33193,Condominium,Issued,No,01-31-2027
CR25000416,"THREE SEASONS ASSOCIATION NO. 2, INC.",16400 NE 17 AVE NORTH MIAMI BEACH FL 33162,Condominium,Issued,No,01-31-2027
CR25000417,"TURNBERRY ON THE GREEN CONDOMINIUM ASSOCIATION, INC.",19501 W COUNTRY CLUB DR AVENTURA FL 33180,Condominium,Issued,No,01-31-2027
CR25000418,"THREE SEASONS ASSOCIATION NO. 3, INC.",16410 MIAMI DR NORTH MIAMI BEACH FL 33162,Condominium,Issued,No,01-31-2027
CR25000420,"NORTHLAKE VILLAGE AT THE CALIFORNIA CLUB CONDOMINIUM ASSOCIATION, INC.",760 NE 199 ST MIAMI FL 33179,Condominium,Issued,No,01-31-2027
CR25000422,"FOUNTAINVIEW ASSOCIATION, INC.,A CONDOMINIUM",16701 NE 14 AVE NORTH MIAMI BEACH FL 33162,Condominium,Issued,No,01-31-2027
CR25000424,"2908 ROYAL PALM CONDOMINIUM ASSOCIATION, INC",2908 ROYAL PALM AVENUE MIAMI BEACH FL 33140,Condominium,Expired,Yes,01-31-2026
CR25000425,"THE GARDENS AT KENDALE LAKES CONDOMINIUM ASSOCIATION, INC.",8000 SW 152 AVE MIAMI FLORIDA 33193,Condominium,Issued,No,01-31-2027
CR25000426,"TAMIAMI VILLAGE CONDOMINIUM ASSOCIATION, INC.",1001 SW 105 AVE MIAMI FL 33174,Condominium,Issued,No,01-31-2027
CR25000427,"5050 CONDOMINIUM ASSOCIATION, INC.",5050 NW 7 STREET MIAMI FLORIDA 33126,Condominium,Issued,No,01-31-2027
CR25000428,"SUNSHINE MIAMI CONDOMINIUM ASSOCIATION, INC.",1234 NW 4TH ST MIAMI FLORIDA 33125,Condominium,Issued,No,01-31-2027
CR25000429,BUNGALOW SIX CONDOMINIUM ASSOCIATION INC.,932 SW 6TH STREET MIAMI FLORIDA 33130,Condominium,Issued,No,01-31-2027
CR25000431,"SUNRISE GARDENS ASSOCIATION, INC.",519 SW 2 ST MIAMI FLORIDA 33130,Condominium,Issued,No,01-31-2027
CR25000432,"VILLAS OF WEST MIAMI CONDOMINIUM ASSOCIATION, INC.",6550 SW 12TH STREET MIAMI FL 33144,Condominium,Issued,No,01-31-2027
CR25000433,"EL PRADO XIV CONDOMINIUM ASSOCIATION, INC.",3375 W 76 ST HIALEAH FLORIDA 33018,Condominium,Issued,No,01-31-2027
CR25000434,"TARACOMO TOWNHOMES CONDOMINIUM ASSOCIATION, INC.",13755 SW 84TH STREET MIAMI FL 33183,Condominium,Issued,No,01-31-2027
CR25000435,"GROVE PALMS II CONDOMINIUM ASSICIATION, INC.",3051 SW 27TH AVE MIAMI FL 33133,Condominium,Issued,No,01-31-2027
CR25000436,"LITTLE HAVANA TOWNHOMES SOUTH CONDO ASSOCIATION, INC",902 SW 7 AVE MIAMI FL 33130,Homeowner,Issued,No,01-31-2027
CR25000437,"FOUNTAINVIEW ASSOCIATION, INC. #4, A CONDOMINIUM",1460 NE 169 ST N MIAMI BEACH FL 33162,Condominium,Issued,No,01-31-2027
CR25000438,"LAGO GRANDE THREE-A CONDOMINIUM ASSOCIATION, INC.",6520 W 24TH CT HIALEAH FL 33016,Condominium,Issued,No,01-31-2027
CR25000439,"TAHITI AT DOWNTOWN DORAL HOMEOWNERS ASSOCIATION, INC.",4651 NW 82 AVENUE DORAL FL 33166,Homeowner,Issued,No,01-31-2027
CR25000441,"LAGO GRANDE FOUR CONDOMINIUMS ASSOCIATION, INC.",6520 W 24 CT HIALEAH FL 33016,Condominium,Issued,No,01-31-2027
CR25000442,"AMELIA PARK CONDOMINIUM ASSOCIATION, INC.",275 W 68TH STREET MIAMI LAKES FL 33016,Homeowner,Expired,Yes,01-31-2026
CR25000443,"LAGO GRANDE FIVE-C CONDOMINIUM ASSOCIATION, INC.",6520 W 24TH CT HIALEAH FL 33016,Condominium,Issued,No,01-31-2027
CR25000444,"CARMEL LAKES CONDOMINIUM NO. 8 ASSOCIATION, INC.",20731 NE 4 PL MIAMI FLORIDA 33179,Condominium,Expired,Yes,01-31-2026
CR25000445,"MIAMI PARADISE CONDOMINIUM ASSOCIATION, INC.",495 NW 72ND AVE MIAMI FL 33126,Condominium,Issued,No,01-31-2027
CR25000448,VICTORY CONDOMINIUM ASSOCIATION INC.,734 MERIDIAN AVE MIAMI BEACH FL 33139,Condominium,Issued,No,01-31-2027
CR25000449,"THE ROOSEVELT CONDOMINIUM ASSOCIATION, INC.",1255 PENNSYLVANIA AVE MIAMI BEACH FL 33139,Condominium,Issued,No,01-31-2027
CR25000450,"VERABELLA FALLS CONDOMINIUM ASSOCIATION, INC.",8225 SW 152 AVE MIAMI FL 33193,Condominium,Issued,No,01-31-2027
CR25000453,"760 CONDOMINIUM ASSOCIATION OF MIAMI BEACH, INC.",760 JEFFERSON AVE MIAMI BEACH FL 33139,Condominium,Issued,No,01-31-2027
CR25000454,"LAGO GRANDE THREE CONDOMINIUMS ASSOCIATION, INC.",6520 W. 24TH CT HIALEAH FL 33016,Condominium,Issued,No,01-31-2027
CR25000455,"115 SUNRISE A CONDOMINIUM ASSOCIATION, INC.",115 SUNRISE DR KEY BISCAYNE FL 33149,Condominium,Expired,Yes,01-31-2026
CR25000456,"LAGO GRANDE SEVEN CONDOMINIUM ASSOCIATION, INC.",6520 W 24 COURT HIALEAH FL 33016,Condominium,Issued,No,01-31-2027
CR25000457,"GAYE APARTMENTS, INC.",8035 BYRON AVE MIAMI BEACH FL 33141,Condominium,Issued,No,01-31-2027
CR25000459,"KOYA BAY TOWNHOMES ASSOCIATION, INC.",4000-4018 NE 167TH STREET NORTH MIAMI BEACH FL 33160,Homeowner,Issued,No,01-31-2027
CR25000460,"BAYVIEW POINT SOUTH CONDOMINIUM ASSOCIATION, INC.",3601 NE 170 ST NORTH MIAMI BEACH FLORIDA 33160,Condominium,Issued,No,01-31-2027
CR25000461,"TUDOR HOUSE CONDOMINIUM ASSOCIATION, INC.",7845 NE BAYSHORE CT MIAMI FL 33138,Condominium,Issued,No,01-31-2027
CR25000462,"THE LAKESHORE COMMUNITY ASSOCIATION, INC.",1270 S. FRANKLIN AVENUE HOMESTEAD FLORIDA 33034,Master Association,Issued,No,01-31-2027
CR25000463,"LAKESHORE 1 CONDOMINIUM ASSOCIATION, INC.",1270 S. FRANKLIN AVENUE HOMESTEAD FLORIDA 33034,Condominium,Issued,No,01-31-2027
CR25000464,"LAKESHORE 2 CONDOMINIUM ASSOCIATION, INC.",1270 S. FRANKLIN AVENUE HOMESTEAD FL 33034,Condominium,Issued,No,01-31-2027
CR25000465,"SALZEDO MANOR, A CONDOMINIUM ASSOCIATION, INC.",1110 SALZEDO STREET CORAL GABLES FL 33134,Condominium,Issued,No,01-31-2027
CR25000466,"LAKESHORE 3 CONDOMINIUM ASSOCIATION, INC.",1270 S. FRANKLIN AVENUE HOMESTEAD FL 33034,Condominium,Issued,No,01-31-2027
CR25000467,"LAGO GRANDE HOMEOWNERS ASSOCIATION, INC.",6520 W 24 CT HIALEAH FL 33016,Master Association,Issued,No,01-31-2027
CR25000473,"COLONY CONDOMINIUM CORPORATION, INC.",2623 NW 24 ST MIAMI FL 33142,Condominium,Issued,No,01-31-2027
CR25000474,"COUNTRY CLUB ESTATES AT AVENTURA MAINTENANCE ASSOCIATION, INC.",19902 E COUNTRY CLUB DR AVENTURA FL 33180,Homeowner,Issued,No,01-31-2027
CR25000477,LAKESHORE 5 CONDOMINIUM ASSOCIATION INC,1270 S. FRANKLIN AVENUE HOMESTEAD FL 33034,Condominium,Issued,No,01-31-2027
CR25000478,"VIZCAYA HEIGHTS CONDOMINIUM, INC.",3001 SW 1 AVENUE MIAMI FLORIDA 33129,Condominium,Issued,No,01-31-2027
CR25000479,"HABITAT VILLAS COMMUNITY ASSOCIATION, INC.",20261 SW 122 CT E MIAMI FLORIDA 33177,Homeowner,Issued,No,01-31-2027
CR25000483,LAKESHORE 8 CONDOMINIUM ASSOCIATION INC,1270 S. FRANKLIN AVENUE HOMESTEAD FL 33034,Condominium,Issued,No,01-31-2027
CR25000490,"MIAMI LAKES LOCH ISLE HOMEOWNERS' ASSOCIATION, INC.",15314 LOCH ISLE DRIVE EAST MIAMI LAKES FL 33014,Homeowner,Issued,No,01-31-2027
CR25000495,LAKESHORE 10 CONDOMINIUM ASSOCIATION INC,1270 S. FRANKLIN AVENUE HOMESTEAD FL 33034,Condominium,Issued,No,01-31-2027
CR25000497,LAKESHORE 4 CONDOMINIUM ASSOCIATION INC,1270 S. FRANKLIN AVENUE HOMESTEAD FLORIDA 33034,Condominium,Issued,No,01-31-2027
CR25000499,"LAKESHORE 6 CONDOMINIUM ASSOCIATION, INC.",1270 S FRANKLIN AVE HOMESTEAD FLORIDA 33034,Condominium,Issued,No,01-31-2027
CR25000500,LAKESHORE 9 CONDOMINIUM ASSOCIATION INC,1270 S. FRANKLIN AVENUE HOMESTEAD FLORIDA 33034,Condominium,Issued,No,01-31-2027
CR25000501,"LAKESHORE 11 CONDOMINIUM ASSOCIATION, INC.",1270 S FRANKLIN AVE HOMESTEAD FL 33034,Condominium,Issued,No,01-31-2027
CR25000502,"THE IBIZA APARTMENTS CONDOMINIUM ASSOCIATION, INC",832 15TH ST MIAMI BEACH FLORIDA 33139,Condominium,Issued,No,01-31-2027
CR25000503,"DOUGLAS PLACE RESIDENTIAL CONDOMINIUM ASSOCIATION, INC.",2501 SW 37 DOUGLAS ROAD MIAMI FL 33133,Condominium,Issued,No,01-31-2027
CR25000504,"WESTLAND PLAZA GARDENS CONDOMINIUM, INC.",1300 W 53 ST HIALEAH FL 33012,Condominium,Expired,Yes,01-31-2026
CR25000505,"LA MIRAGE OF HARBOR VILLAGE CONDOMINIUM ASSOCIATION, INC.",21135 HELMSMAN DR O-11 AVENTURA FL 33180,Condominium,Issued,No,01-31-2027
CR25000506,"FLAMINGO LAKE ASSOCIATION, INC.",1665 W 72 ST HIALEAH FL 33014,Homeowner,Issued,No,01-31-2027
CR25000508,"ANDALUSIA CONDOMINIUM ASSOCIATION, INC.",100 ANDALUSIA AVE CORAL GABLES FL 33134,Condominium,Issued,No,01-31-2027
CR25000509,"SEACOAST CONDOMINIUM, INC.",8217 ABBOTT AVE MIAMI BEACH FL 33141,Condominium,Issued,No,01-31-2027
CR25000510,"CONDOMINIUM ""F"" ASSOCIATION AT MEDITERRANEA, INC.",341/343 IVES DAIRY ROAD MIAMI FL 33179,Condominium,Issued,No,01-31-2027
CR25000512,"BEACH MANOR CONDOMINIUM, INC.",345 MICHIGAN AVE MIAMI BEACH FLORIDA 33139,Condominium,Issued,No,01-31-2027
CR25000513,"LAS BRISAS OF MIAMI BEACH CONDOMINIUM ASSOCIATION, INC.",630 85TH MIAMI BEACH FLORIDA 33141,Condominium,Issued,No,01-31-2027
CR25000515,"ESPANOLA WAY VILLAS CONDOMINIUM ASSOCIATION, INC.",717 ESPANOLA WAY MIAMI BEACH FL 33139,Condominium,Issued,No,01-31-2027
CR25000516,"CONDOMINIUM ""B"" ASSOCIATION AT MEDITERRANEA, INC.",323/337 IVES DAIRY ROAD MIAMI FL 33179,Condominium,Issued,No,01-31-2027
CR25000517,"TIGER'S PAW CONDOMINIUM ASSOCIATION, INC.",2768 DAY AVE MIAMI FLORIDA 33133,Homeowner,Issued,No,01-31-2027
CR25000518,250 WYNWOOD CONDOMINIUM ASSOCIATION INC.,250 NW 24TH STREET MIAMI FL 33169,Condominium,Issued,No,01-31-2027
CR25000519,"BELLA VISTA HOMES 120 CONDOMINIUM ASSOCIATION, INC",4412 W 12 LANE HIALEAH FL 33012,Condominium,Issued,No,01-31-2027
CR25000520,"CONDOMINIUM A ASSOCIATION AT MEDITERRANEA, INC.",333/335 IVES DAIRY ROAD MIAMI FL 33179,Condominium,Issued,No,01-31-2027
CR25000521,"TEE TIME CONDOMINIUM ASSOCIATION, INC.",315 SOUTH SHORE DR MIAMI BEACH FL 33140,Condominium,Issued,No,01-31-2027
CR25000522,"141 SOUTH SHORE DRIVE CONDOMINIUM, INC.",141 SOUTH SHORE DR MIAMI BEACH FL 33141,Condominium,Issued,No,01-31-2027
CR25000523,"THE ARMSTRONG CONDOMINIUM ASSOCIATION, INC.",1225-1227-1229 EUCLID AVENUE MIAMI BEACH FL 33139,Condominium,Issued,No,01-31-2027
CR25000525,"FOURTH MOORINGS CONDOMINIUM, INC.",1481 NE MIAMI GARDENS DR MIAMI FL 33179,Condominium,Issued,No,01-31-2027
CR25000526,"HEMINGWAY VILLA CONDOMINIUM OWNERS ASSOCIATION, INC.",9375 SW 40TH TERR MIAMI BEACH FL 33165,Condominium,Issued,No,01-31-2027
CR25000527,"NINE45 JEFFERSON CONDOMINIUM ASSOCIATION, INC.",945 JEFFERSON AVE MIAMI BEACH FL 33139,Condominium,Issued,No,01-31-2027
CR25000528,"MEDITERRANEA HOMEOWNERS' ASSOCIATION, INC.",333 IVES DAIRY RD MIAMI FL 33179,Homeowner,Issued,No,01-31-2027
CR25000530,"8000 CONDOMINIUM, INC.",8000 HARDING AVE MIAMI BEACH FL 33141,Condominium,Issued,No,01-31-2027
CR25000532,"WESTVIEW VILLAS-II CONDOMINIUM ASSOCIATION, INC.",7020 W 35 AVE HIALEAH FL 33018,Condominium,Issued,No,01-31-2027
CR25000533,"RIVERVIEW CONDOMINIUM, INC.",7801 NE 4TH CT MIAMI FL 33138,Condominium,Issued,No,01-31-2027
CR25000534,"MADRID TERRACE CONDOMINIUM ASSOCIATION, INC.",6820 W FLAGLER ST MIAMI FL 33144,Condominium,Rejected,No,
CR25000535,"MIRASSOU CONDOMINIUM ASSOCIATION, INC.",6185 NW 186TH STREET HIALEAH FLORIDA 33015,Condominium,Issued,No,01-31-2027
CR25000536,"LAGO DEL REY CONDOMINIUM ASSOCIATION, INC.",3690 SW 109 AVE MIAMI FLORIDA 33165,Condominium,Issued,No,01-31-2027
CR25000537,"RIVERBREEZES OF MIAMI CONDOMINIUM ASSOCIATION, INC.",835 NW 2 ST MIAMI FL 33128,Condominium,Issued,No,01-31-2027
CR25000538,"POINCIANA POINTE HOMEOWNERS' ASSOCIATION, INC.",8701 SW 5TH TER MIAMI FL 33174,Homeowner,Issued,No,01-31-2027
CR25000539,"GABLES POINT II CONDOMINIUM ASSOCIATION, INC",6800 SW 45 LN MIAMI FL 33155,Condominium,Issued,No,01-31-2027
CR25000540,"ARBOUR TOWNHOUSE CONDOMINIUM ASSOCIATION, SECTION II, INC.",300 NE 141 STREET MIAMI FLORIDA 33161,Condominium,Expired,Yes,01-31-2026
CR25000541,"WYNWOOD LOFTS CONDOMINIUM ASSOCIATION, INC.",250 NW 23 STREET MIAMI FL 33127,Condominium,Issued,No,01-31-2027
CR25000542,"COCO IBIZA VILLAS CONDOMINIUM ASSOCIATION, INC.",3356 BIRD AVE MIAMI FL 33133,Condominium,Issued,No,01-31-2027
CR25000545,"GABLES NORTH CONDOMINIUM ASSOCIATION, INC.",234 ANTIQUERA AVENUE CORAL GABLES FL 33134,Condominium,Issued,No,01-31-2027
CR25000546,"HIDEAWAY COVE CONDOMINIUM ASSOCIATION, INC.",3318 DAY AVENUE MIAMI FL 33133,Condominium,Issued,No,01-31-2027
CR25000547,"CUTLER GARDENS HOMEOWNERS ASSOCIATION, INC.",20000 SW 123RD DR MIAMI FLORIDA 33177,Homeowner,Issued,No,01-31-2027
CR25000550,"SCHOONER PORT CONDOMINIUM ASSOCIATION, INC.",2679 TIGERTAIL AVE MIAMI FL 33133,Condominium,Issued,No,01-31-2027
CR25000551,"GOLF RIDGE VILLAS CONDOMINIUM UNIT D, INC.",20400 NW 7TH AVENUE MIAMI FL 33169,Condominium,Issued,No,01-31-2027
CR25000554,"32 FLAGLER CONDOMINIUM ASSOCIATION, INC.",3201 W FLAGLER STREET MIAMI FL 33135,Condominium,Issued,No,01-31-2027
CR25000555,"ANGIE II CONDOMINIUM ASSOCIATION, INC.",1321 W 44 ST HIALEAH FL 33012,Condominium,Issued,No,01-31-2027
CR25000556,"GROOVER VILLAS HOME OWNERS ASSOCIATION, INC.",7822 SW 99 ST MIAMI FL 33156,Homeowner,Issued,No,01-31-2027
CR25000557,SOUTH SHORE YACHT AND GOLF CLUB II CONDOMINIUM INC.,NORMANDY ISLE MIAMI BEACH FLORIDA 33141,Condominium,Issued,No,01-31-2027
CR25000558,"1121 MADRUGA AVENUE CONDOMINIUM ASSOCIATION, INC.",1121 MADRUGA AVENUE CORAL GABLES FL 33146,Condominium,Issued,No,01-31-2027
CR25000559,"ROYAL CARIBBEAN CLUB CONDOMINIUM, INC.","1150 MADRUGA AVE CORAL GABLES, FL FLORIDA 33146",Condominium,Issued,No,01-31-2027
CR25000561,"SUN ISLE CONDOMINIUM ASSOCIATION, INC.",990 BIARRITZ DR MIAMI BEACH FL 33141,Condominium,Issued,No,01-31-2027
CR25000562,"THE TWELVE CONDOMINIUM ASSOCIATION, INC",950 NW 11 ST MIAMI FL 33136,Condominium,Issued,No,01-31-2027
CR25000566,GOLDEN DREAMS CONDOMINIUM ASSOCIATION INC.,65 WASHINGTON AVE MIAMI BEACH FL 33139,Condominium,Issued,No,01-31-2027
CR25000567,"FOUNTAINVIEW MANOR CONDOMINIUM, INC.",940-950 SEVILLAA AVE CORAL GABLES FL 33134,Condominium,Issued,No,01-31-2027
CR25000568,"THE AXIS ON BRICKELL MASTER ASSOCIATION, INC.",79 SW 12 STREET MIAMI FL 33130,Condominium,Issued,No,01-31-2027
CR25000569,"THE AXIS ON BRICKELL CONDOMINIUM ASSOCIATION, INC.",79 SW 12 ST MIAMI FL 33130,Condominium,Issued,No,01-31-2027
CR25000570,GREEN OAKS I CONDOMINIUM ASSOCIATION CORP,2281 W 53 PL MIAMI FL 33187,Condominium,Expired,Yes,01-31-2026
CR25000571,"BOSTON PLAZA CONDOMINIUM ASSOCIATION, INC.",6801 INDIAN CREEK DR MIAMI BEACH FL 33141,Condominium,Issued,No,01-31-2027
CR25000572,"RIVERSIDE GARDENS ASSOCIATION, INC.",PO BOX 14125 MIAMI FLORIDA 33101,Condominium,Expired,Yes,01-31-2026
CR25000573,"FOUNTAINVIEW ASSOCIATION, INC. #5, A CONDOMINIUM",16800 NORTHEAST 15TH AVENUE NORTH MIAMI BEACH FL 33162,Condominium,Issued,No,01-31-2027
CR25000574,"ALTOS DEL MAR CONDOMINIUM ASSOCIATION, INC.",7728 ABBOTT AVE MIAMI BEACH FL 33141,Condominium,Issued,No,01-31-2027
CR25000576,"BANYAN TREE HOMEOWNERS ASSOCIATION, INC.",9736 HAMMOCKS BLVD MIAMI FL 33196,Homeowner,Issued,No,01-31-2027
CR25000577,"BAY HOUSE CONDOMINIUM, INC.",1662 LINCOLN CT MIAMI BEACH FL 33139,Condominium,Issued,No,01-31-2027
CR25000578,"ENCLAVE SHORES CONDOMINIUM ASSOCIATION, INC.",3755 NE 163 ST NORTH MIAMI BEACH FL 33160,Condominium,Issued,No,01-31-2027
CR25000579,"QUANTUM ON THE BAY MASTER ASSOCIATION, INC.",1900 N BAYSHORE DRIVE MIAMI FL 33122,Master Association,Issued,No,01-31-2027
CR25000580,"MARINER VILLAGE TOWNHOUSE CONDOMINIUM ASSOCIATION, INC.",20907 LEEWARD CT AVENTURA FL 33180,Condominium,Issued,No,01-31-2027
CR25000581,"RO-MONT GARDENS ANDOVER CONDOMUNIUM ""C"", INC",15 NW 204 TH ST MIAMI GARDENS FL 33169,Condominium,Expired,Yes,01-31-2026
CR25000582,"TROPIC FAIR CONDOMINIUMS ASSOCIATION, INC.",4500 SW 67 AVE MIAMI FL 33155,Condominium,Issued,No,01-31-2027
CR25000584,"RO-MONT GARDENS, ANDOVER CONDOMINIUM ""A"", INC.",101 NW 204 ST MIAMI FL 33169,Condominium,Issued,No,01-31-2027
CR25000587,"THE ASTON CONDOMINIUM ASSOCIATION, INC.",3000 SW 22 ND ST MIAMI FL 33145,Condominium,Issued,No,01-31-2027
CR25000588,"915 BUILDING, INC.",915 JEFFERSON AVE MIAMI BEACH FLORIDA 33139,Condominium,Issued,No,01-31-2027
CR25000591,"MIAMI LAKES LOCH ANDREWS HOMEOWNERS' ASSOCIATION, INC.",7278 BEDLINGTON ROAD MIAMI LAKES FL 33014,Homeowner,Issued,No,01-31-2027
CR25000592,"ATRIUM IN THE GROVE CONDOMINIUM ASSOCIATION, INC.",3049 R ORANGE ST. MIAMI FLORIDA 33133,Condominium,Issued,No,01-31-2027
CR25000593,"BRICKELL ROADS TOWNHOUSE CONDOMINIUM ASSOCIATION, INC.",240 SW 15 ROAD MIAMI FLORIDA 33129,Condominium,Issued,No,01-31-2027
CR25000594,"BELLA MAJORCA CONDOMINIUM ASSOCIATION, INC.",318 MAJORCA AVE CORAL GABLES FL 33134,Condominium,Issued,No,01-31-2027
CR25000595,"THE HENDERSON CONDOMINIUM ASSOCIATION, INC.",1051-1061 EUCLID AVENUE MIAMI BEACH FL 33139,Condominium,Abandoned,No,
CR25000596,"BLOSSOMS AT THE HAMMOCKS CONDOMINIUM ASSOCIATION, INC.",10000 HAMMOCKS BLVD MIAMI FL 33196,Condominium,Issued,No,01-31-2027
CR25000597,"CASABLANCA CONDOMINIUM ASSOCIATION OF MIAMI BEACH, INC.",6345 COLLINS AVE MIAMI FL 33141,Condominium,Issued,No,01-31-2027
CR25000598,"KENLAND WALK CONDOMINIUM II,INC",8999 SW 123 CT MIAMI FL 33186,Condominium,Issued,No,01-31-2027
CR25000599,"MARINA REAL CONDOMINIUM NO. 2 ASSOCIATION, INC.",12307 NW 11 ST MIAMI FLORIDA 33182,Condominium,Issued,No,01-31-2027
CR25000600,"MARINA REAL CONDOMINIUM NO. 3 ASSOCIATION, INC.",12301 NW 7TH LN MIAMI FLORIDA 33182,Condominium,Issued,No,01-31-2027
CR25000601,"PUERTO BELLO CONDOMINIUM NO.3 ASSOCIATION, INC.",12534 NW 11 LANE MIAMI FLORIDA 33182,Condominium,Issued,No,01-31-2027
CR25000602,"VILLA REAL CONDOMINIUM NO. 3 ASSOCIATION, INC.",1170 NW 124 PATH MIAMI FLORIDA 33182,Condominium,Issued,No,01-31-2027
CR25000603,"VILLA REAL CONDOMINIUM NO. 5 ASSOCIATION, INC.",12301 NW 7TH LN MIAMI FL 33182,Condominium,Issued,No,01-31-2027
CR25000604,"VILLA REAL CONDOMINIUM NO. 6 ASSOCIATION, INC.",1128 NW 125 PL MIAMI FL 33182,Condominium,Issued,No,01-31-2027
CR25000605,"VILLA REAL CONDOMINIUM NO. 7 ASSOCIATION, INC.",1150 NW 125 PATH MIAMI FLORIDA 33182,Condominium,Issued,No,01-31-2027
CR25000606,"300 BISCAYNE BOULEVARD WAY CONDOMINIUM ASSOCIATION, INC.",300 BISCAYNE BLVD WAY MIAMI FLORIDA 33131,Condominium,Issued,No,01-31-2027
CR25000607,"LAKE ARBOR VILLAGE HOMEOWNER'S ASSOCIATION UNIT SIX, INC.",19538 NW 50 COURT MIAMI FLORIDA 33055,Homeowner,Issued,No,01-31-2027
CR25000608,"GREEN HILLS PARK WEST NO. 5, INC.",17070 SW 112 CT MIAMI FLORIDA 33157,Condominium,Issued,No,01-31-2027
CR25000609,"921 JEFFERSON AVE. ASSOC., INC.",921 JEFFERSON AVE MIAMI BEACH FL 33139,Condominium,Issued,No,01-31-2027
CR25000610,"AZURE LAKE CONDOMINIUM ASSOCIATION, INC.",875 NE 195TH ST MIAMI FLORIDA 33179,Condominium,Issued,No,01-31-2027
CR25000611,"TESORO AT FOREST LAKES HOMEOWNERS ASSOCIATION, INC.",163 AVE SW 96 TERR MIAMI FL 33196,Homeowner,Issued,No,01-31-2027
CR25000612,"SHORES PLAZA WEST CONDOMINIUM, INC.",645 NE 92ND STR MIAMI SHORES FL 33138,Condominium,Issued,No,01-31-2027
CR25000613,"VILLAGIO AT PALMETTO BAY CONDOMINIUM ASSOCIATION, INC.",14500 SW 88 AVE. MIAMI FLORIDA 33176,Condominium,Issued,No,01-31-2027
CR25000614,"734 MICHIGAN CONDOMINIUM ASSOCIATION, INC.",734 MICHIGAN AVENUE MIAMI BEACH FLORIDA 33132,Homeowner,Issued,No,01-31-2027
CR25000617,"ROND POINT CONDOMINIUM ASSOCIATION, INC.",7800 COLLINS AVE MIAMI BEACH FL 33141,Condominium,Issued,No,01-31-2027
CR25000618,"CARLTON BAY CONDOMINIUM ASSOCIATION, INC.",2821 NE 163 ST NORTH MIAMI BEACH FORIDA 33160,Condominium,Issued,No,01-31-2027
CR25000619,"THE GABLES BATH CLUB APARTMENTS, INC.",700 CORAL WAY CORAL GABLES FL 33134,Condominium,Issued,No,01-31-2027
CR25000620,"VALLEYS OF KENDALL HOMEOWNERS ASSOCIATION, INC.",11600 AVE & 90 TER MIAMI FL 33176,Homeowner,Issued,No,01-31-2027
CR25000621,"THE WHITE HOUSE CONDOMINIUM ASSOCIATION, INC.","13700 NE 6 AVE MIAMI, FL 33186 FL 33186",Condominium,Issued,No,01-31-2027
CR25000622,"OASIS ON THE BEACH CONDOMINIUM ASSOCIATION, INC.",8335-8401 CRESPI BLVD MIAMI BEACH FL 33141,Condominium,Issued,No,01-31-2027
CR25000623,"THE NETHERLAND OF SOUTH BEACH CONDOMINIUM ASSOCIATION, INC.",1330 OCEAN DRIVE MIAMI BEACH FL 33139,Condominium,Issued,No,01-31-2027
CR25000625,"TREEHOUSE TOWNHOUSE ASSOCIATION, INC.",3050 SW 27TH AVE MIAMI FL 33133,Condominium,Issued,No,01-31-2027
CR26000001,"HIBISCUS GARDENS CONDOMINIUM ASSOCIATION, INC",3065 HIBISCUS ST MIAMI FLORIDA 33133,Homeowner,Issued,No,01-31-2027
CR26000003,"RETREAT AT DREXEL CONDOMINIUM ASSOCIATION, INC.",1330-1340 DREXEL AVE MIAMI BEACH FL 33351,Condominium,Issued,No,01-31-2027
CR26000007,"SEA BREEZE NEIGHBORHOOD ASSOCIATION, INC.",268 ST & SW 121 CT HOMESTEAD FL 33032,Homeowner,Issued,No,01-31-2027
CR26000009,"LUMINARA HOMEOWNERS ASSOCIATION, INC.",138 AVE & SW 261 TR HOMESTEAD FL 33032,Homeowner,Issued,No,01-31-2027
CR26000011,WILDWOOD GROVES HOMEOWNERS ASSOCIATION INC.,SW 272 ST AND SW 162 AVE MIAMI FLORIDA 33031,Homeowner,Issued,No,01-31-2027
CR26000014,"THE GARDENS OF KENDALL SOUTH PROPERTY OWNERS ASSOCIATION, INC.",10805 SW 112 AVE MIAMI FL 33176,Master Association,Issued,No,01-31-2027
CR26000015,"THE MANSION TOWN HOUSE CONDOMINIUM, INC.",15135 NE 6 AVE MIAMI FLORIDA 33162,Condominium,In Progress,No,
CR26000016,"THREE SEASONS ASSOCIATION NO. 1, INC.",16450 MIAMI DRIVE NORTH MIAMI BEACH APT. 203 FL 33162,Condominium,Issued,No,01-31-2027
CR26000018,"RIVER VIEW VILLAS CONDOMINIUM ASSOCIATION, INC.",3801 INDIAN CREEK DR MIAMI BEACH FL 33140,Condominium,Issued,No,01-31-2027
CR26000019,"OCEAN PARK CONDOMINIUM ASSOCIATION, INC.",6450 COLLINS AVE MIAMI BEACH FLORIDA 33141,Condominium,Issued,No,01-31-2027
CR26000020,"GALAPAGOS AT ISLANDS AT DORAL NEIGHBORHOOD ASSOCIATION, INC.",7843 NW 112TH PL DORAL FLORIDA 33172,Homeowner,Issued,No,01-31-2027
CR26000021,"PALM GARDEN OF SOUTH BEACH CONDOMINIUM ASSOCIATION, INC.",752-760 MERIDIAN AVE MIAMI BEACH FL 33139,Condominium,Issued,No,01-31-2027
CR26000027,"MYSTIC FOREST III HOMEOWNERS ASSOCIATION, INC.",7938 SW 120 AVE MIAMI FL 33183,Homeowner,Issued,No,01-31-2027
CR26000031,"CALIZA TOWNHOUSES AT SILVER GROVE HOMEOWNERS' ASSOCIATION, INC.",2507 SW 27 ST MIAMI FL 33133,Homeowner,Issued,No,01-31-2027
CR26000035,"VILLAGES OF MULGOBA CONDOMINIUM ASSOCIATION, INC.",6955 W 7 AVE HIALEAH FL 33014,Condominium,Issued,No,01-31-2027
CR26000043,"OLIVE IN THE GROVE CONDO ASSOCIATION, INC.",3080 INDIANA ST MIAMI FL 33133,Condominium,Issued,No,01-31-2027
CR26000045,"PRINCETONIAN BY THE PARK HOMEOWNERS' ASSOCIATION, INC.",12821 SW 248 TER HOMESTEAD FL 33032,Homeowner,Issued,No,01-31-2027
CR26000048,"TOWN PARK PLAZA NORTH CONDOMINIUM ASSOCIATION, INC.",1945 NW 5TH PL MIAMI FL 33136,Condominium,Issued,No,01-31-2027
CR26000049,EASTERN SHORES MANOR CONDOMINIUM ASSOCIATION INC,16851 NE 35 AVE NORTH MIAMI BEACH FL 33160,Condominium,Issued,No,01-31-2027
CR26000050,"VIVANT CONDOMINIUM NO. 1 ASSOCIATION, INC.",15581 SW 280 ST HOMESTEAD FLORIDA 33031,Condominium,Issued,No,01-31-2027
CR26000052,"VIVANT HOMEOWNERS ASSOCIATION, INC.",27725 SW 155TH AVE HOMESTEAD FLORIDA 33031,Homeowner,Issued,No,01-31-2027
CR26000054,"LE JEUNE GARDENS HOMEOWNERS ASSOCIATION, INC.",NW 183ST & NW42ND AVE MIAMI GARDENS FL 33055,Homeowner,Issued,No,01-31-2027
CR26000057,"CENTURY LAKES HOMES ASSOCIATION, INC",SW 61ST LANE AND SW 166TH COURT MIAMI FL 33193,Homeowner,Issued,No,01-31-2027
CR26000058,"ALBA HOMEOWNERS ASSOCIATION, INC.",1100 W PALM DRIVE HOMESTEAD FL 33034,Homeowner,Issued,No,01-31-2027
CR26000059,"STONEYBROOK AT COUNTRY WALK HOMEOWNERS ASSOCIATION, INC,",SW 144TH TERRACE AND SW 137TH PLACE MIAMI FL 33186,Homeowner,Issued,No,01-31-2027
CR26000060,"BOHEME CONDOMINIUM ASSOCIATION, INC.",1075 W 68 STREET HIALEAH FL 33014,Condominium,Issued,No,01-31-2027
CR26000064,"GILLER APARTMENTS CONDOMINIUM ASSOCIATION, INC",3929 GARDEN AVENUE MIAMI BEACH FLORIDA 33140,Condominium,Issued,No,01-31-2027
CR26000066,THE BENNET HOMEOWNERS' ASSOCIATION INC.,501 NE 61ST STREET MIAMI FL 33137,Homeowner,Issued,No,01-31-2027
CR26000067,"580 72ND STREET CONDOMINIUM ASSOCIATION, INC.",580 72ND STREET MIAMI BEACH FL 33141,Condominium,Issued,No,01-31-2027
CR26000071,"WESTLAND PARK CONDOMINIUM ASSOCIATION, INC., # 2",1780 W 60 ST HIALEAH FL 33012,Condominium,Issued,No,01-31-2027
CR26000073,"AVELLA PARK HOMEOWNERS' ASSOCIATION, INC.",HOMESTEAD HOMESTEAD FLORIDA 33034,Homeowner,In Progress,No,
CR26000074,"SHOMA HOMES AT FOREST LAKE HOMEOWNERS' ASSOCIATION, INC.",9501 SW 163TH CT MIAMI FL 33196,Homeowner,Issued,No,01-31-2027
CR26000075,"BAY GARDENS HOMEOWNERS' ASSOCIATION, INC.",VICINITY OF 12121 SW 248 TER HOMESTEAD FL 33032,Homeowner,In Progress,No,
CR26000076,"LENNAR AT FOREST LAKES TOWNHOMES ASSOCIATION, INC.",VICINITY OF 10166 SW 162 CT MIAMI FL 33196,Homeowner,In Progress,No,
CR26000082,"VILLAGE OF DORAL DUNES ASSOCIATION, INC.",10200 NW 43RD TERRACE DORAL FLORIDA 33178,Homeowner,Issued,No,01-31-2027
CR26000083,"BRYNWOOD CONDOMINIUM, INC.",1330 NE 105TH ST #302 MIAMI SHORES FL 33138,Condominium,Issued,No,01-31-2027
CR26000088,"SPINNAKER BAY AT THE WATERWAYS CONDOMINIUM ASSOCIATION, INC.",21055 NE 34TH AVENUE AVENTURA FL 33180,Condominium,Issued,No,01-31-2027
CR26000090,"CAZADORES SOUTH HOMEOWNER'S ASSOCIATION, INC.",17081 SW 137 PL MIAMI FL 33177,Homeowner,Issued,No,01-31-2027
CR26000091,"501 FIRST RESIDENCES CONDOMINIUM ASSOCIATION, INC.",121 NE 5TH STREET MIAMI FL 33132,Condominium,Issued,No,01-31-2027
CR26000095,"BUCKLEY TOWERS CONDOMINIUM, INC.",1301 NE MIAMI GARDENS DRIVE MIAMI FLORIDA 33179,Condominium,In Progress,No,
CR26000097,"ALICANTE AT ALTAMIRA NEIGHBORHOOD ASSOCIATION, INC.",2455 SE 23 RD HOMESTEAD FLORIDA 33035,Homeowner,Issued,No,01-31-2027
CR26000098,"CALIFORNIA CLUB HOMES, HOME OWNERS' ASSOCIATION, INC.",13155 NE 10CT. RD MIAMI FL 33179,Homeowner,Issued,No,01-31-2027
CR26000099,"SILVER PALMS HOMEOWNERS ASSOCIATION,INC.",SW 103 RD PLACE MIAMI FL 33165,Homeowner,Issued,No,01-31-2027
CR26000114,"WESTLAND VILLAGE V, LLC",5400 W 20 AVE HIALEAH FL 33016,Condominium,Issued,No,01-31-2027
CR26000115,"COUNTRY CLUB EAST TOWN HOMES ASSOCIATION, INC.",17050 NW 56 CT MIAMI GARDENS FL 33055,Condominium,Issued,No,01-31-2027
CR26000116,"THE FOUR STAR CONDOMINIUM ASSOCIATION, INC",1370 W 44 ST HIALEAH FL 33012,Condominium,Issued,No,01-31-2027
CR26000118,"THE WOODLANDS OF MIAMI HOMEOWNERS ASSOCIATION, INC.",16384 SW 44 WAY MIAMI FL 33185,Homeowner,Issued,No,01-31-2027
CR26000119,"SERENITY COMMUNITY ASSOCIATION, INC.",15950 SW 136 TER MIAMI FL 33196,Homeowner,Issued,No,01-31-2027
CR26000121,"VISIONS AT FOUNTAINBLEAU PARK I, CONDOMINIUM ASSOCIATION, INC.",8500 NW 8 ST MIAMI FL 33126,Condominium,Issued,No,01-31-2027
CR26000125,VILLA BLANC CONDOMINIUM ASSOCIATION INC.,315 SANTADER AVE CORAL GABLES FL 33134,Condominium,Issued,No,01-31-2027
CR26000126,"DISTRICT 225 CONDOMINIUM ASSOCIATION, INC.",225 NORTH MIAMI AVE MIAMI FLORIDA 33128,Condominium,Issued,No,01-31-2027
CR26000129,"PARK PLACE VILLAS COMMUNITY ASSOCIATION, INC.",12301 NW 7 LN MIAMI FL 33182,Homeowner,Issued,No,01-31-2027
CR26000130,"KENLAND WALK PROPERTY OWNER'S ASSOCIATION, INC.",8955 SW 123 CT MIAMI FL 33186,Homeowner,Issued,No,01-31-2027
CR26000131,"MILLER DREAMS TOWNHOMES CONDOMINIUM ASSOCIATION, INC.",13200 SW 58 TER MIAMI FL 33183,Condominium,Issued,No,01-31-2027
CR26000132,OLAS AZULES CONDOMINIUM ASSOCIATION INC.,"980 NE 170TH ST, NORTH MIAMI BEACH, FL 33162 NORTH MIAMI FL 33162",Condominium,Issued,No,01-31-2027
CR26000133,"EMERSON HOUSE CONDOMINIUM, INC.",1575 WEST AVE MIAMI BEACH FLORIDA 33139,Condominium,Issued,No,01-31-2027
CR26000134,"IMPERIAL LAKE MASTER HOMEOWNERS ASSOCIATION, INC",12301 NW 7 LANE MIAMI FL 33182,Master Association,Issued,No,01-31-2027
CR26000135,"SOLEIL AT FOUNTAINBLEAU CONDOMINIUM ASSOCIATION, INC.",9721 SW FOUNTAINBLEAU BLVD MIAMI FL 33172,Condominium,Issued,No,01-31-2027
CR26000136,QUAD CONDOMINIUM CORP,8125 CRESPI BLVD MIAMI BEACH FL 33141,Condominium,In Progress,No,
CR26000138,"VITA AT GROVE ISLE CONDOMINIUM ASSOCIATION, INC.",5 GROVE ISLE DR MIAMI FLORIDA 33133,Condominium,Issued,No,01-31-2027
CR26000139,"SHERITA CONDOMINIUM ASSOCIATION, INC",1840 JAMES AVE MIAMI BEACH FL 33139,Condominium,Issued,No,01-31-2027
CR26000141,"THE FOUNTAINS OF SOUTH MIAMI CONDOMINIUM ASSOCIATION, INC",5801 SW 74 TER SOUTH MIAMI FL 33143,Condominium,Issued,No,01-31-2027
CR26000144,FOREST GREEN CONDOMINIUM ASSOCIATION INC.,14030 NE 3 COURT 6 FL 33161 MIAMI FL 33161,Condominium,Issued,No,01-31-2027
CR26000146,"LAKE FOREST PARK MASTER CONDOMINIUM ASSOCIATION, INC.",6201 SW 131 PL MIAMI FL 33183,Master Association,Issued,No,01-31-2027
CR26000148,"TREASURE OF KENDALL CONDOMINIUM II ASSOCIATION, INC.",136 AVE SW 62 ST MIAMI FL 33183,Condominium,Issued,No,01-31-2027
CR26000149,"COUNTRY CLUB OF MIAMI CONDOMINIUM, INC.",2083 WEST 76 STREET HIALEAH FLORIDA 33016,Condominium,Issued,No,01-31-2027
CR26000151,"DELVISTA CONDOMINIUM ASSOCIATION, INC.",20481 NE 34TH COURT AVENTURA FL 33180,Homeowner,Issued,No,01-31-2027
CR26000154,THE SKYLARK CONDOMINIUM ASSOCIATION INC.,865 COLLINS AVE MIAMI BEACH FL 33139,Condominium,In Progress,No,
CR26000155,"CENTER GROVE VILLAS CONDOMINIUM ASSOCIATION, INC.",3042 CENTER STREET MIAMI FL 33133,Condominium,Issued,No,01-31-2027
CR26000163,"MI PRIMERA ILUSION CONDOMINIUM ASSOCIATION, INC.",502 SW 18 AVENUE MIAMI FL 33135,Condominium,In Progress,No,
CR26000164,"MARBELLA CONDOMINIUM ASSOCIATION AT 8TH AVENUE, INC.",12890 NE 8TH AVE NORTH MIAMI FLORIDA 33161,Condominium,Issued,No,01-31-2027
CR26000166,BISCAYNE BEACH CLUB CONDOMINIUM ASSOCIATION,15600 SW 104TH TERRACE MIAMI FLORIDA 33196,Condominium,Issued,No,01-31-2027
CR26000167,"SPARROW WOODS TOWNHOUSE CONDOMINIUM ASSOCIATION, INC",2356 WEST 53 TERRACE HIALEAH FL 33016,Condominium,Issued,No,01-31-2027
CR26000168,"VIEW AT DORAL CONDOMINIUM ASSOCIATION, INC.",8300 NW 58TH STREET DORAL FL 33166,Condominium,Issued,No,01-31-2027
CR26000169,"ALTAMIRA MASTER ASSOCIATION, INC.",2455 SE 23 RD HOMESTEAD FLORIDA 33035,Master Association,Issued,No,01-31-2027
CR26000170,"LAGOS AT ALTAMIRA NEIGHBORHOOD ASSOCIATION, INC.",2455 SE 23 RD HOMESTEAD FLORIDA 33035,Homeowner,Issued,No,01-31-2027
CR26000171,"CARLYLE PLAZA, INC.",7620 CARLYLE AVE MIAMI BEACH FLORIDA 33141,Condominium,Issued,No,01-31-2027
CR26000172,"COLONIAL APARTMENTS CONDOMINIUM ASSOCIATION, INC",1085 W 68 STREET HIALEAH FL 33014,Condominium,Issued,No,01-31-2027
CR26000174,"BRICKELL SHORES CONDOMINIUM, INC.",1440 BRICKELL BAY DR MIAMI FLORIDA 33131,Condominium,Issued,No,01-31-2027
CR26000175,"THE 1120 ON 7TH STREET CONDOMINIUM ASSOCIATION, INC.",1120 7TH STREET MIAMI BEACH FLORIDA 33139,Condominium,Issued,No,01-31-2027
CR26000176,PORTUGAL TOWERS CONDOMINIUM ASSOCIATION INC,3200 COLLINS AVE MIAMI BEACH FL 33140,Condominium,In Progress,No,
CR26000177,"THE TOWERS OF WESTLAND CONDOMINIUM ASSOCIATION, INC.",4400 W 19 CT HIALEAH FLORIDA 33016,Condominium,In Progress,No,
CR26000179,"LEE MANOR CONDOMINIUM ,INC",1725 JAMES AVE MIAMI BEACH FLORIDA 33139,Condominium,Issued,No,01-31-2027
CR26000180,"MIAMI LAKES WINDMILL GATE HOMEOWNER'S ASSOCIATION, INC.",WINDMILL GATE ROAD & NW 67TH AVE MIAMI LAKES FL 33014,Homeowner,Issued,No,01-31-2027
CR26000181,"SEVILLE PLACE CONDOMINIUM, INC",8200 NW 191 LANE MIAMI FL 33015,Condominium,Issued,No,01-31-2027
CR26000183,"AMALFI IN THE GABLES, INC.",1405 GALIANO STREET CORAL GABLES FL 33134,Condominium,Issued,No,01-31-2027
CR26000186,"SHORES VILLAS CONDOMINIUM ASSOCIATION, INC.",8901 NE 4TH AVENUE ROAD MIAMI SHORES FL 33138,Condominium,Issued,No,01-31-2027
CR26000187,"PALM COVE EXECUTIVE HOMES HOMEOWNERS' ASSOCIATION, INC.",1427 SE 24 PL HOMESTEAD FL 33035,Homeowner,Issued,No,01-31-2027
CR26000188,"PALM BREEZE EXECUTIVE TOWNHOMES HOMEOWNERS' ASSOCIATION, INC.",1427 SE 24 PL HOMESTEAD FL 33035,Homeowner,Issued,No,01-31-2027
CR26000189,"HELEN MANOR CONDOMINIUM ASSOCIATION, INC.",7409 BRYON AVE MIAMI BEACH FL 33141,Condominium,Issued,No,01-31-2027
CR26000191,MICHIGAN OWNER'S ASSOCIATION INC.,1618 MICHIGAN AVE MIAMI BEACH FL 33139,Condominium,Issued,No,01-31-2027
CR26000192,"EASTERN MARINE CONDOMINIUM ASSOCIATION, INC.",3885 NE 168TH STREET NORTH MIAMI BEACH FL 33160,Condominium,Issued,No,01-31-2027
CR26000193,"EL VERONESE CONDOMINIUM ASSOCIATION, INC.",700 LENOX AVE MIAMI BEACH FL 33139,Condominium,Issued,No,01-31-2027
CR26000194,"THE OAKVIEW CONDOMINIUM NO. 5 ASSOCIATION, INC.",9203 FONTAINEBLEAU BLVD MIAMI FL 33172,Condominium,In Progress,No,
CR26000195,"AUSTRAL GIFFORD CONDOMINIUM ASSOCIATION, INC.",3268 GIFFORD LN MIAMI FL 33133,Condominium,Issued,No,01-31-2027
CR26000196,"TRACY CONDOMINIUM, INC",3000 BIRD AVE MIAMI FL 33133,Condominium,In Progress,No,
CR26000197,"MARILILLI CONDOMINIUM ASSOCIATION, INC.",2304 W 53RD STREET HIALEAH FL 33016,Condominium,Issued,No,01-31-2027
CR26000198,"RIOPLAZA CONDOMINIUM SOUTH ASSOCIATION, INC.",546 SW 1ST STREET MIAMI FLORIDA 33130,Condominium,Issued,No,01-31-2027
CR26000199,"GOLF RIDGE VILLAS CONDOMINIUM UNIT B, INC.",20500 NW 7TH AVE #3 MIAMI FL 33169,Condominium,Issued,No,01-31-2027
CR26000200,"RALPH PLAZA II CONDOMINIUM ASSOCIATION, INC.",3817 NW 17 MIAMI FL 33142,Condominium,Issued,No,01-31-2027
CR26000202,"EL VICENTIN CONDOMINIUM ASSOCIATION, INC.",1021 EUCLID AVE MIAMI BEACH FL 33139,Condominium,Issued,No,01-31-2027
CR26000203,"EL PALMAR CONDOMINIUM ASSOCIATION, INC.",17101 NW 57 AVE MIAMI GARDENS FL 33055,Condominium,Issued,No,01-31-2027
CR26000207,"LIDO BAY LODGE ASSOCIATION, INC",1600 NE 114TH STREET MIAMI FL 33181,Condominium,Issued,No,01-31-2027
CR26000208,"GALLOWAY LAKEFRONT CONDOMINIUM ASSOCIATION, INC.",20850 SW 87 AVE APT 101 MIAMI FL 33189,Condominium,Issued,No,01-31-2027
CR26000209,"THE GREENS AT THE CALIFORNIA CLUB HOMEOWNERS' ASSOCIATION, INC.",684 NE 195TH ST MIAMI FL 33179,Homeowner,Issued,No,01-31-2027
CR26000211,"THE JASMINE CONDOMINIUM ASSOCIATION, INC",2615 COLLINS AVE APT 31 MIAMI BEACH FLORIDA 33140,Condominium,Issued,No,01-31-2027
CR26000212,"WESTLAND VILLAGE CONDOMINIUM II ASSOCIATION, INC",W 52ND ST/W 66TH PL HIALEAH FL 33016,Homeowner,Issued,No,01-31-2027
CR26000213,"GOLDEN TOWERS, INC.",15610 NE 6TH AVE MIAMI FL 33162,Cooperative,In Progress,No,
CR26000215,"WESTCHESTER TERRACE CONDOMINIUM ASSOCIATION, INC.",8701 SW 12 ST MIAMI FLORIDA 33174,Condominium,In Progress,No,
CR26000216,"EL SEVILLANITO TOWNHOMES CONDOMINIUM ASSOCIATION, INC.",5960 W 18TH AVE HIALEAH FL 33012,Condominium,Issued,No,01-31-2027
CR26000218,"NORMANDY SHORES YACHT AND COUNTRY CLUB PART II, INC.",110 SOUTH SHORE DRIVE MIAMI BEACH FL 33141,Condominium,Issued,No,01-31-2027
CR26000219,"EL PADOVAN CONDOMINIUM ASSOCIATION, INC.",1518 DREXEL AVE MIAMI BEACH FL 33139,Condominium,Issued,No,01-31-2027
CR26000220,"THE WOODLANDS TOWNHOUSE CONDOMINIUM ASSOCIATION, INC.",14351 MEMORIAL HWY MIAMI FL 33161,Condominium,Issued,No,01-31-2027
CR26000223,COLONIAL COURT INC,1471 NE 170 ST NORTH MIAMI BEACH FL 33162,Condominium,Issued,No,01-31-2027
CR26000224,"THE PINEAPPLE CONDOMINIUM ASSOCIATION, INC.",653 MICHIGAN AVENUE MIAMI BEACH FL 33139,Condominium,In Progress,No,
CR26000225,"THE HENDERSON CONDOMINIUM ASSOCIATION, INC.",1051-1061 EUCLID AVENUE MIAMI BEACH FL 33139,Condominium,In Progress,No,
CR26000226,ALHAMBRA SEVEN CONDOMINIUM ASSOCIATION INC,5255 WEST 26 AVE #12 HIALEAH FLORIDA 33016,Condominium,Issued,No,01-31-2027
CR26000227,"PROMENADE AT KENDALE LAKES CONDOMINIUM, INC",14325 SW 88 ST MIAMI FL 33186,Condominium,In Progress,No,
CR26000228,"PALMA DEL LAGO HOMEOWNERS ASSOCIATION, INC",8502 NW 162 ND ST MIAMI LAKES FLORIDA 33016,Homeowner,In Progress,No,01-31-2027
CR26000229,"BAYLOFTS CONDOMINIUM ASSOCIATION, INC.",455 NE 25 STREET MIAMI FL 33137,Condominium,Issued,No,01-31-2027
CR26000231,"QUASAR TWIN HOMES CONDOMINIUM ASSOCIATION, INC.",5200 W 24 CT HIALEAH FL 33016,Condominium,In Progress,No,
CR26000233,"TURNBERRY VILLAGE SOUTH TOWER CONDOMINIUM ASSOCIAATION, INC.",19900 E COUNTRY CLUB DRIVE AVENTURA FL 33180,Condominium,Issued,No,01-31-2027
CR26000234,"MELROSE APARTMENTS I CONDOMINIUM ASSOCIATION, INC.",2536 NW 24 ST MIAMI FL 33142,Condominium,In Progress,No,
CR26000235,"THE GARDENS CONDOMINIUM (MIA) ASSOCIATION, INC.",8045 NW 7 STREET MIAMI FLORIDA 33126,Condominium,In Progress,No,
CR26000237,LOS BELLOS JARDINES CONDO ASSN,5841 W 26 AVE HIALEAH FL 33016,Condominium,In Progress,No,
CR26000238,"BRICKELL PARK I CONDOMINIUM ASSOCIATION, INC",1611 SW 2ND. AVE MIAMI FL 33129,Condominium,In Progress,No,
CR26000239,THE BILTMORE AT CORAL LAKES HOMEOWNERS,280 NW 85TH CT MIAMI FL 33126,Homeowner,In Progress,No,
